/*******************************************************************************
 * Size: 16 px
 * Bpp: 4
 * Opts: --font /Users/luffydz/Desktop/ai passport/assets/fonts/SourceHanSansCN-Medium.otf --size 16 --bpp 4 --format lvgl --no-compress --lv-font-name lv_font_sans_16 --lv-include lvgl.h --force-fast-kern-format --symbols  !"#%&'()*+,-./0123456789:;<=>?ABCDEFGHIJKLMNOPQRSTUVWXYZ[\]_abcdefghijklmnopqrstuvwxyz{|}·…一丁三上下不与丑世丙业中为之乎乙九乾事二五亥亮今他份休位使偏健兄克兑入六其内几出初制前力动助劲势勾午卜占卦卯即取受变可周和囚四回围土在坎坤壬外头妻姻子孙学宅安官宫害家寅尊局居展己已巳巽平年应底庚康开弟弱当很得心念情感戊戌所手扶择按摇效数断施无日旬旺易月有期木未末本朱松极果此武死母比气水求没泄火父爻玄生用甲申界癸白盘相确神离移程空算结缘翻考耗至致艮节范萌蓄虎蛇螣行表解认设试话调象财费起超足辛辞辰迁运近退选酉金错长阻陈雀震青静音页顺首鬼默龙， -o /Users/luffydz/Desktop/ai passport/ui/fonts/lv_font_sans_16.c
 ******************************************************************************/

#ifdef LV_LVGL_H_INCLUDE_SIMPLE
#include "lvgl.h"
#else
#include "lvgl.h"
#endif

#ifndef LV_FONT_SANS_16
#define LV_FONT_SANS_16 1
#endif

#if LV_FONT_SANS_16

/*-----------------
 *    BITMAPS
 *----------------*/

/*Store the image of the glyphs*/
static LV_ATTRIBUTE_LARGE_CONST const uint8_t glyph_bitmap[] = {
    /* U+0020 " " */

    /* U+0021 "!" */
    0x2f, 0xa2, 0xf9, 0x1f, 0x90, 0xf8, 0xf, 0x80,
    0xf7, 0xf, 0x60, 0xe6, 0x3, 0x10, 0x73, 0x5f,
    0xd2, 0xe9,

    /* U+0022 "\"" */
    0x9f, 0x41, 0xfd, 0x8f, 0x40, 0xfc, 0x7f, 0x30,
    0xfb, 0x5f, 0x10, 0xd9, 0x3f, 0x0, 0xb7, 0x0,
    0x0, 0x0,

    /* U+0023 "#" */
    0x0, 0xf, 0x10, 0xa7, 0x0, 0x2, 0xf0, 0xc,
    0x50, 0x0, 0x4d, 0x0, 0xf3, 0x0, 0xff, 0xff,
    0xff, 0xf9, 0x3, 0xaa, 0x36, 0xf3, 0x20, 0xa,
    0x70, 0x4d, 0x0, 0x0, 0xc6, 0x6, 0xb0, 0x5,
    0xff, 0xff, 0xff, 0xf3, 0x13, 0xf5, 0x3b, 0x93,
    0x0, 0x1f, 0x0, 0xc6, 0x0, 0x3, 0xe0, 0xe,
    0x40, 0x0, 0x5c, 0x0, 0xf2, 0x0,

    /* U+0025 "%" */
    0x3, 0xcf, 0xa1, 0x0, 0x2, 0xe1, 0x0, 0x0,
    0xe8, 0x2c, 0x90, 0x0, 0xa7, 0x0, 0x0, 0x4f,
    0x0, 0x6f, 0x0, 0x3e, 0x0, 0x0, 0x6, 0xf0,
    0x4, 0xf0, 0xb, 0x60, 0x0, 0x0, 0x4f, 0x0,
    0x5f, 0x4, 0xd0, 0x0, 0x0, 0x1, 0xf6, 0xb,
    0xa0, 0xc5, 0x9, 0xec, 0x30, 0x5, 0xef, 0xc1,
    0x5c, 0x9, 0xc2, 0x7e, 0x0, 0x0, 0x10, 0xd,
    0x40, 0xf6, 0x0, 0xf4, 0x0, 0x0, 0x6, 0xb0,
    0xf, 0x40, 0xe, 0x60, 0x0, 0x0, 0xe3, 0x0,
    0xf6, 0x0, 0xf5, 0x0, 0x0, 0x7a, 0x0, 0x9,
    0xc2, 0x8e, 0x0, 0x0, 0x1e, 0x20, 0x0, 0x1a,
    0xfd, 0x30,

    /* U+0026 "&" */
    0x0, 0x9, 0xee, 0x70, 0x0, 0x0, 0x9, 0xf7,
    0x9f, 0x30, 0x0, 0x0, 0xeb, 0x1, 0xf5, 0x0,
    0x0, 0xd, 0xc0, 0x8f, 0x10, 0x0, 0x0, 0x9f,
    0xaf, 0x50, 0x0, 0x0, 0x6, 0xff, 0x30, 0x0,
    0x86, 0x6, 0xfe, 0xf6, 0x0, 0x3f, 0x72, 0xfc,
    0xb, 0xf5, 0xa, 0xf1, 0x6f, 0x60, 0x1c, 0xfa,
    0xf7, 0x4, 0xf8, 0x0, 0xd, 0xff, 0x20, 0xd,
    0xfa, 0x7b, 0xfd, 0xff, 0x90, 0x19, 0xef, 0xc7,
    0x2, 0xaa,

    /* U+0027 "'" */
    0x9f, 0x48, 0xf4, 0x7f, 0x35, 0xf1, 0x3f, 0x0,
    0x0,

    /* U+0028 "(" */
    0x0, 0x0, 0x0, 0x8a, 0x1, 0xf5, 0x8, 0xe0,
    0xe, 0x90, 0x2f, 0x50, 0x5f, 0x20, 0x7f, 0x0,
    0x8f, 0x0, 0x8f, 0x0, 0x7f, 0x0, 0x5f, 0x20,
    0x2f, 0x50, 0xe, 0x90, 0x8, 0xe0, 0x2, 0xf5,
    0x0, 0x9b, 0x0, 0x0,

    /* U+0029 ")" */
    0x0, 0x0, 0x1, 0xe3, 0x0, 0xb, 0xc0, 0x0,
    0x4f, 0x30, 0x0, 0xe9, 0x0, 0xa, 0xd0, 0x0,
    0x7f, 0x0, 0x5, 0xf2, 0x0, 0x4f, 0x30, 0x4,
    0xf3, 0x0, 0x5f, 0x20, 0x7, 0xf0, 0x0, 0xad,
    0x0, 0xe, 0x90, 0x3, 0xf3, 0x0, 0xac, 0x0,
    0x1f, 0x40, 0x0, 0x0, 0x0,

    /* U+002A "*" */
    0x0, 0xb, 0x60, 0x0, 0x42, 0xc8, 0x33, 0xb,
    0xff, 0xff, 0x80, 0x8, 0xff, 0x30, 0x1, 0xe8,
    0xbb, 0x0, 0x6, 0x1, 0x50,

    /* U+002B "+" */
    0x0, 0x0, 0x30, 0x0, 0x0, 0x0, 0x2f, 0x40,
    0x0, 0x0, 0x2, 0xf4, 0x0, 0x0, 0x0, 0x3f,
    0x40, 0x0, 0x6f, 0xff, 0xff, 0xff, 0x81, 0x33,
    0x5f, 0x73, 0x32, 0x0, 0x2, 0xf4, 0x0, 0x0,
    0x0, 0x2f, 0x40, 0x0, 0x0, 0x2, 0xf4, 0x0,
    0x0,

    /* U+002C "," */
    0x0, 0x40, 0xa, 0xf9, 0x7, 0xfd, 0x0, 0x9b,
    0x4, 0xf5, 0xe, 0x70, 0x0, 0x0,

    /* U+002D "-" */
    0x1, 0x11, 0x13, 0xff, 0xff, 0x14, 0x44, 0x40,

    /* U+002E "." */
    0x27, 0x1b, 0xf7, 0x7e, 0x40,

    /* U+002F "/" */
    0x0, 0x0, 0x8c, 0x0, 0x0, 0xc7, 0x0, 0x1,
    0xf3, 0x0, 0x5, 0xe0, 0x0, 0xa, 0xa0, 0x0,
    0xe, 0x50, 0x0, 0x3f, 0x10, 0x0, 0x8c, 0x0,
    0x0, 0xc7, 0x0, 0x1, 0xf3, 0x0, 0x6, 0xe0,
    0x0, 0xa, 0x90, 0x0, 0xe, 0x50, 0x0, 0x3f,
    0x0, 0x0, 0x8c, 0x0, 0x0, 0x54, 0x0, 0x0,

    /* U+0030 "0" */
    0x0, 0x3b, 0xfc, 0x40, 0x0, 0x3f, 0xd8, 0xdf,
    0x40, 0xa, 0xf2, 0x1, 0xfc, 0x0, 0xfc, 0x0,
    0xa, 0xf1, 0x1f, 0x90, 0x0, 0x7f, 0x33, 0xf8,
    0x0, 0x6, 0xf5, 0x3f, 0x80, 0x0, 0x6f, 0x51,
    0xf9, 0x0, 0x8, 0xf3, 0xf, 0xc0, 0x0, 0xaf,
    0x10, 0x9f, 0x20, 0x1f, 0xb0, 0x2, 0xfd, 0x8d,
    0xf4, 0x0, 0x3, 0xbf, 0xc4, 0x0,

    /* U+0031 "1" */
    0x3, 0x9f, 0xc0, 0x0, 0x2f, 0xff, 0xc0, 0x0,
    0x1, 0x2f, 0xc0, 0x0, 0x0, 0xf, 0xc0, 0x0,
    0x0, 0xf, 0xc0, 0x0, 0x0, 0xf, 0xc0, 0x0,
    0x0, 0xf, 0xc0, 0x0, 0x0, 0xf, 0xc0, 0x0,
    0x0, 0xf, 0xc0, 0x0, 0x0, 0xf, 0xc0, 0x0,
    0x58, 0x8f, 0xe8, 0x80, 0x9f, 0xff, 0xff, 0xf1,

    /* U+0032 "2" */
    0x1, 0x9d, 0xfb, 0x30, 0x2, 0xee, 0x99, 0xff,
    0x20, 0x8, 0x10, 0x5, 0xf9, 0x0, 0x0, 0x0,
    0x1f, 0xb0, 0x0, 0x0, 0x3, 0xf9, 0x0, 0x0,
    0x0, 0x9f, 0x40, 0x0, 0x0, 0x2f, 0xc0, 0x0,
    0x0, 0x1d, 0xf2, 0x0, 0x0, 0xc, 0xf5, 0x0,
    0x0, 0xb, 0xf7, 0x0, 0x0, 0xc, 0xfd, 0x78,
    0x88, 0x24, 0xff, 0xff, 0xff, 0xf4,

    /* U+0033 "3" */
    0x1, 0x9d, 0xfc, 0x60, 0x0, 0xde, 0x99, 0xef,
    0x60, 0x2, 0x10, 0x4, 0xfb, 0x0, 0x0, 0x0,
    0x2f, 0xb0, 0x0, 0x2, 0x4c, 0xe3, 0x0, 0x1,
    0xff, 0xf3, 0x0, 0x0, 0x5, 0x7d, 0xf5, 0x0,
    0x0, 0x0, 0xe, 0xf0, 0x0, 0x0, 0x0, 0xaf,
    0x20, 0x90, 0x0, 0xe, 0xf0, 0x4f, 0xea, 0x8d,
    0xf8, 0x0, 0x3a, 0xdf, 0xc6, 0x0,

    /* U+0034 "4" */
    0x0, 0x0, 0x4f, 0xf2, 0x0, 0x0, 0xd, 0xff,
    0x20, 0x0, 0x7, 0xfb, 0xf2, 0x0, 0x1, 0xfb,
    0x8f, 0x20, 0x0, 0x9f, 0x39, 0xf2, 0x0, 0x3f,
    0x90, 0x9f, 0x20, 0xc, 0xe1, 0x9, 0xf2, 0x5,
    0xf7, 0x11, 0xaf, 0x31, 0xaf, 0xff, 0xff, 0xff,
    0xa3, 0x44, 0x44, 0xbf, 0x63, 0x0, 0x0, 0x9,
    0xf2, 0x0, 0x0, 0x0, 0x9f, 0x20,

    /* U+0035 "5" */
    0x4, 0xff, 0xff, 0xfb, 0x0, 0x5f, 0xa8, 0x88,
    0x60, 0x6, 0xf3, 0x0, 0x0, 0x0, 0x8f, 0x20,
    0x0, 0x0, 0x9, 0xfc, 0xfe, 0x90, 0x0, 0x5c,
    0x65, 0xbf, 0x90, 0x0, 0x0, 0x0, 0xef, 0x0,
    0x0, 0x0, 0xa, 0xf3, 0x0, 0x0, 0x0, 0xbf,
    0x10, 0x90, 0x0, 0x2f, 0xe0, 0x4f, 0xea, 0x9e,
    0xf4, 0x0, 0x3a, 0xdf, 0xc4, 0x0,

    /* U+0036 "6" */
    0x0, 0x8, 0xde, 0xb4, 0x0, 0xb, 0xfb, 0x9d,
    0xe0, 0x5, 0xf9, 0x0, 0x2, 0x0, 0xcf, 0x10,
    0x0, 0x0, 0xe, 0xc0, 0x0, 0x0, 0x1, 0xfa,
    0x7e, 0xfc, 0x30, 0x1f, 0xfb, 0x56, 0xee, 0x0,
    0xfb, 0x0, 0x8, 0xf4, 0xd, 0xc0, 0x0, 0x5f,
    0x60, 0x7f, 0x20, 0x8, 0xf3, 0x1, 0xee, 0x79,
    0xfb, 0x0, 0x1, 0xae, 0xe9, 0x0,

    /* U+0037 "7" */
    0x3f, 0xff, 0xff, 0xff, 0x51, 0x88, 0x88, 0x8e,
    0xf2, 0x0, 0x0, 0x4, 0xf7, 0x0, 0x0, 0x0,
    0xdc, 0x0, 0x0, 0x0, 0x5f, 0x50, 0x0, 0x0,
    0xb, 0xe0, 0x0, 0x0, 0x1, 0xfa, 0x0, 0x0,
    0x0, 0x5f, 0x70, 0x0, 0x0, 0x8, 0xf4, 0x0,
    0x0, 0x0, 0xaf, 0x20, 0x0, 0x0, 0xc, 0xf1,
    0x0, 0x0, 0x0, 0xdf, 0x0, 0x0,

    /* U+0038 "8" */
    0x0, 0x5c, 0xfd, 0x70, 0x0, 0x4f, 0xc6, 0x9f,
    0x70, 0xa, 0xf1, 0x0, 0xdd, 0x0, 0x9f, 0x0,
    0xa, 0xd0, 0x3, 0xfa, 0x11, 0xe7, 0x0, 0x6,
    0xff, 0xdb, 0x0, 0x2, 0xd9, 0xaf, 0xe3, 0x0,
    0xdb, 0x0, 0x3e, 0xf1, 0x3f, 0x70, 0x0, 0x7f,
    0x52, 0xf9, 0x0, 0x8, 0xf4, 0xa, 0xf9, 0x59,
    0xfc, 0x0, 0x7, 0xdf, 0xd9, 0x10,

    /* U+0039 "9" */
    0x0, 0x8d, 0xeb, 0x20, 0x0, 0x9f, 0xa7, 0xde,
    0x20, 0x1f, 0xb0, 0x1, 0xfa, 0x4, 0xf7, 0x0,
    0xa, 0xf0, 0x3f, 0xa0, 0x0, 0x9f, 0x10, 0xef,
    0x42, 0x8f, 0xf3, 0x3, 0xef, 0xfb, 0x9f, 0x20,
    0x0, 0x21, 0xa, 0xf0, 0x0, 0x0, 0x0, 0xed,
    0x0, 0x10, 0x0, 0x6f, 0x60, 0xd, 0xe9, 0xaf,
    0xd0, 0x0, 0x3b, 0xed, 0x90, 0x0,

    /* U+003A ":" */
    0x6e, 0x3b, 0xf7, 0x27, 0x10, 0x0, 0x0, 0x0,
    0x0, 0x27, 0x1b, 0xf7, 0x7e, 0x40,

    /* U+003B ";" */
    0x6, 0xe3, 0xb, 0xf7, 0x2, 0x71, 0x0, 0x0,
    0x0, 0x0, 0x0, 0x0, 0x0, 0x40, 0xa, 0xf9,
    0x7, 0xfd, 0x0, 0x9b, 0x4, 0xf5, 0xe, 0x70,
    0x0, 0x0,

    /* U+003C "<" */
    0x0, 0x0, 0x0, 0x4, 0x40, 0x0, 0x2, 0x8e,
    0xf7, 0x0, 0x5c, 0xfe, 0x93, 0x4, 0xff, 0xa4,
    0x0, 0x0, 0x5f, 0xe8, 0x20, 0x0, 0x0, 0x17,
    0xdf, 0xd7, 0x10, 0x0, 0x0, 0x3a, 0xff, 0x60,
    0x0, 0x0, 0x0, 0x65,

    /* U+003D "=" */
    0x6f, 0xff, 0xff, 0xff, 0x82, 0x55, 0x55, 0x55,
    0x52, 0x0, 0x0, 0x0, 0x0, 0x0, 0x11, 0x11,
    0x11, 0x10, 0x6f, 0xff, 0xff, 0xff, 0x81, 0x44,
    0x44, 0x44, 0x42,

    /* U+003E ">" */
    0x35, 0x0, 0x0, 0x0, 0x5, 0xfe, 0x93, 0x0,
    0x0, 0x2, 0x8d, 0xfc, 0x61, 0x0, 0x0, 0x3,
    0x9e, 0xf6, 0x0, 0x0, 0x28, 0xef, 0x60, 0x16,
    0xcf, 0xe8, 0x20, 0x5f, 0xfa, 0x40, 0x0, 0x4,
    0x71, 0x0, 0x0, 0x0,

    /* U+003F "?" */
    0x2, 0xae, 0xe9, 0x10, 0x1e, 0xd9, 0xcf, 0xb0,
    0x2, 0x0, 0xe, 0xf0, 0x0, 0x0, 0xe, 0xd0,
    0x0, 0x0, 0x8f, 0x60, 0x0, 0x4, 0xf9, 0x0,
    0x0, 0xe, 0xd0, 0x0, 0x0, 0x1f, 0x90, 0x0,
    0x0, 0x1, 0x0, 0x0, 0x0, 0x7, 0x20, 0x0,
    0x0, 0x6f, 0xc0, 0x0, 0x0, 0x3e, 0x80, 0x0,

    /* U+0041 "A" */
    0x0, 0x4, 0xff, 0x30, 0x0, 0x0, 0x9, 0xef,
    0x80, 0x0, 0x0, 0xe, 0x9b, 0xd0, 0x0, 0x0,
    0x3f, 0x57, 0xf2, 0x0, 0x0, 0x8f, 0x2, 0xf8,
    0x0, 0x0, 0xec, 0x0, 0xdd, 0x0, 0x3, 0xf8,
    0x11, 0xaf, 0x20, 0x8, 0xff, 0xff, 0xff, 0x70,
    0xd, 0xd4, 0x44, 0x5f, 0xc0, 0x3f, 0x90, 0x0,
    0xb, 0xf2, 0x8f, 0x40, 0x0, 0x6, 0xf7, 0xdf,
    0x0, 0x0, 0x2, 0xfc,

    /* U+0042 "B" */
    0x7f, 0xff, 0xfd, 0x92, 0x7, 0xfa, 0x67, 0xaf,
    0xe0, 0x7f, 0x60, 0x0, 0xaf, 0x47, 0xf6, 0x0,
    0x8, 0xf2, 0x7f, 0x71, 0x26, 0xfb, 0x7, 0xff,
    0xff, 0xfe, 0x30, 0x7f, 0x94, 0x57, 0xdf, 0x57,
    0xf6, 0x0, 0x1, 0xfd, 0x7f, 0x60, 0x0, 0xe,
    0xf7, 0xf6, 0x0, 0x3, 0xfc, 0x7f, 0xa7, 0x79,
    0xff, 0x47, 0xff, 0xff, 0xea, 0x30,

    /* U+0043 "C" */
    0x0, 0x2, 0xad, 0xeb, 0x40, 0x0, 0x5f, 0xfc,
    0xae, 0xf4, 0x1, 0xfe, 0x30, 0x0, 0x60, 0xa,
    0xf6, 0x0, 0x0, 0x0, 0xd, 0xf0, 0x0, 0x0,
    0x0, 0xf, 0xe0, 0x0, 0x0, 0x0, 0xf, 0xe0,
    0x0, 0x0, 0x0, 0xd, 0xf0, 0x0, 0x0, 0x0,
    0xa, 0xf6, 0x0, 0x0, 0x0, 0x2, 0xfe, 0x30,
    0x0, 0x82, 0x0, 0x6f, 0xfc, 0xae, 0xf7, 0x0,
    0x3, 0xae, 0xeb, 0x50,

    /* U+0044 "D" */
    0x7f, 0xff, 0xdb, 0x50, 0x0, 0x7f, 0xb8, 0xae,
    0xfa, 0x0, 0x7f, 0x60, 0x1, 0xcf, 0x60, 0x7f,
    0x60, 0x0, 0x2f, 0xe0, 0x7f, 0x60, 0x0, 0xd,
    0xf1, 0x7f, 0x60, 0x0, 0xa, 0xf3, 0x7f, 0x60,
    0x0, 0xb, 0xf3, 0x7f, 0x60, 0x0, 0xd, 0xf0,
    0x7f, 0x60, 0x0, 0x3f, 0xd0, 0x7f, 0x60, 0x1,
    0xcf, 0x50, 0x7f, 0xb8, 0xaf, 0xf9, 0x0, 0x7f,
    0xff, 0xdb, 0x40, 0x0,

    /* U+0045 "E" */
    0x7f, 0xff, 0xff, 0xf8, 0x7f, 0xb8, 0x88, 0x84,
    0x7f, 0x60, 0x0, 0x0, 0x7f, 0x60, 0x0, 0x0,
    0x7f, 0x60, 0x0, 0x0, 0x7f, 0xff, 0xff, 0xb0,
    0x7f, 0xb8, 0x88, 0x60, 0x7f, 0x60, 0x0, 0x0,
    0x7f, 0x60, 0x0, 0x0, 0x7f, 0x60, 0x0, 0x0,
    0x7f, 0xb8, 0x88, 0x86, 0x7f, 0xff, 0xff, 0xfa,

    /* U+0046 "F" */
    0x7f, 0xff, 0xff, 0xf8, 0x7f, 0xb8, 0x88, 0x84,
    0x7f, 0x60, 0x0, 0x0, 0x7f, 0x60, 0x0, 0x0,
    0x7f, 0x60, 0x0, 0x0, 0x7f, 0xb8, 0x88, 0x60,
    0x7f, 0xff, 0xff, 0xc0, 0x7f, 0x60, 0x0, 0x0,
    0x7f, 0x60, 0x0, 0x0, 0x7f, 0x60, 0x0, 0x0,
    0x7f, 0x60, 0x0, 0x0, 0x7f, 0x60, 0x0, 0x0,

    /* U+0047 "G" */
    0x0, 0x2, 0x9d, 0xfc, 0x70, 0x0, 0x5, 0xff,
    0xca, 0xdf, 0x90, 0x1, 0xfe, 0x40, 0x0, 0x51,
    0x0, 0x9f, 0x60, 0x0, 0x0, 0x0, 0xd, 0xf0,
    0x0, 0x0, 0x0, 0x0, 0xfe, 0x0, 0x7, 0x88,
    0x80, 0xf, 0xe0, 0x0, 0xef, 0xff, 0x10, 0xdf,
    0x0, 0x0, 0x9, 0xf1, 0xa, 0xf6, 0x0, 0x0,
    0x9f, 0x10, 0x2f, 0xe3, 0x0, 0xa, 0xf1, 0x0,
    0x6f, 0xfc, 0xac, 0xfe, 0x0, 0x0, 0x2a, 0xdf,
    0xc9, 0x10,

    /* U+0048 "H" */
    0x7f, 0x60, 0x0, 0x8, 0xf4, 0x7f, 0x60, 0x0,
    0x8, 0xf4, 0x7f, 0x60, 0x0, 0x8, 0xf4, 0x7f,
    0x60, 0x0, 0x8, 0xf4, 0x7f, 0x60, 0x0, 0x8,
    0xf4, 0x7f, 0xff, 0xff, 0xff, 0xf4, 0x7f, 0xc9,
    0x99, 0x9d, 0xf4, 0x7f, 0x60, 0x0, 0x8, 0xf4,
    0x7f, 0x60, 0x0, 0x8, 0xf4, 0x7f, 0x60, 0x0,
    0x8, 0xf4, 0x7f, 0x60, 0x0, 0x8, 0xf4, 0x7f,
    0x60, 0x0, 0x8, 0xf4,

    /* U+0049 "I" */
    0x7f, 0x67, 0xf6, 0x7f, 0x67, 0xf6, 0x7f, 0x67,
    0xf6, 0x7f, 0x67, 0xf6, 0x7f, 0x67, 0xf6, 0x7f,
    0x67, 0xf6,

    /* U+004A "J" */
    0x0, 0x0, 0x8, 0xf4, 0x0, 0x0, 0x8, 0xf4,
    0x0, 0x0, 0x8, 0xf4, 0x0, 0x0, 0x8, 0xf4,
    0x0, 0x0, 0x8, 0xf4, 0x0, 0x0, 0x8, 0xf4,
    0x0, 0x0, 0x8, 0xf4, 0x0, 0x0, 0x8, 0xf4,
    0x0, 0x0, 0x9, 0xf4, 0x1a, 0x20, 0xd, 0xf1,
    0x2e, 0xfa, 0xdf, 0xa0, 0x3, 0xae, 0xe9, 0x0,

    /* U+004B "K" */
    0x7f, 0x60, 0x0, 0x7f, 0x90, 0x7f, 0x60, 0x4,
    0xfc, 0x0, 0x7f, 0x60, 0x1e, 0xe1, 0x0, 0x7f,
    0x60, 0xcf, 0x40, 0x0, 0x7f, 0x69, 0xf8, 0x0,
    0x0, 0x7f, 0xcf, 0xfd, 0x0, 0x0, 0x7f, 0xfd,
    0x9f, 0x60, 0x0, 0x7f, 0xf2, 0x1e, 0xe1, 0x0,
    0x7f, 0x70, 0x7, 0xf9, 0x0, 0x7f, 0x60, 0x0,
    0xdf, 0x20, 0x7f, 0x60, 0x0, 0x4f, 0xb0, 0x7f,
    0x60, 0x0, 0xb, 0xf5,

    /* U+004C "L" */
    0x7f, 0x60, 0x0, 0x0, 0x7f, 0x60, 0x0, 0x0,
    0x7f, 0x60, 0x0, 0x0, 0x7f, 0x60, 0x0, 0x0,
    0x7f, 0x60, 0x0, 0x0, 0x7f, 0x60, 0x0, 0x0,
    0x7f, 0x60, 0x0, 0x0, 0x7f, 0x60, 0x0, 0x0,
    0x7f, 0x60, 0x0, 0x0, 0x7f, 0x60, 0x0, 0x0,
    0x7f, 0xb8, 0x88, 0x83, 0x7f, 0xff, 0xff, 0xf6,

    /* U+004D "M" */
    0x7f, 0xd0, 0x0, 0x0, 0x9f, 0xb7, 0xff, 0x30,
    0x0, 0xe, 0xfb, 0x7f, 0xe9, 0x0, 0x4, 0xfe,
    0xb7, 0xf9, 0xe0, 0x0, 0xac, 0xdb, 0x7f, 0x5f,
    0x40, 0xf, 0x7e, 0xb7, 0xf2, 0xda, 0x5, 0xf1,
    0xfb, 0x7f, 0x38, 0xf0, 0xac, 0xf, 0xb7, 0xf3,
    0x2f, 0x5f, 0x60, 0xfb, 0x7f, 0x30, 0xce, 0xf1,
    0xf, 0xb7, 0xf3, 0x6, 0xfa, 0x0, 0xfb, 0x7f,
    0x30, 0x1d, 0x40, 0xf, 0xb7, 0xf3, 0x0, 0x0,
    0x0, 0xfb,

    /* U+004E "N" */
    0x7f, 0xb0, 0x0, 0x8, 0xf2, 0x7f, 0xf4, 0x0,
    0x8, 0xf2, 0x7f, 0xed, 0x0, 0x8, 0xf2, 0x7f,
    0x7f, 0x60, 0x8, 0xf2, 0x7f, 0x3d, 0xe0, 0x8,
    0xf2, 0x7f, 0x44, 0xf7, 0x8, 0xf2, 0x7f, 0x40,
    0xbf, 0x18, 0xf2, 0x7f, 0x40, 0x3f, 0x97, 0xf2,
    0x7f, 0x40, 0xa, 0xf7, 0xf2, 0x7f, 0x40, 0x1,
    0xfe, 0xf2, 0x7f, 0x40, 0x0, 0x8f, 0xf2, 0x7f,
    0x40, 0x0, 0x1e, 0xf2,

    /* U+004F "O" */
    0x0, 0x4, 0xbe, 0xeb, 0x40, 0x0, 0x0, 0x7f,
    0xfb, 0xbf, 0xf8, 0x0, 0x3, 0xfd, 0x20, 0x1,
    0xdf, 0x40, 0xa, 0xf5, 0x0, 0x0, 0x4f, 0xc0,
    0xe, 0xf0, 0x0, 0x0, 0xe, 0xf0, 0xf, 0xd0,
    0x0, 0x0, 0xc, 0xf1, 0xf, 0xe0, 0x0, 0x0,
    0xc, 0xf1, 0xd, 0xf0, 0x0, 0x0, 0xe, 0xf0,
    0xa, 0xf5, 0x0, 0x0, 0x4f, 0xb0, 0x2, 0xfe,
    0x20, 0x2, 0xdf, 0x30, 0x0, 0x7f, 0xfb, 0xbf,
    0xf8, 0x0, 0x0, 0x4, 0xbe, 0xeb, 0x40, 0x0,

    /* U+0050 "P" */
    0x7f, 0xff, 0xfd, 0x91, 0x7, 0xfb, 0x78, 0xbf,
    0xd1, 0x7f, 0x60, 0x0, 0x8f, 0x67, 0xf6, 0x0,
    0x3, 0xf8, 0x7f, 0x60, 0x0, 0x6f, 0x67, 0xf7,
    0x23, 0x6e, 0xe1, 0x7f, 0xff, 0xff, 0xd4, 0x7,
    0xf9, 0x54, 0x20, 0x0, 0x7f, 0x60, 0x0, 0x0,
    0x7, 0xf6, 0x0, 0x0, 0x0, 0x7f, 0x60, 0x0,
    0x0, 0x7, 0xf6, 0x0, 0x0, 0x0,

    /* U+0051 "Q" */
    0x0, 0x4, 0xbe, 0xeb, 0x40, 0x0, 0x0, 0x7f,
    0xfb, 0xbf, 0xf8, 0x0, 0x2, 0xfe, 0x20, 0x2,
    0xdf, 0x30, 0xa, 0xf5, 0x0, 0x0, 0x4f, 0xb0,
    0xd, 0xf0, 0x0, 0x0, 0xe, 0xf0, 0xf, 0xd0,
    0x0, 0x0, 0xc, 0xf1, 0xf, 0xd0, 0x0, 0x0,
    0xc, 0xf1, 0xe, 0xf0, 0x0, 0x0, 0xe, 0xf0,
    0xb, 0xf4, 0x0, 0x0, 0x3f, 0xc0, 0x4, 0xfc,
    0x0, 0x0, 0xbf, 0x50, 0x0, 0x9f, 0xd7, 0x7c,
    0xfa, 0x0, 0x0, 0x6, 0xdf, 0xfe, 0x70, 0x0,
    0x0, 0x0, 0x9, 0xf9, 0x0, 0x0, 0x0, 0x0,
    0x1, 0xcf, 0xd9, 0x92, 0x0, 0x0, 0x0, 0x7,
    0xdf, 0xe5,

    /* U+0052 "R" */
    0x7f, 0xff, 0xfe, 0xa2, 0x0, 0x7f, 0xb7, 0x8b,
    0xfe, 0x10, 0x7f, 0x60, 0x0, 0x7f, 0x70, 0x7f,
    0x60, 0x0, 0x3f, 0x90, 0x7f, 0x60, 0x0, 0x6f,
    0x80, 0x7f, 0x72, 0x26, 0xef, 0x20, 0x7f, 0xff,
    0xff, 0xe5, 0x0, 0x7f, 0x95, 0xaf, 0x70, 0x0,
    0x7f, 0x60, 0x1f, 0xf1, 0x0, 0x7f, 0x60, 0x7,
    0xf9, 0x0, 0x7f, 0x60, 0x0, 0xdf, 0x30, 0x7f,
    0x60, 0x0, 0x4f, 0xc0,

    /* U+0053 "S" */
    0x0, 0x2a, 0xee, 0xb5, 0x0, 0x2, 0xff, 0xcb,
    0xef, 0x60, 0x9, 0xf5, 0x0, 0x6, 0x0, 0xa,
    0xf4, 0x0, 0x0, 0x0, 0x6, 0xfe, 0x60, 0x0,
    0x0, 0x0, 0x7f, 0xfe, 0x80, 0x0, 0x0, 0x2,
    0x9f, 0xfd, 0x30, 0x0, 0x0, 0x1, 0x9f, 0xd0,
    0x0, 0x0, 0x0, 0xe, 0xf0, 0x9, 0x70, 0x0,
    0x2f, 0xd0, 0x1c, 0xfe, 0xba, 0xff, 0x50, 0x0,
    0x6b, 0xee, 0xb4, 0x0,

    /* U+0054 "T" */
    0x7f, 0xff, 0xff, 0xff, 0xf4, 0x48, 0x89, 0xfe,
    0x88, 0x82, 0x0, 0x0, 0xfc, 0x0, 0x0, 0x0,
    0x0, 0xfc, 0x0, 0x0, 0x0, 0x0, 0xfc, 0x0,
    0x0, 0x0, 0x0, 0xfc, 0x0, 0x0, 0x0, 0x0,
    0xfc, 0x0, 0x0, 0x0, 0x0, 0xfc, 0x0, 0x0,
    0x0, 0x0, 0xfc, 0x0, 0x0, 0x0, 0x0, 0xfc,
    0x0, 0x0, 0x0, 0x0, 0xfc, 0x0, 0x0, 0x0,
    0x0, 0xfc, 0x0, 0x0,

    /* U+0055 "U" */
    0x8f, 0x50, 0x0, 0x8, 0xf3, 0x8f, 0x50, 0x0,
    0x8, 0xf3, 0x8f, 0x50, 0x0, 0x8, 0xf3, 0x8f,
    0x50, 0x0, 0x8, 0xf3, 0x8f, 0x50, 0x0, 0x8,
    0xf3, 0x8f, 0x50, 0x0, 0x8, 0xf3, 0x8f, 0x50,
    0x0, 0x8, 0xf3, 0x6f, 0x60, 0x0, 0x9, 0xf2,
    0x4f, 0x90, 0x0, 0xc, 0xf0, 0x1f, 0xe1, 0x0,
    0x4f, 0xb0, 0x7, 0xfe, 0xab, 0xff, 0x30, 0x0,
    0x5c, 0xfe, 0xb2, 0x0,

    /* U+0056 "V" */
    0xe, 0xf1, 0x0, 0x0, 0x8f, 0x50, 0x9f, 0x50,
    0x0, 0xc, 0xf1, 0x4, 0xfa, 0x0, 0x1, 0xfc,
    0x0, 0xe, 0xe0, 0x0, 0x5f, 0x70, 0x0, 0xaf,
    0x30, 0x9, 0xf2, 0x0, 0x5, 0xf7, 0x0, 0xed,
    0x0, 0x0, 0xf, 0xc0, 0x2f, 0x80, 0x0, 0x0,
    0xbf, 0x7, 0xf3, 0x0, 0x0, 0x6, 0xf4, 0xbe,
    0x0, 0x0, 0x0, 0x1f, 0x9f, 0x90, 0x0, 0x0,
    0x0, 0xcf, 0xf5, 0x0, 0x0, 0x0, 0x7, 0xff,
    0x0, 0x0,

    /* U+0057 "W" */
    0x8f, 0x50, 0x0, 0xbf, 0x20, 0x0, 0xfd, 0x5f,
    0x80, 0x0, 0xff, 0x60, 0x2, 0xfa, 0x2f, 0xb0,
    0x3, 0xfe, 0xa0, 0x4, 0xf6, 0xe, 0xe0, 0x7,
    0xea, 0xd0, 0x7, 0xf3, 0xb, 0xf1, 0xb, 0xb6,
    0xf1, 0xa, 0xf0, 0x8, 0xf3, 0xf, 0x83, 0xf5,
    0xd, 0xd0, 0x5, 0xf6, 0x3f, 0x40, 0xf9, 0xf,
    0xa0, 0x2, 0xf9, 0x6f, 0x10, 0xcc, 0x2f, 0x70,
    0x0, 0xeb, 0x9d, 0x0, 0x8f, 0x5f, 0x40, 0x0,
    0xbe, 0xd9, 0x0, 0x4f, 0xbf, 0x10, 0x0, 0x8f,
    0xf5, 0x0, 0xf, 0xfe, 0x0, 0x0, 0x5f, 0xf2,
    0x0, 0xc, 0xfb, 0x0,

    /* U+0058 "X" */
    0x4f, 0xc0, 0x0, 0x2f, 0xc0, 0xb, 0xf4, 0x0,
    0x9f, 0x40, 0x2, 0xfc, 0x2, 0xfb, 0x0, 0x0,
    0xaf, 0x49, 0xf3, 0x0, 0x0, 0x1f, 0xdf, 0xa0,
    0x0, 0x0, 0x8, 0xff, 0x20, 0x0, 0x0, 0xc,
    0xff, 0x30, 0x0, 0x0, 0x4f, 0x8f, 0xc0, 0x0,
    0x0, 0xde, 0x9, 0xf5, 0x0, 0x6, 0xf7, 0x1,
    0xfd, 0x0, 0xe, 0xe0, 0x0, 0x8f, 0x70, 0x7f,
    0x70, 0x0, 0x1f, 0xf1,

    /* U+0059 "Y" */
    0xc, 0xf2, 0x0, 0x4, 0xfa, 0x5, 0xf9, 0x0,
    0xb, 0xf2, 0x0, 0xdf, 0x0, 0x2f, 0xb0, 0x0,
    0x6f, 0x60, 0x8f, 0x30, 0x0, 0xe, 0xd0, 0xeb,
    0x0, 0x0, 0x7, 0xfa, 0xf4, 0x0, 0x0, 0x0,
    0xef, 0xc0, 0x0, 0x0, 0x0, 0x9f, 0x60, 0x0,
    0x0, 0x0, 0x8f, 0x50, 0x0, 0x0, 0x0, 0x8f,
    0x50, 0x0, 0x0, 0x0, 0x8f, 0x50, 0x0, 0x0,
    0x0, 0x8f, 0x50, 0x0,

    /* U+005A "Z" */
    0xb, 0xff, 0xff, 0xff, 0xe0, 0x6, 0x88, 0x88,
    0xcf, 0xa0, 0x0, 0x0, 0x0, 0xef, 0x10, 0x0,
    0x0, 0x9, 0xf6, 0x0, 0x0, 0x0, 0x3f, 0xc0,
    0x0, 0x0, 0x0, 0xdf, 0x20, 0x0, 0x0, 0x7,
    0xf8, 0x0, 0x0, 0x0, 0x2f, 0xd0, 0x0, 0x0,
    0x0, 0xbf, 0x40, 0x0, 0x0, 0x5, 0xfa, 0x0,
    0x0, 0x0, 0x1e, 0xfa, 0x88, 0x88, 0x80, 0x3f,
    0xff, 0xff, 0xff, 0xf0,

    /* U+005B "[" */
    0x5f, 0xff, 0x5, 0xf0, 0x0, 0x5f, 0x0, 0x5,
    0xf0, 0x0, 0x5f, 0x0, 0x5, 0xf0, 0x0, 0x5f,
    0x0, 0x5, 0xf0, 0x0, 0x5f, 0x0, 0x5, 0xf0,
    0x0, 0x5f, 0x0, 0x5, 0xf0, 0x0, 0x5f, 0x0,
    0x5, 0xf0, 0x0, 0x5f, 0xee, 0x0, 0x11, 0x10,

    /* U+005C "\\" */
    0x8b, 0x0, 0x0, 0x4, 0xf0, 0x0, 0x0, 0xf,
    0x40, 0x0, 0x0, 0xa9, 0x0, 0x0, 0x6, 0xe0,
    0x0, 0x0, 0x1f, 0x20, 0x0, 0x0, 0xd7, 0x0,
    0x0, 0x8, 0xb0, 0x0, 0x0, 0x3f, 0x0, 0x0,
    0x0, 0xf5, 0x0, 0x0, 0xa, 0x90, 0x0, 0x0,
    0x6e, 0x0, 0x0, 0x1, 0xf2, 0x0, 0x0, 0xc,
    0x70, 0x0, 0x0, 0x8c, 0x0, 0x0, 0x2, 0x70,

    /* U+005D "]" */
    0x5f, 0xff, 0x0, 0x5, 0xf0, 0x0, 0x5f, 0x0,
    0x5, 0xf0, 0x0, 0x5f, 0x0, 0x5, 0xf0, 0x0,
    0x5f, 0x0, 0x5, 0xf0, 0x0, 0x5f, 0x0, 0x5,
    0xf0, 0x0, 0x5f, 0x0, 0x5, 0xf0, 0x0, 0x5f,
    0x0, 0x5, 0xf0, 0x5e, 0xff, 0x0, 0x11, 0x10,

    /* U+005F "_" */
    0xcf, 0xff, 0xff, 0xff, 0xc1, 0x22, 0x22, 0x22,
    0x21,

    /* U+0061 "a" */
    0x0, 0x7c, 0xfd, 0x80, 0x8, 0xfb, 0x8d, 0xf7,
    0x1, 0x10, 0x1, 0xfd, 0x0, 0x2, 0x68, 0xff,
    0x1, 0xcf, 0xc9, 0xef, 0xd, 0xe3, 0x0, 0xdf,
    0x1f, 0xc0, 0x1, 0xef, 0xe, 0xf9, 0x8e, 0xff,
    0x3, 0xcf, 0xc4, 0x9f,

    /* U+0062 "b" */
    0x9f, 0x30, 0x0, 0x0, 0x9, 0xf3, 0x0, 0x0,
    0x0, 0x9f, 0x30, 0x0, 0x0, 0x9, 0xf3, 0x0,
    0x0, 0x0, 0x9f, 0x4a, 0xed, 0x70, 0x9, 0xff,
    0xc9, 0xef, 0x80, 0x9f, 0x60, 0x1, 0xff, 0x9,
    0xf3, 0x0, 0xb, 0xf2, 0x9f, 0x30, 0x0, 0xaf,
    0x39, 0xf3, 0x0, 0xc, 0xf1, 0x9f, 0x40, 0x3,
    0xfd, 0x9, 0xff, 0xa9, 0xff, 0x40, 0x9e, 0x3c,
    0xfc, 0x40, 0x0,

    /* U+0063 "c" */
    0x0, 0x2a, 0xee, 0xa2, 0x2, 0xff, 0xa9, 0xe5,
    0xc, 0xf5, 0x0, 0x0, 0xf, 0xd0, 0x0, 0x0,
    0x3f, 0xb0, 0x0, 0x0, 0x1f, 0xd0, 0x0, 0x0,
    0xd, 0xf4, 0x0, 0x0, 0x3, 0xff, 0xa9, 0xe8,
    0x0, 0x3b, 0xee, 0xa2,

    /* U+0064 "d" */
    0x0, 0x0, 0x0, 0x2f, 0xb0, 0x0, 0x0, 0x2,
    0xfb, 0x0, 0x0, 0x0, 0x2f, 0xb0, 0x0, 0x0,
    0x2, 0xfb, 0x0, 0x3c, 0xfc, 0x6f, 0xb0, 0x3f,
    0xfa, 0xaf, 0xfb, 0xc, 0xf4, 0x0, 0x3f, 0xb0,
    0xfd, 0x0, 0x2, 0xfb, 0x2f, 0xb0, 0x0, 0x2f,
    0xb1, 0xfd, 0x0, 0x2, 0xfb, 0xd, 0xf3, 0x0,
    0x5f, 0xb0, 0x5f, 0xe9, 0xaf, 0xfb, 0x0, 0x5d,
    0xfb, 0x3d, 0xb0,

    /* U+0065 "e" */
    0x0, 0x2b, 0xed, 0x80, 0x0, 0x3f, 0xe8, 0x9f,
    0x90, 0xc, 0xf2, 0x0, 0x8f, 0x10, 0xfb, 0x0,
    0x4, 0xf4, 0x3f, 0xff, 0xff, 0xff, 0x51, 0xfc,
    0x33, 0x33, 0x31, 0xc, 0xf2, 0x0, 0x0, 0x0,
    0x3f, 0xe9, 0x7a, 0xa0, 0x0, 0x2b, 0xee, 0xc5,
    0x0,

    /* U+0066 "f" */
    0x0, 0x4d, 0xfb, 0x0, 0xe, 0xf9, 0x70, 0x3,
    0xfa, 0x0, 0x0, 0x4f, 0x80, 0x0, 0x7f, 0xff,
    0xf4, 0x3, 0xaf, 0xc7, 0x20, 0x4, 0xf8, 0x0,
    0x0, 0x4f, 0x80, 0x0, 0x4, 0xf8, 0x0, 0x0,
    0x4f, 0x80, 0x0, 0x4, 0xf8, 0x0, 0x0, 0x4f,
    0x80, 0x0, 0x4, 0xf8, 0x0, 0x0,

    /* U+0067 "g" */
    0x0, 0x6d, 0xff, 0xff, 0xd0, 0x6, 0xf7, 0x18,
    0xf9, 0x50, 0xc, 0xf0, 0x1, 0xfa, 0x0, 0xd,
    0xe0, 0x0, 0xfa, 0x0, 0x8, 0xf6, 0x8, 0xf6,
    0x0, 0x0, 0xff, 0xff, 0x80, 0x0, 0x9, 0xe0,
    0x20, 0x0, 0x0, 0xa, 0xf8, 0x77, 0x63, 0x0,
    0x3, 0xfe, 0xff, 0xff, 0x80, 0xd, 0x90, 0x0,
    0x3f, 0xf0, 0x2f, 0x60, 0x0, 0xe, 0xd0, 0xe,
    0xe7, 0x45, 0xcf, 0x40, 0x2, 0xae, 0xfd, 0xa2,
    0x0,

    /* U+0068 "h" */
    0x9f, 0x30, 0x0, 0x0, 0x9f, 0x30, 0x0, 0x0,
    0x9f, 0x30, 0x0, 0x0, 0x9f, 0x30, 0x0, 0x0,
    0x9f, 0x38, 0xde, 0x80, 0x9f, 0xed, 0xae, 0xf5,
    0x9f, 0x90, 0x5, 0xf9, 0x9f, 0x30, 0x2, 0xfb,
    0x9f, 0x30, 0x2, 0xfb, 0x9f, 0x30, 0x2, 0xfb,
    0x9f, 0x30, 0x2, 0xfb, 0x9f, 0x30, 0x2, 0xfb,
    0x9f, 0x30, 0x2, 0xfb,

    /* U+0069 "i" */
    0x8e, 0x3a, 0xf4, 0x1, 0x0, 0x0, 0x9f, 0x39,
    0xf3, 0x9f, 0x39, 0xf3, 0x9f, 0x39, 0xf3, 0x9f,
    0x39, 0xf3, 0x9f, 0x30,

    /* U+006A "j" */
    0x0, 0x8e, 0x30, 0xa, 0xf4, 0x0, 0x1, 0x0,
    0x0, 0x0, 0x0, 0x9f, 0x30, 0x9, 0xf3, 0x0,
    0x9f, 0x30, 0x9, 0xf3, 0x0, 0x9f, 0x30, 0x9,
    0xf3, 0x0, 0x9f, 0x30, 0x9, 0xf3, 0x0, 0x9f,
    0x30, 0x9, 0xf3, 0x0, 0xbf, 0x24, 0x9f, 0xe0,
    0x9f, 0xd3, 0x0,

    /* U+006B "k" */
    0x9f, 0x20, 0x0, 0x0, 0x9, 0xf2, 0x0, 0x0,
    0x0, 0x9f, 0x20, 0x0, 0x0, 0x9, 0xf2, 0x0,
    0x0, 0x0, 0x9f, 0x20, 0xb, 0xf5, 0x9, 0xf2,
    0x7, 0xf7, 0x0, 0x9f, 0x24, 0xfa, 0x0, 0x9,
    0xf5, 0xee, 0x0, 0x0, 0x9f, 0xef, 0xf4, 0x0,
    0x9, 0xff, 0x4e, 0xd0, 0x0, 0x9f, 0x60, 0x6f,
    0x80, 0x9, 0xf2, 0x0, 0xcf, 0x20, 0x9f, 0x20,
    0x3, 0xfb, 0x0,

    /* U+006C "l" */
    0x9f, 0x30, 0x9f, 0x30, 0x9f, 0x30, 0x9f, 0x30,
    0x9f, 0x30, 0x9f, 0x30, 0x9f, 0x30, 0x9f, 0x30,
    0x9f, 0x30, 0x9f, 0x30, 0x9f, 0x30, 0x8f, 0xa0,
    0x2d, 0xf1,

    /* U+006D "m" */
    0x9f, 0x9, 0xec, 0x50, 0x6d, 0xe9, 0x9, 0xfd,
    0xda, 0xff, 0xae, 0xae, 0xf6, 0x9f, 0x90, 0x8,
    0xfc, 0x10, 0x3f, 0xb9, 0xf3, 0x0, 0x5f, 0x80,
    0x0, 0xfc, 0x9f, 0x30, 0x5, 0xf8, 0x0, 0xf,
    0xc9, 0xf3, 0x0, 0x5f, 0x80, 0x0, 0xfc, 0x9f,
    0x30, 0x5, 0xf8, 0x0, 0xf, 0xc9, 0xf3, 0x0,
    0x5f, 0x80, 0x0, 0xfc, 0x9f, 0x30, 0x5, 0xf8,
    0x0, 0xf, 0xc0,

    /* U+006E "n" */
    0x9f, 0x8, 0xde, 0x80, 0x9f, 0xdd, 0xae, 0xf5,
    0x9f, 0x90, 0x5, 0xf9, 0x9f, 0x30, 0x2, 0xfb,
    0x9f, 0x30, 0x2, 0xfb, 0x9f, 0x30, 0x2, 0xfb,
    0x9f, 0x30, 0x2, 0xfb, 0x9f, 0x30, 0x2, 0xfb,
    0x9f, 0x30, 0x2, 0xfb,

    /* U+006F "o" */
    0x0, 0x2b, 0xee, 0x91, 0x0, 0x3, 0xff, 0x9a,
    0xfe, 0x10, 0xc, 0xf3, 0x0, 0x6f, 0x90, 0xf,
    0xc0, 0x0, 0xf, 0xe0, 0x3f, 0xb0, 0x0, 0xd,
    0xf0, 0xf, 0xc0, 0x0, 0xf, 0xe0, 0xc, 0xf3,
    0x0, 0x6f, 0x90, 0x3, 0xff, 0x9a, 0xfe, 0x10,
    0x0, 0x2b, 0xee, 0xa1, 0x0,

    /* U+0070 "p" */
    0x9f, 0x2a, 0xed, 0x70, 0x9, 0xff, 0xc9, 0xef,
    0x80, 0x9f, 0x60, 0x1, 0xff, 0x9, 0xf3, 0x0,
    0xb, 0xf2, 0x9f, 0x30, 0x0, 0xaf, 0x39, 0xf3,
    0x0, 0xc, 0xf1, 0x9f, 0x40, 0x3, 0xfd, 0x9,
    0xff, 0xa9, 0xff, 0x40, 0x9f, 0x6c, 0xfc, 0x40,
    0x9, 0xf3, 0x0, 0x0, 0x0, 0x9f, 0x30, 0x0,
    0x0, 0x9, 0xf3, 0x0, 0x0, 0x0, 0x9f, 0x30,
    0x0, 0x0, 0x0,

    /* U+0071 "q" */
    0x0, 0x3c, 0xfd, 0x7d, 0xb0, 0x3f, 0xe6, 0x6d,
    0xfb, 0xc, 0xf2, 0x0, 0x2f, 0xb0, 0xfd, 0x0,
    0x2, 0xfb, 0x2f, 0xb0, 0x0, 0x2f, 0xb1, 0xfd,
    0x0, 0x2, 0xfb, 0xd, 0xf3, 0x0, 0x5f, 0xb0,
    0x5f, 0xe9, 0xaf, 0xfb, 0x0, 0x5d, 0xfb, 0x4f,
    0xb0, 0x0, 0x0, 0x2, 0xfb, 0x0, 0x0, 0x0,
    0x2f, 0xb0, 0x0, 0x0, 0x2, 0xfb, 0x0, 0x0,
    0x0, 0x2f, 0xb0,

    /* U+0072 "r" */
    0x9e, 0x9, 0xe6, 0x9f, 0xaf, 0xb3, 0x9f, 0xc0,
    0x0, 0x9f, 0x40, 0x0, 0x9f, 0x30, 0x0, 0x9f,
    0x30, 0x0, 0x9f, 0x30, 0x0, 0x9f, 0x30, 0x0,
    0x9f, 0x30, 0x0,

    /* U+0073 "s" */
    0x1, 0xae, 0xeb, 0x30, 0xc, 0xf9, 0x7d, 0x80,
    0xf, 0xc0, 0x0, 0x0, 0xc, 0xf9, 0x30, 0x0,
    0x0, 0x8f, 0xfb, 0x20, 0x0, 0x1, 0x7f, 0xd0,
    0x2, 0x0, 0xb, 0xf1, 0x4f, 0xb7, 0x9f, 0xc0,
    0x6, 0xcf, 0xea, 0x10,

    /* U+0074 "t" */
    0x0, 0x74, 0x0, 0x0, 0x1f, 0x80, 0x0, 0x3,
    0xf8, 0x0, 0x9, 0xff, 0xff, 0xc0, 0x4a, 0xfb,
    0x76, 0x0, 0x4f, 0x80, 0x0, 0x4, 0xf8, 0x0,
    0x0, 0x4f, 0x80, 0x0, 0x4, 0xf8, 0x0, 0x0,
    0x4f, 0xa0, 0x0, 0x1, 0xff, 0x97, 0x0, 0x5,
    0xdf, 0xc0,

    /* U+0075 "u" */
    0xbf, 0x10, 0x4, 0xf8, 0xbf, 0x10, 0x4, 0xf8,
    0xbf, 0x10, 0x4, 0xf8, 0xbf, 0x10, 0x4, 0xf8,
    0xbf, 0x10, 0x4, 0xf8, 0xbf, 0x20, 0x4, 0xf8,
    0x9f, 0x40, 0xa, 0xf8, 0x5f, 0xea, 0xdc, 0xf8,
    0x8, 0xed, 0x80, 0xf8,

    /* U+0076 "v" */
    0xaf, 0x30, 0x0, 0x7f, 0x54, 0xf8, 0x0, 0xc,
    0xf0, 0xe, 0xd0, 0x1, 0xfa, 0x0, 0x9f, 0x20,
    0x6f, 0x40, 0x3, 0xf7, 0xb, 0xf0, 0x0, 0xe,
    0xc0, 0xfa, 0x0, 0x0, 0x8f, 0x5f, 0x40, 0x0,
    0x3, 0xfe, 0xe0, 0x0, 0x0, 0xd, 0xf9, 0x0,
    0x0,

    /* U+0077 "w" */
    0x6f, 0x60, 0x5, 0xfa, 0x0, 0xf, 0xa2, 0xfa,
    0x0, 0x9f, 0xe0, 0x4, 0xf6, 0xe, 0xe0, 0xd,
    0xaf, 0x20, 0x7f, 0x20, 0xaf, 0x11, 0xf4, 0xf6,
    0xb, 0xe0, 0x6, 0xf5, 0x5f, 0xc, 0xa0, 0xfa,
    0x0, 0x1f, 0x99, 0xc0, 0x8e, 0x2f, 0x60, 0x0,
    0xdc, 0xc8, 0x4, 0xf8, 0xf2, 0x0, 0x9, 0xff,
    0x40, 0xf, 0xee, 0x0, 0x0, 0x5f, 0xf1, 0x0,
    0xcf, 0xa0, 0x0,

    /* U+0078 "x" */
    0x3f, 0xb0, 0x3, 0xfa, 0x0, 0xaf, 0x40, 0xbf,
    0x20, 0x1, 0xed, 0x3f, 0x80, 0x0, 0x6, 0xfe,
    0xe0, 0x0, 0x0, 0x1f, 0xf7, 0x0, 0x0, 0xa,
    0xfe, 0xe0, 0x0, 0x3, 0xf8, 0x5f, 0x90, 0x0,
    0xde, 0x10, 0xbf, 0x30, 0x7f, 0x70, 0x2, 0xfd,
    0x0,

    /* U+0079 "y" */
    0x9f, 0x40, 0x0, 0x7f, 0x53, 0xf9, 0x0, 0xb,
    0xf0, 0xd, 0xe0, 0x0, 0xfa, 0x0, 0x7f, 0x40,
    0x5f, 0x50, 0x1, 0xfa, 0xa, 0xf0, 0x0, 0xb,
    0xf0, 0xea, 0x0, 0x0, 0x5f, 0x6f, 0x50, 0x0,
    0x0, 0xef, 0xf0, 0x0, 0x0, 0x8, 0xfa, 0x0,
    0x0, 0x0, 0x6f, 0x50, 0x0, 0x0, 0xd, 0xe0,
    0x0, 0x0, 0x8d, 0xf6, 0x0, 0x0, 0x2f, 0xd6,
    0x0, 0x0, 0x0,

    /* U+007A "z" */
    0xe, 0xff, 0xff, 0xf3, 0x6, 0x77, 0x9f, 0xd0,
    0x0, 0x0, 0xcf, 0x30, 0x0, 0x6, 0xf9, 0x0,
    0x0, 0x2f, 0xd0, 0x0, 0x0, 0xbf, 0x40, 0x0,
    0x6, 0xf9, 0x0, 0x0, 0x1f, 0xf8, 0x77, 0x72,
    0x6f, 0xff, 0xff, 0xf6,

    /* U+007B "{" */
    0x0, 0x6e, 0xf0, 0x0, 0xeb, 0x10, 0x0, 0xf7,
    0x0, 0x0, 0xf7, 0x0, 0x0, 0xe8, 0x0, 0x0,
    0xe8, 0x0, 0x3, 0xf6, 0x0, 0x6f, 0xb0, 0x0,
    0x16, 0xf4, 0x0, 0x0, 0xe8, 0x0, 0x0, 0xe8,
    0x0, 0x0, 0xf7, 0x0, 0x0, 0xf7, 0x0, 0x0,
    0xeb, 0x0, 0x0, 0x7f, 0xf0, 0x0, 0x0, 0x10,

    /* U+007C "|" */
    0x5d, 0x5d, 0x5d, 0x5d, 0x5d, 0x5d, 0x5d, 0x5d,
    0x5d, 0x5d, 0x5d, 0x5d, 0x5d, 0x5d, 0x5d, 0x5d,
    0x5d, 0x5d,

    /* U+007D "}" */
    0x5f, 0xd2, 0x0, 0x2, 0xf9, 0x0, 0x0, 0xdb,
    0x0, 0x0, 0xda, 0x0, 0x0, 0xd9, 0x0, 0x0,
    0xd9, 0x0, 0x0, 0xbd, 0x10, 0x0, 0x1e, 0xf1,
    0x0, 0xae, 0x40, 0x0, 0xd9, 0x0, 0x0, 0xd9,
    0x0, 0x0, 0xda, 0x0, 0x0, 0xcb, 0x0, 0x1,
    0xe9, 0x0, 0x5f, 0xe3, 0x0, 0x1, 0x0, 0x0,

    /* U+00B7 "·" */
    0x17, 0x29, 0xfa, 0x5e, 0x60,

    /* U+2026 "…" */
    0x2, 0x0, 0x0, 0x11, 0x0, 0x0, 0x20, 0x5f,
    0xa0, 0x0, 0xff, 0x0, 0xa, 0xf5, 0x3e, 0x70,
    0x0, 0xcc, 0x0, 0x7, 0xe3,

    /* U+4E00 "一" */
    0x0, 0x0, 0x0, 0x0, 0x0, 0x0, 0x0, 0x0,
    0x1f, 0xff, 0xff, 0xff, 0xff, 0xff, 0xff, 0xf7,
    0x9, 0x99, 0x99, 0x99, 0x99, 0x99, 0x99, 0x94,

    /* U+4E01 "丁" */
    0x0, 0x0, 0x0, 0x0, 0x0, 0x0, 0x0, 0x0,
    0xf, 0xff, 0xff, 0xff, 0xff, 0xff, 0xff, 0xf0,
    0x7, 0x77, 0x77, 0x7b, 0xfa, 0x77, 0x77, 0x70,
    0x0, 0x0, 0x0, 0x6, 0xf5, 0x0, 0x0, 0x0,
    0x0, 0x0, 0x0, 0x6, 0xf5, 0x0, 0x0, 0x0,
    0x0, 0x0, 0x0, 0x6, 0xf5, 0x0, 0x0, 0x0,
    0x0, 0x0, 0x0, 0x6, 0xf5, 0x0, 0x0, 0x0,
    0x0, 0x0, 0x0, 0x6, 0xf5, 0x0, 0x0, 0x0,
    0x0, 0x0, 0x0, 0x6, 0xf5, 0x0, 0x0, 0x0,
    0x0, 0x0, 0x0, 0x6, 0xf5, 0x0, 0x0, 0x0,
    0x0, 0x0, 0x0, 0x6, 0xf5, 0x0, 0x0, 0x0,
    0x0, 0x0, 0x0, 0x6, 0xf5, 0x0, 0x0, 0x0,
    0x0, 0x0, 0xba, 0xad, 0xf3, 0x0, 0x0, 0x0,
    0x0, 0x0, 0xbf, 0xfd, 0x80, 0x0, 0x0, 0x0,

    /* U+4E09 "三" */
    0xf, 0xff, 0xff, 0xff, 0xff, 0xff, 0xe0, 0x8,
    0x88, 0x88, 0x88, 0x88, 0x88, 0x80, 0x0, 0x0,
    0x0, 0x0, 0x0, 0x0, 0x0, 0x0, 0x0, 0x0,
    0x0, 0x0, 0x0, 0x0, 0x0, 0x0, 0x0, 0x0,
    0x0, 0x0, 0x0, 0x0, 0xff, 0xff, 0xff, 0xff,
    0xfa, 0x0, 0x0, 0x88, 0x88, 0x88, 0x88, 0x86,
    0x0, 0x0, 0x0, 0x0, 0x0, 0x0, 0x0, 0x0,
    0x0, 0x0, 0x0, 0x0, 0x0, 0x0, 0x0, 0x0,
    0x0, 0x0, 0x0, 0x0, 0x0, 0x0, 0x67, 0x77,
    0x77, 0x77, 0x77, 0x77, 0x75, 0xef, 0xff, 0xff,
    0xff, 0xff, 0xff, 0xfc, 0x0, 0x0, 0x0, 0x0,
    0x0, 0x0, 0x0,

    /* U+4E0A "上" */
    0x0, 0x0, 0x0, 0x4f, 0x40, 0x0, 0x0, 0x0,
    0x0, 0x0, 0x0, 0x4f, 0x40, 0x0, 0x0, 0x0,
    0x0, 0x0, 0x0, 0x4f, 0x40, 0x0, 0x0, 0x0,
    0x0, 0x0, 0x0, 0x4f, 0x40, 0x0, 0x0, 0x0,
    0x0, 0x0, 0x0, 0x4f, 0x97, 0x77, 0x77, 0x0,
    0x0, 0x0, 0x0, 0x4f, 0xff, 0xff, 0xff, 0x10,
    0x0, 0x0, 0x0, 0x4f, 0x40, 0x0, 0x0, 0x0,
    0x0, 0x0, 0x0, 0x4f, 0x40, 0x0, 0x0, 0x0,
    0x0, 0x0, 0x0, 0x4f, 0x40, 0x0, 0x0, 0x0,
    0x0, 0x0, 0x0, 0x4f, 0x40, 0x0, 0x0, 0x0,
    0x0, 0x0, 0x0, 0x4f, 0x40, 0x0, 0x0, 0x0,
    0x0, 0x0, 0x0, 0x5f, 0x40, 0x0, 0x0, 0x0,
    0x2f, 0xff, 0xff, 0xff, 0xff, 0xff, 0xff, 0xf1,
    0x17, 0x77, 0x77, 0x77, 0x77, 0x77, 0x77, 0x70,

    /* U+4E0B "下" */
    0x7, 0x77, 0x77, 0x77, 0x77, 0x77, 0x77, 0x70,
    0xf, 0xff, 0xff, 0xff, 0xff, 0xff, 0xff, 0xf1,
    0x0, 0x0, 0x0, 0x2f, 0x70, 0x0, 0x0, 0x0,
    0x0, 0x0, 0x0, 0x1f, 0x70, 0x0, 0x0, 0x0,
    0x0, 0x0, 0x0, 0x1f, 0xb2, 0x0, 0x0, 0x0,
    0x0, 0x0, 0x0, 0x1f, 0xff, 0x91, 0x0, 0x0,
    0x0, 0x0, 0x0, 0x1f, 0x89, 0xff, 0x70, 0x0,
    0x0, 0x0, 0x0, 0x1f, 0x70, 0x3d, 0xfd, 0x10,
    0x0, 0x0, 0x0, 0x1f, 0x70, 0x0, 0x8a, 0x0,
    0x0, 0x0, 0x0, 0x1f, 0x70, 0x0, 0x0, 0x0,
    0x0, 0x0, 0x0, 0x1f, 0x70, 0x0, 0x0, 0x0,
    0x0, 0x0, 0x0, 0x1f, 0x70, 0x0, 0x0, 0x0,
    0x0, 0x0, 0x0, 0x1f, 0x70, 0x0, 0x0, 0x0,
    0x0, 0x0, 0x0, 0x1f, 0x70, 0x0, 0x0, 0x0,

    /* U+4E0D "不" */
    0x7, 0x77, 0x77, 0x77, 0x77, 0x77, 0x77, 0x50,
    0xe, 0xff, 0xff, 0xff, 0xff, 0xff, 0xff, 0xc0,
    0x0, 0x0, 0x0, 0x8, 0xf7, 0x0, 0x0, 0x0,
    0x0, 0x0, 0x0, 0x3f, 0xd0, 0x0, 0x0, 0x0,
    0x0, 0x0, 0x2, 0xef, 0xb3, 0x20, 0x0, 0x0,
    0x0, 0x0, 0x1d, 0xff, 0xcd, 0xf6, 0x0, 0x0,
    0x0, 0x3, 0xef, 0x4e, 0xb1, 0xbf, 0xb1, 0x0,
    0x0, 0x7f, 0xe3, 0xe, 0xb0, 0x7, 0xfd, 0x20,
    0x2d, 0xfb, 0x20, 0xe, 0xb0, 0x0, 0x5f, 0xe1,
    0xa, 0x60, 0x0, 0xe, 0xb0, 0x0, 0x4, 0x60,
    0x0, 0x0, 0x0, 0xe, 0xb0, 0x0, 0x0, 0x0,
    0x0, 0x0, 0x0, 0xe, 0xb0, 0x0, 0x0, 0x0,
    0x0, 0x0, 0x0, 0xe, 0xb0, 0x0, 0x0, 0x0,
    0x0, 0x0, 0x0, 0xe, 0xb0, 0x0, 0x0, 0x0,

    /* U+4E0E "与" */
    0x0, 0x0, 0x0, 0x0, 0x0, 0x0, 0x0, 0x0,
    0x0, 0xf, 0x80, 0x0, 0x0, 0x0, 0x0, 0x0,
    0x2, 0xf9, 0x55, 0x55, 0x55, 0x55, 0x0, 0x0,
    0x5f, 0xff, 0xff, 0xff, 0xff, 0xf0, 0x0, 0x8,
    0xf1, 0x11, 0x11, 0x11, 0x11, 0x0, 0x0, 0xcc,
    0x0, 0x0, 0x0, 0x0, 0x0, 0x0, 0xf, 0xb5,
    0x55, 0x55, 0x55, 0x55, 0x10, 0x3, 0xff, 0xff,
    0xff, 0xff, 0xff, 0xf3, 0x0, 0x0, 0x0, 0x0,
    0x0, 0x0, 0x6f, 0x20, 0x0, 0x0, 0x0, 0x0,
    0x0, 0x7, 0xf0, 0xf, 0xff, 0xff, 0xff, 0xff,
    0xc0, 0xae, 0x0, 0x66, 0x66, 0x66, 0x66, 0x65,
    0xd, 0xb0, 0x0, 0x0, 0x0, 0x0, 0x0, 0x1,
    0xf8, 0x0, 0x0, 0x0, 0x0, 0x27, 0x77, 0xcf,
    0x20, 0x0, 0x0, 0x0, 0x1, 0xff, 0xfe, 0x60,
    0x0, 0x0, 0x0, 0x0, 0x0, 0x0, 0x0, 0x0,

    /* U+4E11 "丑" */
    0x2, 0xff, 0xff, 0xff, 0xff, 0xff, 0xf2, 0x0,
    0x1, 0x77, 0x7b, 0xf8, 0x77, 0x7b, 0xf2, 0x0,
    0x0, 0x0, 0x7, 0xf1, 0x0, 0x7, 0xf1, 0x0,
    0x0, 0x0, 0x8, 0xf0, 0x0, 0x8, 0xf0, 0x0,
    0x0, 0x0, 0x9, 0xe0, 0x0, 0x8, 0xf0, 0x0,
    0x0, 0x0, 0xa, 0xd0, 0x0, 0x9, 0xf0, 0x0,
    0x0, 0xcf, 0xff, 0xff, 0xff, 0xff, 0xe0, 0x0,
    0x0, 0x68, 0x8e, 0xd8, 0x88, 0x8d, 0xe0, 0x0,
    0x0, 0x0, 0xe, 0x90, 0x0, 0xb, 0xd0, 0x0,
    0x0, 0x0, 0xf, 0x80, 0x0, 0xc, 0xc0, 0x0,
    0x0, 0x0, 0x2f, 0x60, 0x0, 0xd, 0xb0, 0x0,
    0x0, 0x0, 0x3f, 0x50, 0x0, 0xf, 0xa0, 0x0,
    0x17, 0x77, 0xaf, 0x97, 0x77, 0x7f, 0xc7, 0x71,
    0x3f, 0xff, 0xff, 0xff, 0xff, 0xff, 0xff, 0xf3,

    /* U+4E16 "世" */
    0x0, 0x0, 0x0, 0x2, 0x10, 0x0, 0x0, 0x0,
    0x0, 0xc, 0x80, 0xc, 0xa0, 0xa, 0xe0, 0x0,
    0x0, 0xe, 0xa0, 0xc, 0xa0, 0xa, 0xe0, 0x0,
    0x0, 0xe, 0xa0, 0xc, 0xa0, 0xa, 0xe0, 0x0,
    0x17, 0x7f, 0xc7, 0x7e, 0xd7, 0x7c, 0xf7, 0x71,
    0x2f, 0xff, 0xff, 0xff, 0xff, 0xff, 0xff, 0xf2,
    0x0, 0xe, 0xa0, 0xc, 0xa0, 0xa, 0xe0, 0x0,
    0x0, 0xe, 0xa0, 0xc, 0xa0, 0xa, 0xe0, 0x0,
    0x0, 0xe, 0xa0, 0xc, 0xa0, 0xa, 0xe0, 0x0,
    0x0, 0xe, 0xa0, 0xc, 0xd6, 0x6c, 0xe0, 0x0,
    0x0, 0xe, 0xa0, 0xc, 0xff, 0xff, 0xd0, 0x0,
    0x0, 0xe, 0xa0, 0x0, 0x0, 0x0, 0x0, 0x0,
    0x0, 0xe, 0xb2, 0x22, 0x22, 0x22, 0x22, 0x10,
    0x0, 0xe, 0xff, 0xff, 0xff, 0xff, 0xff, 0xb0,
    0x0, 0x4, 0x44, 0x44, 0x44, 0x44, 0x44, 0x30,

    /* U+4E19 "丙" */
    0xef, 0xff, 0xff, 0xff, 0xff, 0xff, 0xfc, 0x77,
    0x77, 0x77, 0xfd, 0x77, 0x77, 0x76, 0x0, 0x0,
    0x0, 0xea, 0x0, 0x0, 0x0, 0x0, 0x0, 0x0,
    0xea, 0x0, 0x0, 0x0, 0x5f, 0xff, 0xff, 0xff,
    0xff, 0xff, 0xf5, 0x5f, 0x76, 0x67, 0xfc, 0x66,
    0x68, 0xf5, 0x5f, 0x10, 0x4, 0xf9, 0x0, 0x2,
    0xf5, 0x5f, 0x10, 0xb, 0xff, 0xa0, 0x2, 0xf5,
    0x5f, 0x10, 0x7f, 0x75, 0xfd, 0x12, 0xf5, 0x5f,
    0x29, 0xfb, 0x0, 0x3e, 0xe4, 0xf5, 0x5f, 0x8f,
    0x90, 0x0, 0x2, 0xc3, 0xf5, 0x5f, 0x12, 0x0,
    0x0, 0x0, 0x2, 0xf5, 0x5f, 0x10, 0x0, 0x0,
    0x7, 0x7a, 0xf4, 0x5f, 0x10, 0x0, 0x0, 0x9,
    0xed, 0x90,

    /* U+4E1A "业" */
    0x0, 0x0, 0x0, 0x0, 0x0, 0x0, 0x0, 0x0,
    0x0, 0x0, 0xb, 0xc0, 0xc, 0xb0, 0x0, 0x0,
    0x0, 0x0, 0xb, 0xc0, 0xc, 0xb0, 0x0, 0x0,
    0x0, 0x0, 0xb, 0xc0, 0xc, 0xb0, 0x0, 0x0,
    0x4, 0x80, 0xb, 0xc0, 0xc, 0xb0, 0x6, 0x30,
    0x6, 0xf2, 0xb, 0xc0, 0xc, 0xb0, 0x1f, 0x90,
    0x0, 0xf9, 0xb, 0xc0, 0xc, 0xb0, 0x6f, 0x20,
    0x0, 0x9f, 0xb, 0xc0, 0xc, 0xb0, 0xda, 0x0,
    0x0, 0x4f, 0x5b, 0xc0, 0xc, 0xb6, 0xf3, 0x0,
    0x0, 0xe, 0xab, 0xc0, 0xc, 0xbd, 0xa0, 0x0,
    0x0, 0x2, 0xb, 0xc0, 0xc, 0xb2, 0x10, 0x0,
    0x0, 0x0, 0xb, 0xc0, 0xc, 0xb0, 0x0, 0x0,
    0x0, 0x0, 0xb, 0xc0, 0xc, 0xb0, 0x0, 0x0,
    0xf, 0xff, 0xff, 0xff, 0xff, 0xff, 0xff, 0xf0,
    0x7, 0x77, 0x77, 0x77, 0x77, 0x77, 0x77, 0x70,

    /* U+4E2D "中" */
    0x0, 0x0, 0x0, 0xe9, 0x0, 0x0, 0x0, 0x0,
    0x0, 0x0, 0xe9, 0x0, 0x0, 0x0, 0x37, 0x77,
    0x77, 0xfc, 0x77, 0x77, 0x71, 0x7f, 0xff, 0xff,
    0xff, 0xff, 0xff, 0xf2, 0x7f, 0x0, 0x0, 0xe9,
    0x0, 0x6, 0xf2, 0x7f, 0x0, 0x0, 0xe9, 0x0,
    0x6, 0xf2, 0x7f, 0x0, 0x0, 0xe9, 0x0, 0x6,
    0xf2, 0x7f, 0x54, 0x44, 0xfb, 0x44, 0x49, 0xf2,
    0x7f, 0xff, 0xff, 0xff, 0xff, 0xff, 0xf2, 0x7f,
    0x32, 0x22, 0xea, 0x22, 0x27, 0xf2, 0x13, 0x0,
    0x0, 0xe9, 0x0, 0x0, 0x20, 0x0, 0x0, 0x0,
    0xe9, 0x0, 0x0, 0x0, 0x0, 0x0, 0x0, 0xe9,
    0x0, 0x0, 0x0, 0x0, 0x0, 0x0, 0xe9, 0x0,
    0x0, 0x0,

    /* U+4E3A "为" */
    0x0, 0x17, 0x10, 0x8f, 0x0, 0x0, 0x0, 0x0,
    0x1, 0xeb, 0x8, 0xf0, 0x0, 0x0, 0x0, 0x0,
    0x4, 0xe3, 0x9e, 0x0, 0x0, 0x0, 0x0, 0x58,
    0x88, 0x8c, 0xf8, 0x88, 0x88, 0x83, 0x9, 0xff,
    0xff, 0xff, 0xff, 0xff, 0xff, 0x70, 0x0, 0x0,
    0xe, 0xa0, 0x0, 0x2, 0xf6, 0x0, 0x0, 0x2,
    0xf6, 0x11, 0x0, 0x3f, 0x50, 0x0, 0x0, 0x7f,
    0x2d, 0xc0, 0x4, 0xf4, 0x0, 0x0, 0xe, 0xb0,
    0x3f, 0x90, 0x5f, 0x30, 0x0, 0x9, 0xf4, 0x0,
    0x8d, 0x6, 0xf2, 0x0, 0x5, 0xf9, 0x0, 0x0,
    0x0, 0x8f, 0x10, 0x6, 0xfd, 0x0, 0x0, 0x0,
    0xb, 0xe0, 0x9, 0xfb, 0x10, 0x0, 0x8, 0x89,
    0xfb, 0x0, 0x59, 0x0, 0x0, 0x0, 0xbf, 0xfc,
    0x20, 0x0, 0x0, 0x0, 0x0, 0x0, 0x0, 0x0,
    0x0,

    /* U+4E4B "之" */
    0x0, 0x0, 0x0, 0x5, 0x0, 0x0, 0x0, 0x0,
    0x0, 0x0, 0x0, 0x3f, 0x90, 0x0, 0x0, 0x0,
    0x0, 0x0, 0x0, 0xa, 0xf3, 0x0, 0x0, 0x0,
    0x2, 0x55, 0x55, 0x57, 0xe7, 0x55, 0x51, 0x0,
    0x6, 0xff, 0xff, 0xff, 0xff, 0xff, 0xfc, 0x0,
    0x0, 0x11, 0x11, 0x11, 0x11, 0x2d, 0xf3, 0x0,
    0x0, 0x0, 0x0, 0x0, 0x0, 0xaf, 0x60, 0x0,
    0x0, 0x0, 0x0, 0x0, 0x9, 0xf7, 0x0, 0x0,
    0x0, 0x0, 0x0, 0x0, 0x9f, 0x80, 0x0, 0x0,
    0x0, 0x0, 0x0, 0xb, 0xf7, 0x0, 0x0, 0x0,
    0x0, 0x0, 0x2, 0xdf, 0x50, 0x0, 0x0, 0x0,
    0x0, 0x1, 0x7f, 0xd3, 0x0, 0x0, 0x0, 0x0,
    0x0, 0x9f, 0xfc, 0x0, 0x0, 0x0, 0x0, 0x0,
    0xb, 0xf6, 0x9f, 0xd8, 0x76, 0x67, 0x79, 0xa3,
    0xb, 0x70, 0x3, 0x9d, 0xff, 0xff, 0xff, 0xe0,
    0x0, 0x0, 0x0, 0x0, 0x0, 0x0, 0x0, 0x0,

    /* U+4E4E "乎" */
    0x0, 0x0, 0x0, 0x0, 0x0, 0x0, 0x10, 0x0,
    0x0, 0x12, 0x34, 0x56, 0x8a, 0xce, 0xf7, 0x0,
    0x0, 0xff, 0xff, 0xff, 0xfd, 0xb8, 0x52, 0x0,
    0x0, 0x36, 0x32, 0x1a, 0xf0, 0x0, 0x63, 0x0,
    0x0, 0x3f, 0x30, 0xa, 0xf0, 0x1, 0xf9, 0x0,
    0x0, 0xd, 0xb0, 0xa, 0xf0, 0x8, 0xf2, 0x0,
    0x0, 0x6, 0xf2, 0xa, 0xf0, 0x1f, 0x80, 0x0,
    0x0, 0x1, 0x60, 0xa, 0xf0, 0x5, 0x0, 0x0,
    0x1f, 0xff, 0xff, 0xff, 0xff, 0xff, 0xff, 0xf2,
    0x8, 0x88, 0x88, 0x8d, 0xf8, 0x88, 0x88, 0x81,
    0x0, 0x0, 0x0, 0xa, 0xf0, 0x0, 0x0, 0x0,
    0x0, 0x0, 0x0, 0xa, 0xf0, 0x0, 0x0, 0x0,
    0x0, 0x0, 0x0, 0xa, 0xf0, 0x0, 0x0, 0x0,
    0x0, 0x0, 0x77, 0x7d, 0xe0, 0x0, 0x0, 0x0,
    0x0, 0x0, 0x9f, 0xfd, 0x60, 0x0, 0x0, 0x0,
    0x0, 0x0, 0x0, 0x0, 0x0, 0x0, 0x0, 0x0,

    /* U+4E59 "乙" */
    0x0, 0x0, 0x0, 0x0, 0x0, 0x0, 0x0, 0x6,
    0xff, 0xff, 0xff, 0xff, 0xff, 0xb0, 0x0, 0x37,
    0x77, 0x77, 0x77, 0xef, 0xd2, 0x0, 0x0, 0x0,
    0x0, 0x0, 0xaf, 0xa0, 0x0, 0x0, 0x0, 0x0,
    0x1, 0xcf, 0x70, 0x0, 0x0, 0x0, 0x0, 0x2,
    0xef, 0x40, 0x0, 0x0, 0x0, 0x0, 0x4, 0xfe,
    0x20, 0x0, 0x0, 0x0, 0x0, 0x4, 0xfc, 0x10,
    0x0, 0x0, 0x0, 0x0, 0x3, 0xfc, 0x0, 0x0,
    0x0, 0x0, 0x10, 0x1, 0xec, 0x0, 0x0, 0x0,
    0x0, 0x8, 0xd0, 0x6f, 0x30, 0x0, 0x0, 0x0,
    0x0, 0xae, 0x7, 0xf6, 0x0, 0x0, 0x0, 0x0,
    0x1e, 0xb0, 0x1e, 0xff, 0xff, 0xff, 0xff, 0xff,
    0xf4, 0x0, 0x5, 0x89, 0x99, 0x99, 0x99, 0x73,
    0x0,

    /* U+4E5D "九" */
    0x0, 0x0, 0xa, 0xf0, 0x0, 0x0, 0x0, 0x0,
    0x0, 0x0, 0xb, 0xe0, 0x0, 0x0, 0x0, 0x0,
    0x0, 0x0, 0xb, 0xe0, 0x0, 0x0, 0x0, 0x0,
    0xc, 0xff, 0xff, 0xff, 0xff, 0xf8, 0x0, 0x0,
    0x6, 0x88, 0x8e, 0xe8, 0x88, 0xf8, 0x0, 0x0,
    0x0, 0x0, 0xf, 0xa0, 0x0, 0xf8, 0x0, 0x0,
    0x0, 0x0, 0x1f, 0x80, 0x0, 0xf8, 0x0, 0x0,
    0x0, 0x0, 0x5f, 0x50, 0x0, 0xf8, 0x0, 0x0,
    0x0, 0x0, 0xaf, 0x0, 0x0, 0xf8, 0x0, 0x0,
    0x0, 0x1, 0xfb, 0x0, 0x0, 0xf8, 0x0, 0x0,
    0x0, 0x9, 0xf4, 0x0, 0x0, 0xf8, 0x1, 0xd2,
    0x0, 0x5f, 0xa0, 0x0, 0x0, 0xf8, 0x2, 0xf3,
    0x7, 0xfd, 0x10, 0x0, 0x0, 0xfc, 0x69, 0xf1,
    0x1e, 0xc1, 0x0, 0x0, 0x0, 0x8f, 0xff, 0x90,
    0x1, 0x0, 0x0, 0x0, 0x0, 0x0, 0x0, 0x0,

    /* U+4E7E "乾" */
    0x0, 0x6, 0xf1, 0x0, 0x5, 0xd1, 0x0, 0x0,
    0x1f, 0xff, 0xff, 0xfc, 0xc, 0xc1, 0x11, 0x10,
    0x1, 0x17, 0xf2, 0x11, 0x3f, 0xff, 0xff, 0xf3,
    0x3, 0x59, 0xf5, 0x52, 0xdd, 0x77, 0x77, 0x71,
    0xa, 0xec, 0xcc, 0xfc, 0xf3, 0x0, 0x0, 0x0,
    0xa, 0xa0, 0x0, 0xf6, 0x58, 0x88, 0x87, 0x20,
    0xa, 0xfe, 0xee, 0xf6, 0x4c, 0xcd, 0xfd, 0x10,
    0xa, 0xa0, 0x0, 0xf6, 0x0, 0xc, 0xe1, 0x0,
    0xa, 0xff, 0xff, 0xf6, 0x0, 0x9f, 0x30, 0x0,
    0x2, 0x27, 0xf4, 0x21, 0x5, 0xf5, 0x0, 0x0,
    0x3, 0x38, 0xf5, 0x32, 0x1e, 0x90, 0x0, 0x20,
    0x2f, 0xff, 0xff, 0xfb, 0x8e, 0x0, 0x0, 0xd6,
    0x0, 0x5, 0xf1, 0x0, 0xaf, 0x88, 0x89, 0xf4,
    0x0, 0x5, 0xf1, 0x0, 0x2b, 0xee, 0xee, 0xa0,

    /* U+4E8B "事" */
    0x3, 0x33, 0x33, 0x3d, 0xc3, 0x33, 0x33, 0x30,
    0xd, 0xff, 0xff, 0xff, 0xff, 0xff, 0xff, 0xe0,
    0x0, 0x0, 0x0, 0xd, 0xb0, 0x0, 0x0, 0x0,
    0x0, 0x3f, 0xfe, 0xef, 0xfe, 0xef, 0xf5, 0x0,
    0x0, 0x3f, 0x30, 0xd, 0xb0, 0x3, 0xf5, 0x0,
    0x0, 0x3e, 0xee, 0xef, 0xfe, 0xee, 0xe5, 0x0,
    0x0, 0x12, 0x22, 0x2d, 0xb2, 0x22, 0x21, 0x0,
    0x0, 0x9e, 0xee, 0xef, 0xfe, 0xee, 0xf9, 0x0,
    0x3, 0x33, 0x33, 0x3d, 0xc3, 0x33, 0xeb, 0x30,
    0x3f, 0xff, 0xff, 0xff, 0xff, 0xff, 0xff, 0xf4,
    0x0, 0x22, 0x22, 0x2d, 0xb2, 0x22, 0xe9, 0x0,
    0x0, 0xcf, 0xff, 0xff, 0xff, 0xff, 0xf9, 0x0,
    0x0, 0x0, 0x2, 0x3e, 0xa0, 0x0, 0xb7, 0x0,
    0x0, 0x0, 0xf, 0xfe, 0x50, 0x0, 0x0, 0x0,

    /* U+4E8C "二" */
    0x0, 0x0, 0x0, 0x0, 0x0, 0x0, 0x0, 0x0,
    0x0, 0xbf, 0xff, 0xff, 0xff, 0xff, 0xfb, 0x0,
    0x0, 0x69, 0x99, 0x99, 0x99, 0x99, 0x96, 0x0,
    0x0, 0x0, 0x0, 0x0, 0x0, 0x0, 0x0, 0x0,
    0x0, 0x0, 0x0, 0x0, 0x0, 0x0, 0x0, 0x0,
    0x0, 0x0, 0x0, 0x0, 0x0, 0x0, 0x0, 0x0,
    0x0, 0x0, 0x0, 0x0, 0x0, 0x0, 0x0, 0x0,
    0x0, 0x0, 0x0, 0x0, 0x0, 0x0, 0x0, 0x0,
    0x0, 0x0, 0x0, 0x0, 0x0, 0x0, 0x0, 0x0,
    0x0, 0x0, 0x0, 0x0, 0x0, 0x0, 0x0, 0x0,
    0xf, 0xff, 0xff, 0xff, 0xff, 0xff, 0xff, 0xf0,
    0xb, 0xbb, 0xbb, 0xbb, 0xbb, 0xbb, 0xbb, 0xb0,

    /* U+4E94 "五" */
    0x0, 0xff, 0xff, 0xff, 0xff, 0xff, 0xff, 0x0,
    0x0, 0x77, 0x77, 0xdf, 0x77, 0x77, 0x77, 0x0,
    0x0, 0x0, 0x0, 0xcd, 0x0, 0x0, 0x0, 0x0,
    0x0, 0x0, 0x0, 0xea, 0x0, 0x0, 0x0, 0x0,
    0x0, 0x4, 0x45, 0xfb, 0x44, 0x45, 0x20, 0x0,
    0x0, 0x2f, 0xff, 0xff, 0xff, 0xff, 0x60, 0x0,
    0x0, 0x2, 0x28, 0xf4, 0x22, 0x5f, 0x50, 0x0,
    0x0, 0x0, 0x9, 0xf0, 0x0, 0x5f, 0x40, 0x0,
    0x0, 0x0, 0xc, 0xd0, 0x0, 0x6f, 0x20, 0x0,
    0x0, 0x0, 0xf, 0xa0, 0x0, 0x8f, 0x10, 0x0,
    0x0, 0x0, 0x2f, 0x70, 0x0, 0x9f, 0x0, 0x0,
    0xf, 0xff, 0xff, 0xff, 0xff, 0xff, 0xff, 0xf1,
    0x7, 0x77, 0x77, 0x77, 0x77, 0x77, 0x77, 0x70,

    /* U+4EA5 "亥" */
    0x0, 0x0, 0x0, 0x5, 0x20, 0x0, 0x0, 0x0,
    0x0, 0x0, 0x0, 0x1f, 0xc0, 0x0, 0x0, 0x0,
    0x7, 0x77, 0x77, 0x7c, 0xf9, 0x77, 0x77, 0x70,
    0xf, 0xff, 0xff, 0xff, 0xff, 0xff, 0xff, 0xf1,
    0x0, 0x0, 0xc, 0xf2, 0x0, 0x0, 0x0, 0x0,
    0x0, 0x0, 0xaf, 0x40, 0x0, 0xd8, 0x0, 0x0,
    0x0, 0x2b, 0xfc, 0x78, 0x9c, 0xf4, 0x0, 0x0,
    0x0, 0x5f, 0xff, 0xee, 0xff, 0x60, 0x73, 0x0,
    0x0, 0x3, 0x10, 0x7f, 0xe4, 0x7, 0xfa, 0x0,
    0x0, 0x1, 0x7e, 0xfb, 0x10, 0x6f, 0xc0, 0x0,
    0x4, 0xcf, 0xfc, 0x30, 0xa, 0xfc, 0x10, 0x0,
    0x3, 0xd8, 0x20, 0x5, 0xef, 0xe0, 0x0, 0x0,
    0x0, 0x0, 0x6, 0xdf, 0xda, 0xfd, 0x40, 0x0,
    0x2, 0x6b, 0xff, 0xd5, 0x0, 0x4e, 0xf9, 0x0,
    0xc, 0xfe, 0x94, 0x0, 0x0, 0x0, 0xaf, 0x70,
    0x2, 0x30, 0x0, 0x0, 0x0, 0x0, 0x3, 0x0,

    /* U+4EAE "亮" */
    0x0, 0x0, 0x0, 0x5, 0x30, 0x0, 0x0, 0x0,
    0x0, 0x0, 0x0, 0xd, 0xd0, 0x0, 0x0, 0x0,
    0xf, 0xff, 0xff, 0xff, 0xff, 0xff, 0xff, 0xf0,
    0x3, 0x33, 0x33, 0x33, 0x33, 0x33, 0x33, 0x30,
    0x0, 0xc, 0xff, 0xff, 0xff, 0xff, 0xe0, 0x0,
    0x0, 0xc, 0xa0, 0x0, 0x0, 0xa, 0xe0, 0x0,
    0x0, 0xc, 0xff, 0xff, 0xff, 0xff, 0xe0, 0x0,
    0x0, 0x1, 0x22, 0x22, 0x22, 0x22, 0x20, 0x0,
    0xc, 0xff, 0xff, 0xff, 0xff, 0xff, 0xff, 0xc0,
    0xc, 0xa1, 0x11, 0x11, 0x11, 0x11, 0x1b, 0xc0,
    0xb, 0x80, 0x4f, 0xff, 0xff, 0xf3, 0x9, 0xa0,
    0x0, 0x0, 0x7f, 0x54, 0x48, 0xf3, 0x0, 0x0,
    0x0, 0x0, 0xdd, 0x0, 0x5, 0xf3, 0x4, 0xa0,
    0x1, 0x6d, 0xf4, 0x0, 0x4, 0xf7, 0x4a, 0xe0,
    0xc, 0xfb, 0x30, 0x0, 0x1, 0xdf, 0xff, 0x70,
    0x1, 0x10, 0x0, 0x0, 0x0, 0x0, 0x0, 0x0,

    /* U+4ECA "今" */
    0x0, 0x0, 0x0, 0x2, 0x20, 0x0, 0x0, 0x0,
    0x0, 0x0, 0x0, 0x1d, 0xf1, 0x0, 0x0, 0x0,
    0x0, 0x0, 0x0, 0xbf, 0xfb, 0x0, 0x0, 0x0,
    0x0, 0x0, 0x1c, 0xf5, 0x3e, 0xd2, 0x0, 0x0,
    0x0, 0x4, 0xef, 0x40, 0x2, 0xef, 0x60, 0x0,
    0x2, 0xaf, 0xe4, 0x6d, 0x20, 0x1c, 0xfc, 0x30,
    0x2f, 0xf9, 0x10, 0x1c, 0xf5, 0x0, 0x7f, 0xf2,
    0x6, 0x30, 0x0, 0x0, 0xbe, 0x10, 0x2, 0x40,
    0x0, 0x39, 0x99, 0x99, 0x9b, 0x99, 0x94, 0x0,
    0x0, 0x6f, 0xff, 0xff, 0xff, 0xff, 0xf6, 0x0,
    0x0, 0x0, 0x0, 0x0, 0x0, 0x4f, 0xa0, 0x0,
    0x0, 0x0, 0x0, 0x0, 0x2, 0xed, 0x0, 0x0,
    0x0, 0x0, 0x0, 0x0, 0xd, 0xf2, 0x0, 0x0,
    0x0, 0x0, 0x0, 0x0, 0xbf, 0x50, 0x0, 0x0,
    0x0, 0x0, 0x0, 0x7, 0xf8, 0x0, 0x0, 0x0,
    0x0, 0x0, 0x0, 0x0, 0x40, 0x0, 0x0, 0x0,

    /* U+4ED6 "他" */
    0x0, 0x0, 0x0, 0x0, 0x0, 0x0, 0x0, 0x0,
    0x0, 0x2, 0xf5, 0x0, 0x2, 0xf3, 0x0, 0x0,
    0x0, 0xa, 0xd0, 0x8e, 0x2, 0xf3, 0x0, 0x0,
    0x0, 0x2f, 0x50, 0x8e, 0x2, 0xf3, 0x5d, 0x80,
    0x0, 0xcf, 0x0, 0x8e, 0x4, 0xff, 0xff, 0xa0,
    0x8, 0xff, 0x0, 0x8f, 0xbf, 0xfa, 0x3b, 0xa0,
    0x6f, 0xef, 0x18, 0xef, 0xd9, 0xf3, 0xc, 0x90,
    0x3b, 0x8f, 0x5f, 0xee, 0x2, 0xf3, 0xc, 0x90,
    0x0, 0x7f, 0x1, 0x8e, 0x2, 0xf3, 0xd, 0x80,
    0x0, 0x7f, 0x0, 0x8e, 0x2, 0xf6, 0x7f, 0x60,
    0x0, 0x7f, 0x0, 0x8e, 0x2, 0xf5, 0xda, 0x10,
    0x0, 0x7f, 0x0, 0x8e, 0x2, 0xf3, 0x0, 0x10,
    0x0, 0x7f, 0x0, 0x8f, 0x0, 0x0, 0x2, 0xf3,
    0x0, 0x7f, 0x0, 0x6f, 0xa8, 0x88, 0x8d, 0xf1,
    0x0, 0x7f, 0x0, 0x8, 0xcc, 0xcc, 0xcb, 0x50,

    /* U+4EFD "份" */
    0x0, 0x0, 0x30, 0x0, 0x0, 0x0, 0x0, 0x0,
    0x0, 0x5, 0xf3, 0x4, 0xd2, 0xf, 0x50, 0x0,
    0x0, 0xc, 0xc0, 0xb, 0xe0, 0xb, 0xa0, 0x0,
    0x0, 0x3f, 0x50, 0x1f, 0x80, 0x6, 0xf1, 0x0,
    0x0, 0xcf, 0x0, 0x9f, 0x20, 0x1, 0xf9, 0x0,
    0x7, 0xff, 0x4, 0xf8, 0x0, 0x0, 0x7f, 0x50,
    0x3f, 0xff, 0x3f, 0xf5, 0x44, 0x44, 0x4e, 0xf4,
    0x2d, 0x9f, 0x1c, 0xbf, 0xff, 0xff, 0xfb, 0xa0,
    0x1, 0x7f, 0x0, 0x1, 0xe9, 0x11, 0xd9, 0x0,
    0x0, 0x7f, 0x0, 0x0, 0xf6, 0x0, 0xe8, 0x0,
    0x0, 0x7f, 0x0, 0x5, 0xf2, 0x0, 0xf7, 0x0,
    0x0, 0x7f, 0x0, 0xc, 0xc0, 0x1, 0xf6, 0x0,
    0x0, 0x7f, 0x0, 0x7f, 0x50, 0x3, 0xf4, 0x0,
    0x0, 0x7f, 0x9, 0xf9, 0x4, 0x6b, 0xf1, 0x0,
    0x0, 0x7f, 0xb, 0x80, 0x5, 0xed, 0x70, 0x0,
    0x0, 0x0, 0x0, 0x0, 0x0, 0x0, 0x0, 0x0,

    /* U+4F11 "休" */
    0x0, 0x0, 0x0, 0x0, 0x0, 0x0, 0x0, 0x0,
    0x0, 0x0, 0xcc, 0x0, 0x8, 0xe0, 0x0, 0x0,
    0x0, 0x5, 0xf6, 0x0, 0x8, 0xe0, 0x0, 0x0,
    0x0, 0xd, 0xd0, 0x0, 0x8, 0xe0, 0x0, 0x0,
    0x0, 0x7f, 0x67, 0x77, 0x7c, 0xf7, 0x77, 0x72,
    0x4, 0xff, 0x5e, 0xff, 0xff, 0xff, 0xff, 0xf5,
    0x4f, 0xff, 0x50, 0x0, 0x8f, 0xfe, 0x0, 0x0,
    0x4e, 0x4f, 0x50, 0x1, 0xff, 0xff, 0x70, 0x0,
    0x1, 0x2f, 0x50, 0xa, 0xfa, 0xe8, 0xf1, 0x0,
    0x0, 0x2f, 0x50, 0x3f, 0x78, 0xe0, 0xe9, 0x0,
    0x0, 0x2f, 0x51, 0xed, 0x8, 0xe0, 0x6f, 0x50,
    0x0, 0x2f, 0x7d, 0xe2, 0x8, 0xe0, 0xb, 0xf5,
    0x0, 0x2f, 0x9e, 0x30, 0x8, 0xe0, 0x1, 0xd4,
    0x0, 0x2f, 0x50, 0x0, 0x8, 0xe0, 0x0, 0x0,
    0x0, 0x2f, 0x50, 0x0, 0x8, 0xe0, 0x0, 0x0,
    0x0, 0x0, 0x0, 0x0, 0x0, 0x0, 0x0, 0x0,

    /* U+4F4D "位" */
    0x0, 0x0, 0x10, 0x0, 0x2, 0x30, 0x0, 0x0,
    0x0, 0x0, 0xcc, 0x0, 0xa, 0xd0, 0x0, 0x0,
    0x0, 0x4, 0xf5, 0x0, 0x5, 0xf2, 0x0, 0x0,
    0x0, 0xc, 0xe0, 0x77, 0x78, 0xb8, 0x77, 0x50,
    0x0, 0x5f, 0x70, 0xef, 0xff, 0xff, 0xff, 0xb0,
    0x1, 0xef, 0x60, 0x1, 0x10, 0x0, 0x33, 0x0,
    0xd, 0xff, 0x60, 0xd, 0x80, 0x0, 0xcc, 0x0,
    0xd, 0x6f, 0x60, 0xa, 0xb0, 0x0, 0xe9, 0x0,
    0x1, 0x1f, 0x60, 0x7, 0xf0, 0x1, 0xf6, 0x0,
    0x0, 0x1f, 0x60, 0x5, 0xf2, 0x3, 0xf2, 0x0,
    0x0, 0x1f, 0x60, 0x2, 0xf4, 0x7, 0xe0, 0x0,
    0x0, 0x1f, 0x60, 0x0, 0xf7, 0xa, 0xb0, 0x0,
    0x0, 0x1f, 0x60, 0x0, 0x50, 0xe, 0x70, 0x0,
    0x0, 0x1f, 0x69, 0xff, 0xff, 0xff, 0xff, 0xf5,
    0x0, 0x1f, 0x64, 0x77, 0x77, 0x77, 0x77, 0x72,

    /* U+4F7F "使" */
    0x0, 0x0, 0x10, 0x0, 0x0, 0x0, 0x0, 0x0,
    0x0, 0x2, 0xf5, 0x0, 0xb, 0xb0, 0x0, 0x0,
    0x0, 0xa, 0xee, 0xff, 0xff, 0xff, 0xff, 0xf2,
    0x0, 0x3f, 0x65, 0x66, 0x6d, 0xd6, 0x66, 0x61,
    0x0, 0xcf, 0x20, 0x0, 0xb, 0xc0, 0x0, 0x0,
    0x9, 0xff, 0x28, 0xff, 0xff, 0xff, 0xff, 0xb0,
    0x6f, 0xcf, 0x28, 0xe3, 0x3c, 0xc3, 0x3c, 0xb0,
    0x29, 0x4f, 0x28, 0xd0, 0xb, 0xb0, 0xb, 0xb0,
    0x0, 0x4f, 0x28, 0xff, 0xff, 0xff, 0xff, 0xb0,
    0x0, 0x4f, 0x23, 0x94, 0x4e, 0xb4, 0x44, 0x30,
    0x0, 0x4f, 0x21, 0xe9, 0x2f, 0x60, 0x0, 0x0,
    0x0, 0x4f, 0x20, 0x3f, 0xef, 0x0, 0x0, 0x0,
    0x0, 0x4f, 0x20, 0xb, 0xff, 0x82, 0x0, 0x0,
    0x0, 0x4f, 0x48, 0xef, 0x67, 0xef, 0xda, 0x81,
    0x0, 0x4f, 0x3c, 0x81, 0x0, 0x4, 0x8b, 0xb0,

    /* U+504F "偏" */
    0x0, 0x0, 0x62, 0x0, 0x8, 0x20, 0x0, 0x0,
    0x0, 0x3f, 0x50, 0x0, 0xda, 0x0, 0x0, 0x0,
    0xb, 0xe5, 0xff, 0xff, 0xff, 0xff, 0xa0, 0x3,
    0xf6, 0x4f, 0x44, 0x44, 0x44, 0xeb, 0x0, 0xdf,
    0x14, 0xf1, 0x0, 0x0, 0xe, 0xb0, 0x9f, 0xf1,
    0x5f, 0xff, 0xff, 0xff, 0xfb, 0x5f, 0xdf, 0x15,
    0xf2, 0x22, 0x22, 0x22, 0x11, 0xb5, 0xf1, 0x5f,
    0xce, 0xee, 0xee, 0xed, 0x0, 0x5f, 0x16, 0xdd,
    0x6d, 0x5c, 0x76, 0xe0, 0x5, 0xf1, 0x8c, 0xd2,
    0xc2, 0xb4, 0x3e, 0x0, 0x5f, 0x1a, 0xbd, 0x6d,
    0x5c, 0x76, 0xe0, 0x5, 0xf1, 0xd8, 0xde, 0xfe,
    0xff, 0xfe, 0x0, 0x5f, 0x2f, 0x5d, 0x2c, 0x2b,
    0x43, 0xe0, 0x5, 0xf7, 0xf0, 0xd2, 0xc2, 0xb6,
    0x6e, 0x0, 0x5f, 0x38, 0xd, 0x27, 0x16, 0x6e,
    0x80,

    /* U+5065 "健" */
    0x0, 0x0, 0x0, 0x0, 0x0, 0x0, 0x0, 0x0,
    0x0, 0xe, 0x84, 0x43, 0x12, 0x9c, 0x22, 0x0,
    0x0, 0x5f, 0x8f, 0xf8, 0x6f, 0xff, 0xff, 0x10,
    0x0, 0xba, 0x1, 0xf3, 0x0, 0x8b, 0x1f, 0x10,
    0x4, 0xf6, 0x7, 0xd2, 0xff, 0xff, 0xff, 0xf1,
    0xd, 0xf6, 0xd, 0x70, 0x11, 0x8b, 0x2f, 0x20,
    0x6f, 0xf6, 0x3f, 0xca, 0x6e, 0xff, 0xff, 0x10,
    0x27, 0xe6, 0x25, 0x8d, 0x1, 0x9c, 0x11, 0x0,
    0x0, 0xe6, 0x1, 0x6b, 0xaf, 0xff, 0xff, 0x50,
    0x0, 0xe6, 0xb7, 0x99, 0x23, 0x9c, 0x33, 0x10,
    0x0, 0xe6, 0x6d, 0xc6, 0x55, 0xbd, 0x55, 0x40,
    0x0, 0xe6, 0xe, 0xf2, 0xcc, 0xef, 0xcc, 0xa0,
    0x0, 0xe6, 0xa, 0xf6, 0x0, 0x8b, 0x0, 0x0,
    0x0, 0xe6, 0x8f, 0xbf, 0xfb, 0xff, 0x76, 0x71,
    0x0, 0xe8, 0xc5, 0x0, 0x59, 0xab, 0xcc, 0xb0,
    0x0, 0x0, 0x0, 0x0, 0x0, 0x0, 0x0, 0x0,

    /* U+5144 "兄" */
    0x0, 0x6f, 0xff, 0xff, 0xff, 0xff, 0xf9, 0x0,
    0x0, 0x6f, 0x77, 0x77, 0x77, 0x77, 0xf9, 0x0,
    0x0, 0x6f, 0x0, 0x0, 0x0, 0x0, 0xf9, 0x0,
    0x0, 0x6f, 0x0, 0x0, 0x0, 0x0, 0xf9, 0x0,
    0x0, 0x6f, 0x0, 0x0, 0x0, 0x0, 0xf9, 0x0,
    0x0, 0x6f, 0x54, 0x44, 0x44, 0x44, 0xf9, 0x0,
    0x0, 0x6f, 0xff, 0xff, 0xff, 0xff, 0xf9, 0x0,
    0x0, 0x12, 0x4f, 0x92, 0x2f, 0xa2, 0x21, 0x0,
    0x0, 0x0, 0x4f, 0x50, 0xe, 0x90, 0x0, 0x0,
    0x0, 0x0, 0x8f, 0x20, 0xe, 0x90, 0x0, 0x0,
    0x0, 0x0, 0xec, 0x0, 0xe, 0x90, 0x1, 0xe3,
    0x0, 0xc, 0xf5, 0x0, 0xe, 0x90, 0x2, 0xf3,
    0x17, 0xef, 0x60, 0x0, 0xe, 0xd6, 0x69, 0xf1,
    0x1e, 0xc4, 0x0, 0x0, 0x7, 0xff, 0xff, 0x80,
    0x0, 0x0, 0x0, 0x0, 0x0, 0x0, 0x0, 0x0,

    /* U+514B "克" */
    0x0, 0x0, 0x0, 0xc, 0xb0, 0x0, 0x0, 0x0,
    0xc, 0xff, 0xff, 0xff, 0xff, 0xff, 0xff, 0xe0,
    0x4, 0x66, 0x66, 0x6d, 0xd6, 0x66, 0x66, 0x50,
    0x0, 0x0, 0x0, 0xc, 0xb0, 0x0, 0x0, 0x0,
    0x0, 0x1f, 0xff, 0xff, 0xff, 0xff, 0xf4, 0x0,
    0x0, 0x1f, 0x84, 0x44, 0x44, 0x47, 0xf4, 0x0,
    0x0, 0x1f, 0x50, 0x0, 0x0, 0x4, 0xf4, 0x0,
    0x0, 0x1f, 0x95, 0x55, 0x55, 0x58, 0xf4, 0x0,
    0x0, 0x1f, 0xff, 0xff, 0xff, 0xff, 0xf4, 0x0,
    0x0, 0x0, 0xe, 0xb0, 0xf, 0x70, 0x0, 0x0,
    0x0, 0x0, 0x4f, 0x70, 0xf, 0x70, 0x0, 0x50,
    0x0, 0x3, 0xee, 0x0, 0xf, 0x70, 0x1, 0xf4,
    0x6, 0xaf, 0xe3, 0x0, 0xf, 0xc6, 0x69, 0xf2,
    0xd, 0xe9, 0x10, 0x0, 0x9, 0xff, 0xff, 0x90,
    0x1, 0x0, 0x0, 0x0, 0x0, 0x0, 0x0, 0x0,

    /* U+5151 "兑" */
    0x0, 0x0, 0x30, 0x0, 0x0, 0x4, 0x0, 0x0,
    0x0, 0x2, 0xf8, 0x0, 0x0, 0x7f, 0x50, 0x0,
    0x0, 0x0, 0x8f, 0x20, 0x1, 0xfa, 0x0, 0x0,
    0x0, 0x14, 0x5f, 0x84, 0x4b, 0xf5, 0x42, 0x0,
    0x0, 0x7f, 0xff, 0xff, 0xff, 0xff, 0xf8, 0x0,
    0x0, 0x7f, 0x10, 0x0, 0x0, 0x1, 0xf8, 0x0,
    0x0, 0x7f, 0x0, 0x0, 0x0, 0x1, 0xf8, 0x0,
    0x0, 0x7f, 0x0, 0x0, 0x0, 0x1, 0xf8, 0x0,
    0x0, 0x7f, 0xff, 0xff, 0xff, 0xff, 0xf8, 0x0,
    0x0, 0x25, 0x5c, 0xf5, 0x6f, 0xb5, 0x53, 0x0,
    0x0, 0x0, 0xd, 0xb0, 0xf, 0x80, 0x0, 0x0,
    0x0, 0x0, 0x3f, 0x70, 0xf, 0x80, 0x0, 0x10,
    0x0, 0x2, 0xde, 0x0, 0xf, 0x80, 0x0, 0xf4,
    0x2, 0x8e, 0xe3, 0x0, 0xf, 0xc5, 0x58, 0xf3,
    0xb, 0xfb, 0x20, 0x0, 0x8, 0xff, 0xff, 0xa0,
    0x1, 0x10, 0x0, 0x0, 0x0, 0x0, 0x0, 0x0,

    /* U+5165 "入" */
    0x0, 0x0, 0x0, 0x0, 0x0, 0x0, 0x0, 0x0,
    0x0, 0x0, 0x1d, 0x50, 0x0, 0x0, 0x0, 0x0,
    0x0, 0x0, 0x1c, 0xf5, 0x0, 0x0, 0x0, 0x0,
    0x0, 0x0, 0x0, 0xcf, 0x30, 0x0, 0x0, 0x0,
    0x0, 0x0, 0x0, 0x1f, 0xc0, 0x0, 0x0, 0x0,
    0x0, 0x0, 0x0, 0x2f, 0xf6, 0x0, 0x0, 0x0,
    0x0, 0x0, 0x0, 0x7f, 0xee, 0x0, 0x0, 0x0,
    0x0, 0x0, 0x0, 0xce, 0x3f, 0x80, 0x0, 0x0,
    0x0, 0x0, 0x3, 0xf9, 0xa, 0xf2, 0x0, 0x0,
    0x0, 0x0, 0xc, 0xf2, 0x2, 0xfb, 0x0, 0x0,
    0x0, 0x0, 0x6f, 0x90, 0x0, 0x9f, 0x50, 0x0,
    0x0, 0x4, 0xfe, 0x0, 0x0, 0x1e, 0xf3, 0x0,
    0x0, 0x5f, 0xf2, 0x0, 0x0, 0x3, 0xfe, 0x40,
    0xa, 0xff, 0x40, 0x0, 0x0, 0x0, 0x6f, 0xf3,
    0x9, 0xc2, 0x0, 0x0, 0x0, 0x0, 0x3, 0xd0,
    0x0, 0x0, 0x0, 0x0, 0x0, 0x0, 0x0, 0x0,

    /* U+516D "六" */
    0x0, 0x0, 0x0, 0x16, 0x0, 0x0, 0x0, 0x0,
    0x0, 0x0, 0x0, 0x5f, 0x70, 0x0, 0x0, 0x0,
    0x0, 0x0, 0x0, 0xe, 0xe0, 0x0, 0x0, 0x0,
    0x0, 0x0, 0x0, 0x7, 0xf4, 0x0, 0x0, 0x0,
    0x7, 0x77, 0x77, 0x78, 0x97, 0x77, 0x77, 0x70,
    0x1f, 0xff, 0xff, 0xff, 0xff, 0xff, 0xff, 0xf1,
    0x0, 0x0, 0x0, 0x0, 0x0, 0x0, 0x0, 0x0,
    0x0, 0x0, 0x11, 0x0, 0x0, 0x30, 0x0, 0x0,
    0x0, 0x0, 0x9f, 0x40, 0x5, 0xf7, 0x0, 0x0,
    0x0, 0x2, 0xfc, 0x0, 0x0, 0xbf, 0x30, 0x0,
    0x0, 0xb, 0xf3, 0x0, 0x0, 0x2f, 0xd0, 0x0,
    0x0, 0x5f, 0xa0, 0x0, 0x0, 0x6, 0xf8, 0x0,
    0x2, 0xee, 0x10, 0x0, 0x0, 0x0, 0xcf, 0x30,
    0x1d, 0xf5, 0x0, 0x0, 0x0, 0x0, 0x3f, 0xd0,
    0x7, 0x90, 0x0, 0x0, 0x0, 0x0, 0x8, 0x60,

    /* U+5176 "其" */
    0x0, 0x4, 0xf3, 0x0, 0x0, 0x3f, 0x40, 0x0,
    0x4, 0x79, 0xf9, 0x77, 0x77, 0x9f, 0x97, 0x50,
    0x8, 0xee, 0xfe, 0xee, 0xee, 0xef, 0xee, 0xa0,
    0x0, 0x4, 0xf3, 0x0, 0x0, 0x3f, 0x40, 0x0,
    0x0, 0x4, 0xff, 0xff, 0xff, 0xff, 0x40, 0x0,
    0x0, 0x4, 0xf7, 0x44, 0x44, 0x7f, 0x40, 0x0,
    0x0, 0x4, 0xf6, 0x44, 0x44, 0x7f, 0x40, 0x0,
    0x0, 0x4, 0xff, 0xff, 0xff, 0xff, 0x40, 0x0,
    0x0, 0x4, 0xf3, 0x0, 0x0, 0x3f, 0x40, 0x0,
    0x6, 0x69, 0xf8, 0x66, 0x66, 0x9f, 0x96, 0x60,
    0x1f, 0xff, 0xff, 0xff, 0xff, 0xff, 0xff, 0xf1,
    0x0, 0x0, 0x3b, 0x50, 0x4, 0x93, 0x0, 0x0,
    0x1, 0x6c, 0xfc, 0x40, 0x5, 0xcf, 0xd6, 0x0,
    0xd, 0xfa, 0x40, 0x0, 0x0, 0x2, 0xaf, 0xb0,
    0x2, 0x10, 0x0, 0x0, 0x0, 0x0, 0x2, 0x0,

    /* U+5185 "内" */
    0x0, 0x0, 0x0, 0xbc, 0x0, 0x0, 0x0, 0x0,
    0x0, 0x0, 0xbc, 0x0, 0x0, 0x0, 0x6f, 0xff,
    0xff, 0xff, 0xff, 0xff, 0xf6, 0x6f, 0x87, 0x77,
    0xed, 0x77, 0x78, 0xf6, 0x6f, 0x10, 0x0, 0xea,
    0x0, 0x1, 0xf6, 0x6f, 0x10, 0x1, 0xfb, 0x0,
    0x1, 0xf6, 0x6f, 0x10, 0x7, 0xff, 0x90, 0x1,
    0xf6, 0x6f, 0x10, 0x2f, 0xa5, 0xfa, 0x1, 0xf6,
    0x6f, 0x12, 0xde, 0x10, 0x5f, 0xa1, 0xf6, 0x6f,
    0x6f, 0xe3, 0x0, 0x7, 0xf8, 0xf6, 0x6f, 0x3a,
    0x10, 0x0, 0x0, 0x51, 0xf6, 0x6f, 0x10, 0x0,
    0x0, 0x0, 0x1, 0xf6, 0x6f, 0x10, 0x0, 0x0,
    0x6, 0x79, 0xf5, 0x6f, 0x10, 0x0, 0x0, 0x8,
    0xfe, 0xa0,

    /* U+51E0 "几" */
    0x0, 0x0, 0xff, 0xff, 0xff, 0xf9, 0x0, 0x0,
    0x0, 0x0, 0xfb, 0x66, 0x66, 0xf9, 0x0, 0x0,
    0x0, 0x0, 0xf8, 0x0, 0x0, 0xe9, 0x0, 0x0,
    0x0, 0x0, 0xf8, 0x0, 0x0, 0xe9, 0x0, 0x0,
    0x0, 0x0, 0xf8, 0x0, 0x0, 0xe9, 0x0, 0x0,
    0x0, 0x1, 0xf7, 0x0, 0x0, 0xe9, 0x0, 0x0,
    0x0, 0x1, 0xf7, 0x0, 0x0, 0xe9, 0x0, 0x0,
    0x0, 0x3, 0xf5, 0x0, 0x0, 0xe9, 0x0, 0x0,
    0x0, 0x6, 0xf2, 0x0, 0x0, 0xe9, 0x0, 0x0,
    0x0, 0xa, 0xf0, 0x0, 0x0, 0xe9, 0x0, 0x50,
    0x0, 0x2f, 0x90, 0x0, 0x0, 0xe9, 0x0, 0xf5,
    0x0, 0xaf, 0x20, 0x0, 0x0, 0xea, 0x1, 0xf4,
    0x9, 0xf9, 0x0, 0x0, 0x0, 0xdd, 0x79, 0xf1,
    0x1e, 0xa0, 0x0, 0x0, 0x0, 0x6f, 0xff, 0x90,
    0x2, 0x0, 0x0, 0x0, 0x0, 0x0, 0x0, 0x0,

    /* U+51FA "出" */
    0x1, 0x10, 0x0, 0xf9, 0x0, 0x1, 0x10, 0xd,
    0xb0, 0x0, 0xf9, 0x0, 0x1f, 0x90, 0xd, 0xb0,
    0x0, 0xf9, 0x0, 0x1f, 0x90, 0xd, 0xb0, 0x0,
    0xf9, 0x0, 0x1f, 0x90, 0xd, 0xb0, 0x0, 0xf9,
    0x0, 0x1f, 0x90, 0xd, 0xff, 0xff, 0xff, 0xff,
    0xff, 0x90, 0x6, 0x77, 0x78, 0xfc, 0x77, 0x77,
    0x40, 0x7b, 0x0, 0x0, 0xf9, 0x0, 0x5, 0xb2,
    0x9f, 0x10, 0x0, 0xf9, 0x0, 0x7, 0xf3, 0x9f,
    0x10, 0x0, 0xf9, 0x0, 0x7, 0xf3, 0x9f, 0x10,
    0x0, 0xf9, 0x0, 0x7, 0xf3, 0x9f, 0x10, 0x1,
    0xf9, 0x0, 0x7, 0xf3, 0x9f, 0xff, 0xff, 0xff,
    0xff, 0xff, 0xf3, 0x47, 0x77, 0x77, 0x77, 0x77,
    0x7b, 0xf3,

    /* U+521D "初" */
    0x0, 0x1, 0x0, 0x0, 0x0, 0x0, 0x0, 0x0,
    0x4, 0xf3, 0x0, 0x0, 0x0, 0x0, 0x0, 0x0,
    0xc, 0xd0, 0x3e, 0xee, 0xee, 0xee, 0xa0, 0x77,
    0xaa, 0x73, 0x88, 0xfc, 0x88, 0xea, 0x1e, 0xee,
    0xef, 0x40, 0xf, 0x80, 0xc, 0xa0, 0x0, 0xc,
    0xb0, 0x0, 0xf6, 0x0, 0xca, 0x0, 0x7, 0xf2,
    0x30, 0x2f, 0x50, 0xd, 0x90, 0x3, 0xfc, 0x8d,
    0x4, 0xf3, 0x0, 0xd9, 0x3, 0xef, 0xfe, 0x10,
    0x7f, 0x0, 0xe, 0x83, 0xfc, 0xfc, 0xf8, 0xa,
    0xd0, 0x0, 0xf7, 0xa, 0xe, 0x95, 0x91, 0xf9,
    0x0, 0xf, 0x60, 0x0, 0xe9, 0x0, 0x8f, 0x20,
    0x2, 0xf5, 0x0, 0xe, 0x90, 0x3f, 0xa0, 0x0,
    0x5f, 0x30, 0x0, 0xe9, 0x2f, 0xe1, 0x18, 0x7d,
    0xe0, 0x0, 0xe, 0x90, 0xa2, 0x0, 0xde, 0xc5,
    0x0,

    /* U+5236 "制" */
    0x0, 0x96, 0x4f, 0x10, 0x0, 0x0, 0x6, 0xd0,
    0x1f, 0x87, 0xf4, 0x33, 0x3, 0xf1, 0x6f, 0x6,
    0xff, 0xff, 0xff, 0xf2, 0x3f, 0x16, 0xf0, 0xea,
    0x26, 0xf3, 0x22, 0x3, 0xf1, 0x6f, 0xc, 0x86,
    0x9f, 0x76, 0x64, 0x3f, 0x16, 0xf1, 0xff, 0xff,
    0xff, 0xff, 0xb3, 0xf1, 0x6f, 0x0, 0x0, 0x4f,
    0x10, 0x0, 0x3f, 0x16, 0xf0, 0x39, 0x9b, 0xfa,
    0x99, 0x23, 0xf1, 0x6f, 0x6, 0xfb, 0xcf, 0xbb,
    0xf4, 0x3f, 0x16, 0xf0, 0x6e, 0x4, 0xf1, 0xf,
    0x43, 0xd1, 0x6f, 0x6, 0xe0, 0x4f, 0x10, 0xf4,
    0x0, 0x6, 0xf0, 0x6e, 0x4, 0xf3, 0x4f, 0x40,
    0x0, 0x6f, 0x6, 0xe0, 0x4f, 0x5f, 0xd1, 0x5,
    0x7c, 0xf0, 0x0, 0x4, 0xf1, 0x0, 0x0, 0x7f,
    0xe7, 0x0, 0x0, 0x0, 0x0, 0x0, 0x0, 0x0,
    0x0,

    /* U+524D "前" */
    0x0, 0x1, 0x40, 0x0, 0x0, 0x5, 0x20, 0x0,
    0x0, 0x7, 0xf5, 0x0, 0x0, 0x3f, 0xa0, 0x0,
    0x0, 0x0, 0xcd, 0x0, 0x0, 0xce, 0x10, 0x0,
    0x1f, 0xff, 0xff, 0xff, 0xff, 0xff, 0xff, 0xf2,
    0x5, 0x55, 0x55, 0x55, 0x55, 0x55, 0x55, 0x50,
    0x0, 0x44, 0x44, 0x43, 0x0, 0x0, 0x4d, 0x20,
    0x2, 0xff, 0xff, 0xfc, 0x7, 0xd0, 0x4f, 0x20,
    0x2, 0xf4, 0x11, 0xac, 0x7, 0xd0, 0x4f, 0x20,
    0x2, 0xfb, 0x99, 0xdc, 0x7, 0xd0, 0x4f, 0x20,
    0x2, 0xf9, 0x88, 0xdc, 0x7, 0xd0, 0x4f, 0x20,
    0x2, 0xf5, 0x11, 0xac, 0x7, 0xd0, 0x4f, 0x20,
    0x2, 0xff, 0xff, 0xfc, 0x7, 0xd0, 0x4f, 0x20,
    0x2, 0xf3, 0x0, 0x9c, 0x3, 0x60, 0x4f, 0x20,
    0x2, 0xf3, 0x13, 0xbc, 0x0, 0x35, 0x9f, 0x10,
    0x2, 0xf3, 0x3f, 0xe6, 0x0, 0x5f, 0xfa, 0x0,
    0x0, 0x0, 0x0, 0x0, 0x0, 0x0, 0x0, 0x0,

    /* U+529B "力" */
    0x0, 0x0, 0x0, 0x9f, 0x0, 0x0, 0x0, 0x0,
    0x0, 0x0, 0x9, 0xf0, 0x0, 0x0, 0x0, 0x0,
    0x0, 0x0, 0x9f, 0x0, 0x0, 0x0, 0x0, 0xaf,
    0xff, 0xff, 0xff, 0xff, 0xff, 0xf8, 0x4, 0x77,
    0x77, 0xde, 0x77, 0x77, 0x8f, 0x70, 0x0, 0x0,
    0xd, 0xb0, 0x0, 0x2, 0xf6, 0x0, 0x0, 0x0,
    0xf9, 0x0, 0x0, 0x3f, 0x50, 0x0, 0x0, 0x5f,
    0x50, 0x0, 0x4, 0xf4, 0x0, 0x0, 0xc, 0xe0,
    0x0, 0x0, 0x6f, 0x20, 0x0, 0x5, 0xf8, 0x0,
    0x0, 0x7, 0xf1, 0x0, 0x2, 0xfd, 0x0, 0x0,
    0x0, 0xaf, 0x0, 0x2, 0xdf, 0x30, 0x0, 0x0,
    0xd, 0xc0, 0x6, 0xff, 0x50, 0x0, 0x28, 0x7a,
    0xf7, 0x0, 0xad, 0x30, 0x0, 0x1, 0xff, 0xfb,
    0x0, 0x0, 0x0, 0x0, 0x0, 0x0, 0x0, 0x0,
    0x0,

    /* U+52A8 "动" */
    0x1, 0x22, 0x22, 0x21, 0x0, 0xca, 0x0, 0x0,
    0x8, 0xff, 0xff, 0xfa, 0x0, 0xda, 0x0, 0x0,
    0x1, 0x22, 0x22, 0x21, 0x0, 0xda, 0x0, 0x0,
    0x0, 0x0, 0x0, 0x0, 0xbd, 0xff, 0xdd, 0xd1,
    0x6, 0x66, 0x66, 0x65, 0x89, 0xfd, 0x9b, 0xf1,
    0x1f, 0xff, 0xff, 0xfe, 0x0, 0xf7, 0x6, 0xf0,
    0x0, 0x1f, 0x60, 0x0, 0x0, 0xf6, 0x7, 0xf0,
    0x0, 0x6f, 0x13, 0xa0, 0x2, 0xf4, 0x7, 0xf0,
    0x0, 0xab, 0x1, 0xf4, 0x6, 0xf1, 0x8, 0xe0,
    0x0, 0xf5, 0x2, 0xda, 0xa, 0xd0, 0x9, 0xd0,
    0x7, 0xfb, 0xef, 0xff, 0x1f, 0x90, 0xb, 0xc0,
    0xc, 0xfb, 0x73, 0x1b, 0xaf, 0x20, 0xd, 0xa0,
    0x2, 0x0, 0x0, 0x4, 0xfa, 0x46, 0x8f, 0x70,
    0x0, 0x0, 0x0, 0x5, 0xd0, 0x5f, 0xfc, 0x10,
    0x0, 0x0, 0x0, 0x0, 0x0, 0x0, 0x0, 0x0,

    /* U+52A9 "助" */
    0x4, 0xff, 0xff, 0xf0, 0x1, 0xf5, 0x0, 0x0,
    0x4f, 0x55, 0x9f, 0x0, 0x1f, 0x50, 0x0, 0x4,
    0xf0, 0x5, 0xf0, 0x1, 0xf5, 0x0, 0x0, 0x4f,
    0x55, 0x9f, 0x7f, 0xff, 0xff, 0xfe, 0x4, 0xff,
    0xff, 0xf3, 0x79, 0xf9, 0x7c, 0xe0, 0x4f, 0x0,
    0x5f, 0x0, 0x4f, 0x20, 0x8d, 0x4, 0xf0, 0x5,
    0xf0, 0x6, 0xf0, 0x9, 0xd0, 0x4f, 0xff, 0xff,
    0x0, 0x9e, 0x0, 0x9c, 0x4, 0xf5, 0x49, 0xf0,
    0xd, 0xa0, 0xa, 0xc0, 0x4f, 0x0, 0x5f, 0x32,
    0xf5, 0x0, 0xbb, 0x5, 0xf7, 0xae, 0xff, 0xbe,
    0x0, 0xc, 0xa5, 0xff, 0xfb, 0x84, 0x7f, 0x60,
    0x0, 0xf8, 0x16, 0x20, 0x0, 0x7f, 0xb0, 0x56,
    0x9f, 0x50, 0x0, 0x0, 0x9, 0xa0, 0x8, 0xff,
    0xb0, 0x0, 0x0, 0x0, 0x0, 0x0, 0x0, 0x0,
    0x0,

    /* U+52B2 "劲" */
    0x0, 0x0, 0x0, 0x0, 0x0, 0x0, 0x0, 0x0,
    0xef, 0xff, 0xff, 0x60, 0xc, 0xa0, 0x0, 0x4,
    0x55, 0x5c, 0xf1, 0x0, 0xca, 0x0, 0x0, 0x0,
    0x4, 0xf8, 0x0, 0xc, 0xa0, 0x0, 0x0, 0x3,
    0xff, 0x10, 0xcf, 0xff, 0xff, 0xb0, 0x6, 0xfe,
    0xfd, 0x25, 0x6e, 0xb6, 0xdb, 0x2c, 0xfc, 0x12,
    0xdf, 0x30, 0xe7, 0xb, 0xb1, 0xd7, 0x0, 0x1,
    0x80, 0xf, 0x60, 0xbb, 0x6, 0x66, 0x66, 0x63,
    0x1, 0xf5, 0xb, 0xa0, 0xce, 0xef, 0xee, 0x70,
    0x4f, 0x20, 0xca, 0x0, 0x4, 0xf1, 0x0, 0x7,
    0xe0, 0xc, 0xa0, 0x0, 0x4f, 0x10, 0x0, 0xda,
    0x0, 0xd9, 0x0, 0x17, 0xfa, 0xdc, 0x5f, 0x30,
    0xe, 0x83, 0xff, 0xfe, 0xb7, 0x7f, 0xb0, 0x47,
    0xf6, 0x7, 0x41, 0x0, 0xa, 0xd1, 0x9, 0xfd,
    0x10, 0x0, 0x0, 0x0, 0x1, 0x0, 0x0, 0x0,

    /* U+52BF "势" */
    0x0, 0xb, 0xa0, 0x0, 0xe, 0x70, 0x0, 0x0,
    0xe, 0xff, 0xff, 0x9e, 0xef, 0xfe, 0xf6, 0x0,
    0x5, 0x5c, 0xc5, 0x35, 0x6f, 0x74, 0xf6, 0x0,
    0x0, 0x1c, 0xd9, 0x8b, 0x9f, 0x10, 0xe6, 0x0,
    0x1f, 0xff, 0xfd, 0x78, 0xff, 0x20, 0xe6, 0x0,
    0x7, 0x5c, 0xa0, 0x3, 0xff, 0xf5, 0xc8, 0xa3,
    0x2, 0x6d, 0xa0, 0x5f, 0xb1, 0xa6, 0x8e, 0xf3,
    0x3, 0xdb, 0x30, 0x5d, 0x10, 0x0, 0x8, 0x70,
    0x2, 0x55, 0x55, 0xaf, 0x65, 0x55, 0x54, 0x0,
    0x7, 0xff, 0xff, 0xff, 0xff, 0xff, 0xfb, 0x0,
    0x0, 0x0, 0x5, 0xf5, 0x0, 0x0, 0xe9, 0x0,
    0x0, 0x0, 0x6f, 0xb0, 0x0, 0x1, 0xf6, 0x0,
    0x4, 0x8e, 0xf9, 0x0, 0x34, 0x4a, 0xf3, 0x0,
    0xd, 0xe9, 0x30, 0x0, 0x6f, 0xff, 0x90, 0x0,
    0x0, 0x0, 0x0, 0x0, 0x0, 0x0, 0x0, 0x0,

    /* U+52FE "勾" */
    0x0, 0x0, 0x22, 0x0, 0x0, 0x0, 0x0, 0x0,
    0x0, 0xd, 0xe0, 0x0, 0x0, 0x0, 0x0, 0x0,
    0x5, 0xf8, 0x11, 0x11, 0x11, 0x11, 0x10, 0x0,
    0xcf, 0xff, 0xff, 0xff, 0xff, 0xfc, 0x0, 0x5f,
    0x95, 0x55, 0x55, 0x55, 0x5e, 0xb0, 0xe, 0xd0,
    0x4b, 0x30, 0x0, 0x0, 0xdb, 0xb, 0xf4, 0xd,
    0xf1, 0x0, 0x0, 0xe, 0xa1, 0xd8, 0x5, 0xf8,
    0xb, 0x70, 0x0, 0xf9, 0x0, 0x0, 0xdd, 0x0,
    0x8f, 0x20, 0xf, 0x80, 0x0, 0x9f, 0x30, 0x0,
    0xeb, 0x1, 0xf7, 0x0, 0x7f, 0xea, 0xbc, 0xef,
    0xf5, 0x3f, 0x60, 0x8, 0xfd, 0xca, 0x87, 0x5d,
    0xa5, 0xf4, 0x0, 0x0, 0x0, 0x0, 0x0, 0x10,
    0x9f, 0x20, 0x0, 0x0, 0x0, 0x7, 0x98, 0x9f,
    0xd0, 0x0, 0x0, 0x0, 0x0, 0x6f, 0xff, 0xc2,
    0x0, 0x0, 0x0, 0x0, 0x0, 0x0, 0x0, 0x0,

    /* U+5348 "午" */
    0x0, 0x0, 0x51, 0x0, 0x0, 0x0, 0x0, 0x0,
    0x0, 0x7, 0xf4, 0x0, 0x0, 0x0, 0x0, 0x0,
    0x0, 0xd, 0xf6, 0x55, 0x55, 0x55, 0x55, 0x0,
    0x0, 0x4f, 0xff, 0xff, 0xff, 0xff, 0xfd, 0x0,
    0x0, 0xde, 0x21, 0x1c, 0xc1, 0x11, 0x11, 0x0,
    0xa, 0xf5, 0x0, 0xc, 0xc0, 0x0, 0x0, 0x0,
    0x8, 0x90, 0x0, 0xc, 0xc0, 0x0, 0x0, 0x0,
    0x3, 0x33, 0x33, 0x3d, 0xd3, 0x33, 0x33, 0x30,
    0x1f, 0xff, 0xff, 0xff, 0xff, 0xff, 0xff, 0xf1,
    0x4, 0x44, 0x44, 0x4d, 0xd4, 0x44, 0x44, 0x40,
    0x0, 0x0, 0x0, 0xc, 0xc0, 0x0, 0x0, 0x0,
    0x0, 0x0, 0x0, 0xc, 0xc0, 0x0, 0x0, 0x0,
    0x0, 0x0, 0x0, 0xc, 0xc0, 0x0, 0x0, 0x0,
    0x0, 0x0, 0x0, 0xc, 0xc0, 0x0, 0x0, 0x0,
    0x0, 0x0, 0x0, 0xc, 0xc0, 0x0, 0x0, 0x0,

    /* U+535C "卜" */
    0x1f, 0xa0, 0x0, 0x0, 0x0, 0x1f, 0xa0, 0x0,
    0x0, 0x0, 0x1f, 0xa0, 0x0, 0x0, 0x0, 0x1f,
    0xa0, 0x0, 0x0, 0x0, 0x1f, 0xa3, 0x0, 0x0,
    0x0, 0x1f, 0xff, 0xb4, 0x0, 0x0, 0x1f, 0xa6,
    0xef, 0xd5, 0x0, 0x1f, 0xa0, 0x7, 0xef, 0xd3,
    0x1f, 0xa0, 0x0, 0x8, 0xf3, 0x1f, 0xa0, 0x0,
    0x0, 0x0, 0x1f, 0xa0, 0x0, 0x0, 0x0, 0x1f,
    0xa0, 0x0, 0x0, 0x0, 0x1f, 0xa0, 0x0, 0x0,
    0x0, 0x1f, 0xa0, 0x0, 0x0, 0x0,

    /* U+5360 "占" */
    0x0, 0x0, 0xe, 0x90, 0x0, 0x0, 0x0, 0x0,
    0x0, 0xe9, 0x0, 0x0, 0x0, 0x0, 0x0, 0xe,
    0xc6, 0x66, 0x66, 0x60, 0x0, 0x0, 0xef, 0xff,
    0xff, 0xfd, 0x0, 0x0, 0xe, 0x90, 0x0, 0x0,
    0x0, 0x0, 0x0, 0xe9, 0x0, 0x0, 0x0, 0x13,
    0x33, 0x3f, 0xa3, 0x33, 0x31, 0x8, 0xff, 0xff,
    0xff, 0xff, 0xff, 0x90, 0x8e, 0x22, 0x22, 0x22,
    0x22, 0xe9, 0x8, 0xe0, 0x0, 0x0, 0x0, 0xe,
    0x90, 0x8e, 0x0, 0x0, 0x0, 0x0, 0xe9, 0x8,
    0xe1, 0x11, 0x11, 0x11, 0x1e, 0x90, 0x8f, 0xff,
    0xff, 0xff, 0xff, 0xf9, 0x8, 0xf4, 0x44, 0x44,
    0x44, 0x4d, 0x80,

    /* U+5366 "卦" */
    0x0, 0x0, 0xcb, 0x0, 0x0, 0xe8, 0x0, 0x0,
    0x4, 0x66, 0xdd, 0x66, 0x30, 0xf9, 0x0, 0x0,
    0x9, 0xff, 0xff, 0xff, 0x60, 0xf9, 0x0, 0x0,
    0x0, 0x0, 0xcb, 0x0, 0x0, 0xf9, 0x0, 0x0,
    0x4, 0x44, 0xdc, 0x44, 0x40, 0xfd, 0x50, 0x0,
    0x2f, 0xff, 0xff, 0xff, 0xf0, 0xff, 0xf5, 0x0,
    0x1, 0x11, 0x66, 0x11, 0x10, 0xf9, 0xbf, 0x30,
    0x0, 0x0, 0xcb, 0x0, 0x0, 0xf9, 0xd, 0xe0,
    0xa, 0xff, 0xff, 0xff, 0x70, 0xf9, 0x3, 0x60,
    0x4, 0x66, 0xdd, 0x66, 0x30, 0xf9, 0x0, 0x0,
    0x0, 0x0, 0xcb, 0x0, 0x0, 0xf9, 0x0, 0x0,
    0x2, 0x35, 0xde, 0x9b, 0xc2, 0xf9, 0x0, 0x0,
    0x3f, 0xff, 0xfe, 0xca, 0x81, 0xf9, 0x0, 0x0,
    0x4, 0x31, 0x0, 0x0, 0x0, 0xf9, 0x0, 0x0,

    /* U+536F "卯" */
    0x0, 0x0, 0x2, 0x0, 0x0, 0x0, 0x0, 0x0,
    0x6, 0xdf, 0x50, 0x0, 0x0, 0x0, 0xa, 0xfe,
    0x82, 0x1, 0xff, 0xff, 0xf7, 0x1f, 0x70, 0x7,
    0x21, 0xf9, 0x66, 0xf8, 0x1f, 0x50, 0x1f, 0x51,
    0xf5, 0x0, 0xe8, 0x1f, 0x50, 0x1f, 0x51, 0xf5,
    0x0, 0xe8, 0x1f, 0x50, 0x1f, 0x51, 0xf5, 0x0,
    0xe8, 0x1f, 0x50, 0x1f, 0x51, 0xf5, 0x0, 0xe8,
    0x1f, 0x50, 0x1f, 0x41, 0xf5, 0x0, 0xe8, 0x2f,
    0x77, 0xcf, 0x31, 0xf5, 0x0, 0xe8, 0x7f, 0xfe,
    0xee, 0x1, 0xf5, 0x0, 0xf8, 0x5a, 0x41, 0xe9,
    0x1, 0xf5, 0xbf, 0xf5, 0x0, 0x1c, 0xe1, 0x1,
    0xf5, 0x37, 0x50, 0x7, 0xee, 0x20, 0x1, 0xf5,
    0x0, 0x0, 0x1d, 0x80, 0x0, 0x1, 0xf5, 0x0,
    0x0, 0x0, 0x0, 0x0, 0x0, 0x0, 0x0, 0x0,

    /* U+5373 "即" */
    0x6, 0xff, 0xff, 0xfe, 0xd, 0xee, 0xee, 0x70,
    0x6f, 0x65, 0x5b, 0xe0, 0xec, 0x77, 0xf8, 0x6,
    0xf1, 0x0, 0x8e, 0xe, 0x80, 0xe, 0x80, 0x6f,
    0x65, 0x5b, 0xe0, 0xe8, 0x0, 0xe8, 0x6, 0xff,
    0xff, 0xfe, 0xe, 0x80, 0xe, 0x80, 0x6f, 0x10,
    0x8, 0xe0, 0xe8, 0x0, 0xe8, 0x6, 0xf5, 0x44,
    0xbe, 0xe, 0x80, 0xe, 0x80, 0x6f, 0xff, 0xff,
    0xe0, 0xe8, 0x0, 0xe8, 0x6, 0xf1, 0x1, 0x10,
    0xe, 0x80, 0xe, 0x80, 0x6f, 0x10, 0xea, 0x0,
    0xe8, 0x12, 0xf8, 0x6, 0xf1, 0x8, 0xf3, 0xe,
    0x8a, 0xff, 0x40, 0x9f, 0x9d, 0xff, 0xc0, 0xe8,
    0x24, 0x10, 0xf, 0xfd, 0x83, 0x6f, 0x2e, 0x80,
    0x0, 0x0, 0x52, 0x0, 0x0, 0x10, 0xe8, 0x0,
    0x0,

    /* U+53D6 "取" */
    0x2f, 0xff, 0xff, 0xff, 0x0, 0x0, 0x0, 0x0,
    0x7, 0xf7, 0x5a, 0xf5, 0xdf, 0xff, 0xff, 0xb0,
    0x3, 0xf3, 0x7, 0xf0, 0xaf, 0xba, 0xae, 0xb0,
    0x3, 0xf7, 0x4a, 0xf0, 0xf, 0x40, 0xd, 0x80,
    0x3, 0xff, 0xff, 0xf0, 0xc, 0x80, 0x1f, 0x50,
    0x3, 0xf3, 0x7, 0xf0, 0x9, 0xb0, 0x4f, 0x10,
    0x3, 0xf4, 0x18, 0xf0, 0x5, 0xf1, 0xac, 0x0,
    0x3, 0xff, 0xff, 0xf0, 0x0, 0xf7, 0xf6, 0x0,
    0x3, 0xf6, 0x29, 0xf0, 0x0, 0xaf, 0xf0, 0x0,
    0x3, 0xf3, 0x7, 0xf5, 0x10, 0x4f, 0xa0, 0x0,
    0x18, 0xfd, 0xef, 0xfe, 0x40, 0xbf, 0xe1, 0x0,
    0x2f, 0xc9, 0x6a, 0xf0, 0x9, 0xf6, 0xec, 0x10,
    0x0, 0x0, 0x7, 0xf1, 0xbf, 0x60, 0x4f, 0xe2,
    0x0, 0x0, 0x7, 0xf0, 0xc5, 0x0, 0x3, 0xa0,
    0x0, 0x0, 0x0, 0x0, 0x0, 0x0, 0x0, 0x0,

    /* U+53D7 "受" */
    0x0, 0x0, 0x0, 0x0, 0x0, 0x0, 0x0, 0x0,
    0x0, 0x0, 0x12, 0x35, 0x68, 0xac, 0xf9, 0x0,
    0x9, 0xff, 0xff, 0xff, 0xec, 0xb9, 0x64, 0x0,
    0x2, 0x6c, 0x51, 0xc, 0x60, 0x1, 0xd6, 0x0,
    0x0, 0x1f, 0x90, 0xa, 0xc0, 0x7, 0xf3, 0x0,
    0x0, 0x9, 0xd0, 0x7, 0xc0, 0xd, 0xa0, 0x0,
    0xe, 0xff, 0xff, 0xff, 0xff, 0xff, 0xff, 0xe0,
    0xe, 0xa5, 0x55, 0x55, 0x55, 0x55, 0x5b, 0xe0,
    0xe, 0x70, 0x0, 0x0, 0x0, 0x0, 0x8, 0xe0,
    0x5, 0x2a, 0xff, 0xff, 0xff, 0xff, 0xb3, 0x50,
    0x0, 0x4, 0xfc, 0x55, 0x55, 0xbf, 0x50, 0x0,
    0x0, 0x0, 0x7f, 0x60, 0x4, 0xfa, 0x0, 0x0,
    0x0, 0x0, 0x7, 0xfb, 0x9f, 0xa0, 0x0, 0x0,
    0x0, 0x0, 0x3, 0xcf, 0xfe, 0x40, 0x0, 0x0,
    0x4, 0x7a, 0xef, 0xe8, 0x7d, 0xff, 0xb8, 0x50,
    0xd, 0xfc, 0x94, 0x0, 0x0, 0x49, 0xcf, 0xb0,
    0x1, 0x0, 0x0, 0x0, 0x0, 0x0, 0x0, 0x0,

    /* U+53D8 "变" */
    0x0, 0x0, 0x0, 0x18, 0x30, 0x0, 0x0, 0x0,
    0x0, 0x0, 0x0, 0xd, 0xd0, 0x0, 0x0, 0x0,
    0xe, 0xff, 0xff, 0xff, 0xff, 0xff, 0xff, 0xb0,
    0x5, 0x56, 0x5c, 0xd5, 0x5f, 0xb5, 0x55, 0x40,
    0x0, 0x1e, 0x5b, 0xc0, 0xf, 0x8b, 0x80, 0x0,
    0x0, 0xae, 0xb, 0xc0, 0xf, 0x84, 0xf8, 0x0,
    0x7, 0xf4, 0xb, 0xc0, 0xf, 0x80, 0x5f, 0x50,
    0x1, 0x40, 0xb, 0xc0, 0xf, 0x80, 0x5, 0x0,
    0x0, 0x55, 0x55, 0x55, 0x55, 0x55, 0x30, 0x0,
    0x0, 0xef, 0xff, 0xff, 0xff, 0xff, 0xe0, 0x0,
    0x0, 0x4, 0xf8, 0x0, 0x0, 0x9f, 0x30, 0x0,
    0x0, 0x0, 0x5f, 0xa1, 0x2b, 0xf5, 0x0, 0x0,
    0x0, 0x0, 0x3, 0xef, 0xfd, 0x20, 0x0, 0x0,
    0x0, 0x25, 0x9e, 0xfd, 0xef, 0xd8, 0x42, 0x0,
    0x1f, 0xff, 0xc8, 0x20, 0x4, 0xae, 0xff, 0xd0,
    0x4, 0x30, 0x0, 0x0, 0x0, 0x0, 0x14, 0x20,

    /* U+53EF "可" */
    0x4, 0x44, 0x44, 0x44, 0x44, 0x44, 0x44, 0x40,
    0x1f, 0xff, 0xff, 0xff, 0xff, 0xff, 0xff, 0xf1,
    0x2, 0x22, 0x22, 0x22, 0x22, 0x27, 0xf5, 0x20,
    0x0, 0x0, 0x0, 0x0, 0x0, 0x5, 0xf3, 0x0,
    0x0, 0x8f, 0xff, 0xff, 0xf1, 0x5, 0xf3, 0x0,
    0x0, 0x8f, 0x77, 0x7a, 0xf1, 0x5, 0xf3, 0x0,
    0x0, 0x8e, 0x0, 0x6, 0xf1, 0x5, 0xf3, 0x0,
    0x0, 0x8e, 0x0, 0x6, 0xf1, 0x5, 0xf3, 0x0,
    0x0, 0x8e, 0x11, 0x17, 0xf1, 0x5, 0xf3, 0x0,
    0x0, 0x8f, 0xff, 0xff, 0xf1, 0x5, 0xf3, 0x0,
    0x0, 0x8f, 0x44, 0x44, 0x40, 0x5, 0xf3, 0x0,
    0x0, 0x24, 0x0, 0x0, 0x0, 0x5, 0xf3, 0x0,
    0x0, 0x0, 0x0, 0x0, 0x59, 0x8b, 0xf2, 0x0,
    0x0, 0x0, 0x0, 0x0, 0x4f, 0xfd, 0x80, 0x0,

    /* U+5468 "周" */
    0x0, 0xdf, 0xff, 0xff, 0xff, 0xff, 0xff, 0x0,
    0xd, 0xc6, 0x66, 0x66, 0x66, 0x6a, 0xf0, 0x0,
    0xda, 0x0, 0x8, 0xd0, 0x0, 0x7f, 0x0, 0xd,
    0xa2, 0xff, 0xff, 0xff, 0x97, 0xf0, 0x0, 0xda,
    0x3, 0x3a, 0xe3, 0x32, 0x7f, 0x0, 0xd, 0xa2,
    0x33, 0xae, 0x33, 0x37, 0xf0, 0x0, 0xe9, 0x9f,
    0xff, 0xff, 0xfe, 0x7f, 0x0, 0xf, 0x80, 0x0,
    0x0, 0x0, 0x7, 0xf0, 0x0, 0xf6, 0xd, 0xff,
    0xff, 0xf4, 0x7f, 0x0, 0x2f, 0x40, 0xd9, 0x22,
    0x4f, 0x47, 0xf0, 0x6, 0xf1, 0xd, 0x70, 0x1,
    0xf4, 0x7f, 0x0, 0xbd, 0x0, 0xdf, 0xff, 0xff,
    0x47, 0xf0, 0x2f, 0x70, 0xd, 0x93, 0x33, 0x76,
    0xbf, 0x4, 0xd0, 0x0, 0x21, 0x0, 0x7, 0xfe,
    0x80, 0x0, 0x0, 0x0, 0x0, 0x0, 0x0, 0x0,
    0x0,

    /* U+548C "和" */
    0x0, 0x0, 0x0, 0x20, 0x0, 0x0, 0x0, 0x0,
    0x3, 0x69, 0xdf, 0x80, 0x0, 0x0, 0x0, 0xd,
    0xff, 0xfa, 0x40, 0x8f, 0xff, 0xff, 0x70, 0x11,
    0x2f, 0x50, 0x8, 0xe7, 0x77, 0xf8, 0x0, 0x2,
    0xf5, 0x0, 0x8d, 0x0, 0xf, 0x81, 0xee, 0xff,
    0xfe, 0xd8, 0xd0, 0x0, 0xf8, 0x6, 0x6c, 0xfa,
    0x66, 0x8d, 0x0, 0xf, 0x80, 0x0, 0xff, 0xd1,
    0x8, 0xd0, 0x0, 0xf8, 0x0, 0x6f, 0xff, 0xc0,
    0x8d, 0x0, 0xf, 0x80, 0xe, 0x9f, 0x7e, 0x98,
    0xd0, 0x0, 0xf8, 0x8, 0xe3, 0xf5, 0x57, 0x8d,
    0x0, 0xf, 0x84, 0xf6, 0x2f, 0x50, 0x8, 0xe2,
    0x23, 0xf8, 0x1b, 0x2, 0xf5, 0x0, 0x8f, 0xff,
    0xff, 0x80, 0x0, 0x2f, 0x50, 0x8, 0xe3, 0x33,
    0xf8, 0x0, 0x2, 0xf5, 0x0, 0x47, 0x0, 0x6,
    0x30,

    /* U+56DA "囚" */
    0x8f, 0xff, 0xff, 0xff, 0xff, 0xff, 0xfe, 0x8f,
    0x66, 0x66, 0x66, 0x66, 0x66, 0xce, 0x8e, 0x0,
    0x0, 0x5e, 0x10, 0x0, 0x9e, 0x8e, 0x0, 0x0,
    0x7f, 0x0, 0x0, 0x9e, 0x8e, 0x0, 0x0, 0x9c,
    0x0, 0x0, 0x9e, 0x8e, 0x0, 0x0, 0xda, 0x0,
    0x0, 0x9e, 0x8e, 0x0, 0x2, 0xff, 0x30, 0x0,
    0x9e, 0x8e, 0x0, 0xa, 0xeb, 0xe2, 0x0, 0x9e,
    0x8e, 0x0, 0x3f, 0x60, 0xce, 0x10, 0x9e, 0x8e,
    0x3, 0xec, 0x0, 0x1e, 0xb0, 0x9e, 0x8e, 0x3f,
    0xc1, 0x0, 0x4, 0xf4, 0x9e, 0x8e, 0x5, 0x0,
    0x0, 0x0, 0x20, 0x9e, 0x8f, 0xff, 0xff, 0xff,
    0xff, 0xff, 0xfe, 0x8f, 0x77, 0x77, 0x77, 0x77,
    0x77, 0xce,

    /* U+56DB "四" */
    0x0, 0x0, 0x0, 0x0, 0x0, 0x0, 0x0, 0x8f,
    0xff, 0xff, 0xff, 0xff, 0xff, 0xf9, 0x8f, 0x55,
    0xaf, 0x56, 0xf9, 0x55, 0xf9, 0x8e, 0x0, 0x8e,
    0x1, 0xf4, 0x0, 0xf9, 0x8e, 0x0, 0x9d, 0x1,
    0xf4, 0x0, 0xf9, 0x8e, 0x0, 0xbb, 0x1, 0xf4,
    0x0, 0xf9, 0x8e, 0x0, 0xe8, 0x1, 0xf4, 0x0,
    0xf9, 0x8e, 0x6, 0xf4, 0x0, 0xf8, 0x34, 0xf9,
    0x8e, 0x5f, 0xb0, 0x0, 0xaf, 0xff, 0xf9, 0x8e,
    0x9a, 0x0, 0x0, 0x0, 0x0, 0xf9, 0x8e, 0x0,
    0x0, 0x0, 0x0, 0x0, 0xf9, 0x8f, 0xff, 0xff,
    0xff, 0xff, 0xff, 0xf9, 0x8f, 0x77, 0x77, 0x77,
    0x77, 0x77, 0xf9, 0x6b, 0x0, 0x0, 0x0, 0x0,
    0x0, 0x95,

    /* U+56DE "回" */
    0x9f, 0xff, 0xff, 0xff, 0xff, 0xff, 0xfa, 0x9f,
    0x88, 0x88, 0x88, 0x88, 0x88, 0xfa, 0x9e, 0x0,
    0x0, 0x0, 0x0, 0x0, 0xea, 0x9e, 0x0, 0x11,
    0x11, 0x11, 0x0, 0xea, 0x9e, 0x2, 0xff, 0xff,
    0xff, 0x10, 0xea, 0x9e, 0x2, 0xf6, 0x33, 0x8f,
    0x10, 0xea, 0x9e, 0x2, 0xf4, 0x0, 0x6f, 0x10,
    0xea, 0x9e, 0x2, 0xf4, 0x0, 0x6f, 0x10, 0xea,
    0x9e, 0x2, 0xf8, 0x55, 0x9f, 0x10, 0xea, 0x9e,
    0x2, 0xff, 0xff, 0xff, 0x10, 0xea, 0x9e, 0x0,
    0x0, 0x0, 0x0, 0x0, 0xea, 0x9e, 0x0, 0x0,
    0x0, 0x0, 0x0, 0xea, 0x9f, 0xff, 0xff, 0xff,
    0xff, 0xff, 0xfa, 0x9f, 0x66, 0x66, 0x66, 0x66,
    0x66, 0xfa,

    /* U+56F4 "围" */
    0x7f, 0xff, 0xff, 0xff, 0xff, 0xff, 0xfe, 0x7f,
    0x44, 0x44, 0x78, 0x44, 0x44, 0xae, 0x7e, 0x3,
    0x33, 0xad, 0x33, 0x31, 0x8e, 0x7e, 0x1f, 0xff,
    0xff, 0xff, 0xf8, 0x8e, 0x7e, 0x0, 0x0, 0x9c,
    0x0, 0x0, 0x8e, 0x7e, 0x6, 0xee, 0xff, 0xee,
    0xd0, 0x8e, 0x7e, 0x1, 0x33, 0xad, 0x33, 0x30,
    0x8e, 0x7e, 0x14, 0x44, 0xbd, 0x44, 0x43, 0x8e,
    0x7e, 0x4f, 0xff, 0xff, 0xff, 0xfa, 0x8e, 0x7e,
    0x0, 0x0, 0x9c, 0x0, 0xc8, 0x8e, 0x7e, 0x0,
    0x0, 0x9c, 0x5e, 0xe2, 0x8e, 0x7e, 0x0, 0x0,
    0x68, 0x1, 0x0, 0x8e, 0x7f, 0xff, 0xff, 0xff,
    0xff, 0xff, 0xfe, 0x7f, 0x44, 0x44, 0x44, 0x44,
    0x44, 0xae,

    /* U+571F "土" */
    0x0, 0x0, 0x0, 0xc, 0xc0, 0x0, 0x0, 0x0,
    0x0, 0x0, 0x0, 0xc, 0xc0, 0x0, 0x0, 0x0,
    0x0, 0x0, 0x0, 0xc, 0xc0, 0x0, 0x0, 0x0,
    0x0, 0x0, 0x0, 0xc, 0xc0, 0x0, 0x0, 0x0,
    0x0, 0x66, 0x66, 0x6e, 0xd6, 0x66, 0x66, 0x0,
    0x1, 0xff, 0xff, 0xff, 0xff, 0xff, 0xff, 0x10,
    0x0, 0x0, 0x0, 0xd, 0xc0, 0x0, 0x0, 0x0,
    0x0, 0x0, 0x0, 0xc, 0xc0, 0x0, 0x0, 0x0,
    0x0, 0x0, 0x0, 0xc, 0xc0, 0x0, 0x0, 0x0,
    0x0, 0x0, 0x0, 0xc, 0xc0, 0x0, 0x0, 0x0,
    0x0, 0x0, 0x0, 0xc, 0xc0, 0x0, 0x0, 0x0,
    0x0, 0x0, 0x0, 0xc, 0xc0, 0x0, 0x0, 0x0,
    0x1f, 0xff, 0xff, 0xff, 0xff, 0xff, 0xff, 0xf2,
    0x7, 0x77, 0x77, 0x77, 0x77, 0x77, 0x77, 0x71,

    /* U+5728 "在" */
    0x0, 0x0, 0x0, 0x51, 0x0, 0x0, 0x0, 0x0,
    0x0, 0x0, 0x3f, 0x70, 0x0, 0x0, 0x0, 0x1,
    0x11, 0x18, 0xf3, 0x11, 0x11, 0x11, 0x10, 0xff,
    0xff, 0xff, 0xff, 0xff, 0xff, 0xff, 0x5, 0x55,
    0xaf, 0x75, 0x55, 0x55, 0x55, 0x50, 0x0, 0x1f,
    0xb0, 0x0, 0x6b, 0x0, 0x0, 0x0, 0xa, 0xf2,
    0x0, 0x8, 0xf0, 0x0, 0x0, 0x7, 0xf9, 0x0,
    0x0, 0x8f, 0x0, 0x0, 0x9, 0xff, 0x70, 0xff,
    0xff, 0xff, 0xff, 0x53, 0xfb, 0xf7, 0x5, 0x55,
    0xbf, 0x55, 0x52, 0x6, 0xf, 0x70, 0x0, 0x8,
    0xf0, 0x0, 0x0, 0x0, 0xf7, 0x0, 0x0, 0x8f,
    0x0, 0x0, 0x0, 0xf, 0x70, 0x0, 0x8, 0xf0,
    0x0, 0x0, 0x0, 0xf7, 0x36, 0x66, 0xbf, 0x66,
    0x66, 0x0, 0xf, 0x79, 0xff, 0xff, 0xff, 0xff,
    0xf0,

    /* U+574E "坎" */
    0x0, 0x0, 0x0, 0x0, 0x10, 0x0, 0x0, 0x0,
    0x0, 0x3f, 0x20, 0x0, 0xf8, 0x0, 0x0, 0x0,
    0x0, 0x3f, 0x20, 0x4, 0xf4, 0x0, 0x0, 0x0,
    0x0, 0x3f, 0x20, 0x8, 0xf9, 0x88, 0x88, 0x82,
    0x7, 0x9f, 0x86, 0xd, 0xfd, 0xdd, 0xde, 0xf3,
    0x1f, 0xff, 0xfe, 0x4f, 0x40, 0x0, 0x9, 0xe0,
    0x0, 0x3f, 0x20, 0xcd, 0x3, 0xd2, 0xe, 0x90,
    0x0, 0x3f, 0x22, 0xe4, 0x4, 0xf2, 0x1d, 0x30,
    0x0, 0x3f, 0x20, 0x0, 0x5, 0xf4, 0x0, 0x0,
    0x0, 0x3f, 0x37, 0x0, 0x7, 0xf8, 0x0, 0x0,
    0x0, 0x5f, 0xff, 0x10, 0xc, 0xfe, 0x0, 0x0,
    0x2d, 0xfe, 0x71, 0x0, 0x4f, 0x8f, 0x60, 0x0,
    0xc, 0x60, 0x0, 0x2, 0xed, 0x7, 0xf3, 0x0,
    0x0, 0x0, 0x0, 0x4e, 0xe2, 0x0, 0xdf, 0x60,
    0x0, 0x0, 0x5, 0xfc, 0x20, 0x0, 0x1c, 0xf4,
    0x0, 0x0, 0x0, 0x40, 0x0, 0x0, 0x0, 0x30,

    /* U+5764 "坤" */
    0x0, 0x0, 0x0, 0x0, 0x0, 0x20, 0x0, 0x0,
    0x4, 0xf2, 0x0, 0x0, 0x1f, 0x40, 0x0, 0x0,
    0x4f, 0x20, 0x24, 0x45, 0xf8, 0x44, 0x40, 0x4,
    0xf2, 0x8, 0xff, 0xff, 0xff, 0xfe, 0xa, 0xcf,
    0xb9, 0x8c, 0x2, 0xf5, 0x8, 0xe0, 0xbc, 0xfc,
    0xa8, 0xc0, 0x1f, 0x40, 0x7e, 0x0, 0x4f, 0x20,
    0x8f, 0xff, 0xff, 0xff, 0xe0, 0x4, 0xf2, 0x8,
    0xd5, 0x7f, 0x95, 0xae, 0x0, 0x4f, 0x20, 0x8c,
    0x1, 0xf4, 0x7, 0xe0, 0x4, 0xf6, 0x88, 0xe6,
    0x7f, 0x96, 0xbe, 0x0, 0x8f, 0xfc, 0x9f, 0xff,
    0xff, 0xff, 0xe1, 0xff, 0xa4, 0x5, 0x80, 0x1f,
    0x40, 0x48, 0x5, 0x10, 0x0, 0x0, 0x1, 0xf4,
    0x0, 0x0, 0x0, 0x0, 0x0, 0x0, 0x1f, 0x40,
    0x0, 0x0, 0x0, 0x0, 0x0, 0x1, 0xf4, 0x0,
    0x0,

    /* U+58EC "壬" */
    0x0, 0x0, 0x0, 0x0, 0x0, 0x0, 0x30, 0x0,
    0x0, 0x0, 0x0, 0x1, 0x47, 0xbf, 0xf6, 0x0,
    0x2, 0x79, 0xbd, 0xff, 0xff, 0xc9, 0x50, 0x0,
    0x2, 0xfd, 0xb9, 0x8e, 0xc0, 0x0, 0x0, 0x0,
    0x0, 0x0, 0x0, 0xd, 0xb0, 0x0, 0x0, 0x0,
    0x0, 0x0, 0x0, 0xd, 0xb0, 0x0, 0x0, 0x0,
    0x0, 0x0, 0x0, 0xd, 0xb0, 0x0, 0x0, 0x0,
    0x2f, 0xff, 0xff, 0xff, 0xff, 0xff, 0xff, 0xf2,
    0x17, 0x77, 0x77, 0x7e, 0xd7, 0x77, 0x77, 0x71,
    0x0, 0x0, 0x0, 0xd, 0xb0, 0x0, 0x0, 0x0,
    0x0, 0x0, 0x0, 0xd, 0xb0, 0x0, 0x0, 0x0,
    0x0, 0x0, 0x0, 0xd, 0xb0, 0x0, 0x0, 0x0,
    0x0, 0x0, 0x0, 0xd, 0xb0, 0x0, 0x0, 0x0,
    0x0, 0x88, 0x88, 0x8e, 0xd8, 0x88, 0x88, 0x10,
    0x1, 0xff, 0xff, 0xff, 0xff, 0xff, 0xff, 0x30,

    /* U+5916 "外" */
    0x0, 0x0, 0x0, 0x0, 0x0, 0x0, 0x0, 0x0,
    0x0, 0xb, 0xb0, 0x0, 0x7, 0xf1, 0x0, 0x0,
    0x0, 0xf, 0x90, 0x0, 0x7, 0xf1, 0x0, 0x0,
    0x0, 0x5f, 0xff, 0xff, 0x57, 0xf1, 0x0, 0x0,
    0x0, 0xad, 0x55, 0x9f, 0x27, 0xf1, 0x0, 0x0,
    0x2, 0xf6, 0x0, 0x9f, 0x7, 0xf8, 0x10, 0x0,
    0xb, 0xe1, 0x0, 0xdc, 0x7, 0xff, 0xd1, 0x0,
    0x3f, 0x8e, 0x72, 0xf7, 0x7, 0xf4, 0xee, 0x20,
    0x2, 0x8, 0xfe, 0xf1, 0x7, 0xf1, 0x3f, 0xe1,
    0x0, 0x0, 0x6f, 0x90, 0x7, 0xf1, 0x3, 0x80,
    0x0, 0x0, 0xcf, 0x20, 0x7, 0xf1, 0x0, 0x0,
    0x0, 0x9, 0xf7, 0x0, 0x7, 0xf1, 0x0, 0x0,
    0x1, 0xaf, 0xa0, 0x0, 0x7, 0xf1, 0x0, 0x0,
    0x3e, 0xf9, 0x0, 0x0, 0x7, 0xf1, 0x0, 0x0,
    0x9, 0x50, 0x0, 0x0, 0x7, 0xf1, 0x0, 0x0,

    /* U+5934 "头" */
    0x0, 0x3, 0x40, 0x0, 0xae, 0x0, 0x0, 0x0,
    0x0, 0xa, 0xfd, 0x50, 0xad, 0x0, 0x0, 0x0,
    0x0, 0x0, 0x2a, 0xf3, 0xad, 0x0, 0x0, 0x0,
    0x0, 0x83, 0x0, 0x20, 0xbd, 0x0, 0x0, 0x0,
    0x2, 0xbf, 0xc3, 0x0, 0xcb, 0x0, 0x0, 0x0,
    0x0, 0x3, 0xdc, 0x0, 0xea, 0x0, 0x0, 0x0,
    0x3, 0x33, 0x44, 0x33, 0xfa, 0x33, 0x33, 0x30,
    0x1f, 0xff, 0xff, 0xff, 0xff, 0xff, 0xff, 0xf1,
    0x2, 0x22, 0x22, 0x2b, 0xf2, 0x22, 0x22, 0x20,
    0x0, 0x0, 0x0, 0x3f, 0x85, 0x0, 0x0, 0x0,
    0x0, 0x0, 0x2, 0xed, 0x3f, 0xe6, 0x0, 0x0,
    0x0, 0x0, 0x7f, 0xe2, 0x1, 0x9f, 0xd4, 0x0,
    0x3, 0x8e, 0xfa, 0x10, 0x0, 0x2, 0xcf, 0x90,
    0xc, 0xe9, 0x30, 0x0, 0x0, 0x0, 0x8, 0xa0,
    0x1, 0x0, 0x0, 0x0, 0x0, 0x0, 0x0, 0x0,

    /* U+59BB "妻" */
    0x2, 0x33, 0x33, 0x3e, 0xb3, 0x33, 0x33, 0x20,
    0xb, 0xff, 0xff, 0xff, 0xff, 0xff, 0xff, 0xa0,
    0x0, 0x12, 0x22, 0x2e, 0xa2, 0x22, 0x21, 0x0,
    0x0, 0x7e, 0xee, 0xef, 0xfe, 0xee, 0xf6, 0x0,
    0x3, 0x33, 0x33, 0x3e, 0xb3, 0x33, 0xf8, 0x30,
    0x2f, 0xff, 0xff, 0xff, 0xff, 0xff, 0xff, 0xf2,
    0x0, 0x12, 0x22, 0x2e, 0xa2, 0x23, 0xf6, 0x0,
    0x0, 0x8d, 0xdd, 0xff, 0xdd, 0xdd, 0xd5, 0x0,
    0x3, 0x33, 0x35, 0xfa, 0x33, 0x33, 0x33, 0x30,
    0x1f, 0xff, 0xff, 0xff, 0xff, 0xff, 0xff, 0xf1,
    0x0, 0x0, 0xce, 0x10, 0x2, 0xeb, 0x0, 0x0,
    0x0, 0x4, 0xbe, 0xfb, 0x9f, 0xc0, 0x0, 0x0,
    0x3, 0x45, 0x69, 0xdf, 0xed, 0xfc, 0x83, 0x0,
    0xd, 0xfe, 0xca, 0x73, 0x0, 0x27, 0xcf, 0x30,
    0x0, 0x0, 0x0, 0x0, 0x0, 0x0, 0x0, 0x0,

    /* U+59FB "姻" */
    0x0, 0x0, 0x0, 0x0, 0x0, 0x0, 0x0, 0x0,
    0x8, 0xb0, 0x5, 0xff, 0xff, 0xff, 0xfd, 0x0,
    0xa9, 0x0, 0x5f, 0x55, 0x55, 0x5b, 0xd0, 0x1d,
    0x81, 0x15, 0xe0, 0xb, 0x20, 0x8d, 0x4f, 0xff,
    0xff, 0x7e, 0x0, 0xf3, 0x8, 0xd1, 0x6f, 0x58,
    0xf5, 0xe3, 0x4f, 0x64, 0x9d, 0x5, 0xe0, 0x7e,
    0x5e, 0xaf, 0xff, 0xfa, 0xd0, 0x9b, 0x9, 0xc5,
    0xe0, 0x2f, 0x20, 0x8d, 0xd, 0x80, 0xd9, 0x5e,
    0x5, 0xfa, 0x8, 0xd0, 0xcf, 0x5f, 0x45, 0xe0,
    0xab, 0xf3, 0x8d, 0x0, 0xbf, 0xf0, 0x5e, 0x2f,
    0x37, 0xb8, 0xd0, 0x0, 0xff, 0x45, 0xfd, 0x90,
    0xf, 0xbd, 0x0, 0x9f, 0xce, 0x7e, 0x50, 0x0,
    0x18, 0xd0, 0x9f, 0x51, 0x95, 0xff, 0xff, 0xff,
    0xfd, 0x1c, 0x40, 0x0, 0x5f, 0x55, 0x55, 0x5a,
    0xb0,

    /* U+5B50 "子" */
    0x0, 0x0, 0x0, 0x0, 0x0, 0x0, 0x0, 0x0,
    0x0, 0x9f, 0xff, 0xff, 0xff, 0xff, 0xf9, 0x0,
    0x0, 0x47, 0x77, 0x77, 0x77, 0xbf, 0xf4, 0x0,
    0x0, 0x0, 0x0, 0x0, 0x6, 0xfe, 0x30, 0x0,
    0x0, 0x0, 0x0, 0x2, 0xbf, 0xb1, 0x0, 0x0,
    0x0, 0x0, 0x0, 0xb, 0xf7, 0x0, 0x0, 0x0,
    0x0, 0x0, 0x0, 0xb, 0xd0, 0x0, 0x0, 0x0,
    0x17, 0x77, 0x77, 0x7d, 0xe7, 0x77, 0x77, 0x71,
    0x2f, 0xff, 0xff, 0xff, 0xff, 0xff, 0xff, 0xf3,
    0x0, 0x0, 0x0, 0xb, 0xd0, 0x0, 0x0, 0x0,
    0x0, 0x0, 0x0, 0xb, 0xd0, 0x0, 0x0, 0x0,
    0x0, 0x0, 0x0, 0xb, 0xd0, 0x0, 0x0, 0x0,
    0x0, 0x0, 0x0, 0xb, 0xd0, 0x0, 0x0, 0x0,
    0x0, 0x0, 0x67, 0x7e, 0xc0, 0x0, 0x0, 0x0,
    0x0, 0x0, 0x7f, 0xfd, 0x50, 0x0, 0x0, 0x0,
    0x0, 0x0, 0x0, 0x0, 0x0, 0x0, 0x0, 0x0,

    /* U+5B59 "孙" */
    0x0, 0x0, 0x0, 0x0, 0x0, 0x0, 0x0, 0x0,
    0xf, 0xff, 0xff, 0xb0, 0x0, 0xe8, 0x0, 0x0,
    0x5, 0x55, 0x8f, 0x60, 0x0, 0xe8, 0x0, 0x0,
    0x0, 0x0, 0xdb, 0x0, 0x0, 0xe8, 0x2, 0x0,
    0x0, 0x9, 0xe1, 0x4, 0xf2, 0xe8, 0x9d, 0x0,
    0x0, 0xf, 0x60, 0x7, 0xf0, 0xe8, 0x4f, 0x20,
    0x0, 0xf, 0x54, 0xb, 0xb0, 0xe8, 0xf, 0x70,
    0x0, 0x2f, 0xff, 0x3e, 0x80, 0xe8, 0xb, 0xc0,
    0x2b, 0xff, 0xb2, 0x3f, 0x40, 0xe8, 0x7, 0xf0,
    0x1e, 0x8f, 0x50, 0x8e, 0x0, 0xe8, 0x4, 0xf3,
    0x0, 0xf, 0x50, 0xb9, 0x0, 0xe8, 0x1, 0xd3,
    0x0, 0xf, 0x50, 0x0, 0x0, 0xe8, 0x0, 0x0,
    0x0, 0xf, 0x50, 0x0, 0x0, 0xe8, 0x0, 0x0,
    0x2, 0x5f, 0x50, 0x0, 0x67, 0xf8, 0x0, 0x0,
    0x6, 0xfc, 0x10, 0x0, 0xcf, 0xc2, 0x0, 0x0,

    /* U+5B66 "学" */
    0x0, 0x30, 0x1, 0x72, 0x0, 0x4, 0x0, 0x0,
    0x3f, 0x80, 0xe, 0xb0, 0x3, 0xf7, 0x0, 0x0,
    0x8f, 0x10, 0x7f, 0x10, 0xdb, 0x0, 0xa, 0xff,
    0xff, 0xff, 0xff, 0xff, 0xff, 0xc0, 0xbc, 0x55,
    0x55, 0x55, 0x55, 0x55, 0xcd, 0xb, 0xa0, 0x0,
    0x0, 0x0, 0x0, 0xa, 0xd0, 0x33, 0x3f, 0xff,
    0xff, 0xff, 0xf3, 0x34, 0x0, 0x0, 0x33, 0x33,
    0x7e, 0xf5, 0x0, 0x0, 0x0, 0x0, 0x0, 0x9f,
    0xa1, 0x0, 0x0, 0x6, 0x66, 0x66, 0x6e, 0xd6,
    0x66, 0x66, 0x60, 0xff, 0xff, 0xff, 0xff, 0xff,
    0xff, 0xff, 0x10, 0x0, 0x0, 0xc, 0xb0, 0x0,
    0x0, 0x0, 0x0, 0x0, 0x0, 0xcb, 0x0, 0x0,
    0x0, 0x0, 0x0, 0x46, 0x6e, 0xa0, 0x0, 0x0,
    0x0, 0x0, 0x5, 0xff, 0xd4, 0x0, 0x0, 0x0,
    0x0,

    /* U+5B85 "宅" */
    0x0, 0x0, 0x1, 0x73, 0x0, 0x0, 0x0, 0x0,
    0x0, 0x0, 0xe, 0xc0, 0x0, 0x0, 0x0, 0x8f,
    0xff, 0xff, 0xff, 0xff, 0xff, 0xfe, 0x9, 0xf7,
    0x77, 0x77, 0x77, 0x77, 0x7c, 0xe0, 0x9e, 0x0,
    0x0, 0x1, 0x5a, 0xb0, 0xae, 0x4, 0x72, 0x58,
    0xad, 0xff, 0xe9, 0x25, 0x70, 0x6, 0xff, 0xee,
    0xf6, 0x20, 0x0, 0x0, 0x0, 0x3, 0x0, 0x8f,
    0x10, 0x0, 0x0, 0x0, 0x0, 0x0, 0x8, 0xf5,
    0x57, 0x9a, 0xce, 0x17, 0x9b, 0xde, 0xff, 0xff,
    0xfd, 0xb9, 0x81, 0xdd, 0xb9, 0x8b, 0xf3, 0x0,
    0x0, 0x0, 0x0, 0x0, 0x0, 0x8f, 0x10, 0x0,
    0x3, 0x70, 0x0, 0x0, 0x8, 0xf1, 0x0, 0x0,
    0x6f, 0x10, 0x0, 0x0, 0x6f, 0xa7, 0x77, 0x7d,
    0xe0, 0x0, 0x0, 0x1, 0xbf, 0xff, 0xff, 0xe4,
    0x0,

    /* U+5B89 "安" */
    0x0, 0x0, 0x0, 0x20, 0x0, 0x0, 0x0, 0x0,
    0x0, 0x4, 0xf6, 0x0, 0x0, 0x0, 0x36, 0x66,
    0x67, 0xfe, 0x66, 0x66, 0x63, 0x8f, 0xff, 0xff,
    0xff, 0xff, 0xff, 0xf8, 0x8f, 0x0, 0x4, 0x50,
    0x0, 0x0, 0xf8, 0x7e, 0x0, 0xe, 0xd0, 0x0,
    0x0, 0xe8, 0x33, 0x33, 0x8f, 0x83, 0x33, 0x33,
    0x33, 0xef, 0xff, 0xff, 0xff, 0xff, 0xff, 0xff,
    0x22, 0x2b, 0xf4, 0x22, 0x2e, 0xc2, 0x22, 0x0,
    0x5f, 0x90, 0x0, 0x7f, 0x50, 0x0, 0x0, 0x9f,
    0xfb, 0x54, 0xfb, 0x0, 0x0, 0x0, 0x1, 0x6c,
    0xff, 0xf3, 0x0, 0x0, 0x0, 0x0, 0x5c, 0xfc,
    0xff, 0xb3, 0x0, 0x26, 0xae, 0xfc, 0x40, 0x19,
    0xff, 0xb2, 0x5f, 0xd9, 0x40, 0x0, 0x0, 0x1a,
    0xf3, 0x1, 0x0, 0x0, 0x0, 0x0, 0x0, 0x10,

    /* U+5B98 "官" */
    0x0, 0x0, 0x0, 0x43, 0x0, 0x0, 0x0, 0x0,
    0x0, 0x0, 0xdc, 0x0, 0x0, 0x0, 0xef, 0xff,
    0xff, 0xff, 0xff, 0xff, 0xf9, 0xeb, 0x66, 0x66,
    0x66, 0x66, 0x66, 0xf9, 0xd8, 0x55, 0x55, 0x55,
    0x55, 0x53, 0xe8, 0x0, 0xff, 0xff, 0xff, 0xff,
    0xf8, 0x0, 0x0, 0xf8, 0x0, 0x0, 0x0, 0xe8,
    0x0, 0x0, 0xfb, 0x55, 0x55, 0x55, 0xf8, 0x0,
    0x0, 0xff, 0xff, 0xff, 0xff, 0xf8, 0x0, 0x0,
    0xf8, 0x0, 0x0, 0x0, 0x0, 0x0, 0x0, 0xff,
    0xff, 0xff, 0xff, 0xff, 0x10, 0x0, 0xfb, 0x55,
    0x55, 0x55, 0x9f, 0x10, 0x0, 0xf8, 0x0, 0x0,
    0x0, 0x6f, 0x10, 0x0, 0xff, 0xff, 0xff, 0xff,
    0xff, 0x10, 0x0, 0xfb, 0x55, 0x55, 0x55, 0x9e,
    0x10,

    /* U+5BAB "宫" */
    0x0, 0x0, 0x0, 0x21, 0x0, 0x0, 0x0, 0x0,
    0x0, 0x2, 0xf8, 0x0, 0x0, 0x0, 0x48, 0x88,
    0x88, 0xef, 0x88, 0x88, 0x85, 0x8f, 0xff, 0xff,
    0xff, 0xff, 0xff, 0xfa, 0x8e, 0x0, 0x0, 0x0,
    0x0, 0x0, 0xda, 0x8e, 0x6f, 0xff, 0xff, 0xff,
    0xf8, 0xda, 0x0, 0x6e, 0x22, 0x22, 0x22, 0xe8,
    0x0, 0x0, 0x6f, 0x33, 0x33, 0x33, 0xf8, 0x0,
    0x0, 0x6f, 0xff, 0xff, 0xff, 0xf7, 0x0, 0x0,
    0x0, 0x0, 0x0, 0x0, 0x0, 0x0, 0x5, 0xff,
    0xff, 0xff, 0xff, 0xff, 0x80, 0x5, 0xf5, 0x55,
    0x55, 0x55, 0x5f, 0x90, 0x5, 0xf0, 0x0, 0x0,
    0x0, 0xe, 0x90, 0x5, 0xf6, 0x66, 0x66, 0x66,
    0x6f, 0x90, 0x5, 0xfe, 0xee, 0xee, 0xee, 0xef,
    0x90,

    /* U+5BB3 "害" */
    0x0, 0x0, 0x0, 0x53, 0x0, 0x0, 0x0, 0x0,
    0x0, 0x0, 0xdc, 0x0, 0x0, 0x0, 0xaf, 0xff,
    0xff, 0xff, 0xff, 0xff, 0xfa, 0xad, 0x44, 0x44,
    0x88, 0x44, 0x44, 0xea, 0xab, 0x34, 0x44, 0xcd,
    0x44, 0x43, 0xda, 0x0, 0xce, 0xee, 0xff, 0xee,
    0xed, 0x0, 0x1, 0x33, 0x33, 0xcd, 0x33, 0x33,
    0x10, 0x6, 0xee, 0xee, 0xff, 0xee, 0xee, 0x90,
    0x33, 0x33, 0x33, 0xcd, 0x33, 0x33, 0x33, 0xde,
    0xee, 0xee, 0xff, 0xee, 0xee, 0xee, 0x0, 0x33,
    0x33, 0xcd, 0x33, 0x33, 0x0, 0x0, 0xff, 0xff,
    0xff, 0xff, 0xff, 0x30, 0x0, 0xf6, 0x0, 0x0,
    0x0, 0x4f, 0x30, 0x0, 0xf8, 0x33, 0x33, 0x33,
    0x7f, 0x30, 0x0, 0xff, 0xff, 0xff, 0xff, 0xff,
    0x30,

    /* U+5BB6 "家" */
    0x0, 0x0, 0x0, 0x44, 0x0, 0x0, 0x0, 0x0,
    0x0, 0x0, 0x1e, 0xe1, 0x0, 0x0, 0x0, 0x8f,
    0xff, 0xff, 0xff, 0xff, 0xff, 0xfe, 0x8, 0xf4,
    0x44, 0x44, 0x44, 0x44, 0x4b, 0xe0, 0x8e, 0x25,
    0x55, 0x55, 0x55, 0x53, 0x9e, 0x2, 0x55, 0xff,
    0xff, 0xff, 0xff, 0xa3, 0x50, 0x0, 0x0, 0x6d,
    0xf3, 0x0, 0x7, 0x10, 0x1, 0x6a, 0xfc, 0x7f,
    0x80, 0x1b, 0xf7, 0x0, 0x2e, 0x82, 0x7, 0xff,
    0x6e, 0xe4, 0x0, 0x0, 0x3, 0x8e, 0xb3, 0xdf,
    0xdd, 0x0, 0x0, 0x5e, 0xfa, 0x30, 0x9f, 0xe1,
    0xf6, 0x0, 0x0, 0x61, 0x17, 0xec, 0xaf, 0x7,
    0xf3, 0x0, 0x16, 0xbf, 0xd5, 0xa, 0xf0, 0xc,
    0xf6, 0x9, 0xfb, 0x42, 0x57, 0xfa, 0x0, 0xa,
    0xf4, 0x1, 0x0, 0x2f, 0xfb, 0x10, 0x0, 0x2,
    0x0, 0x0, 0x0, 0x0, 0x0, 0x0, 0x0, 0x0,

    /* U+5BC5 "寅" */
    0x0, 0x0, 0x0, 0x7, 0x80, 0x0, 0x0, 0x0,
    0x3, 0x55, 0x55, 0x5b, 0xf6, 0x55, 0x55, 0x50,
    0x8, 0xff, 0xff, 0xff, 0xff, 0xff, 0xff, 0xe0,
    0x8, 0xe0, 0x0, 0x0, 0x0, 0x0, 0x9, 0xe0,
    0x8, 0xe3, 0xee, 0xee, 0xee, 0xee, 0x89, 0xe0,
    0x0, 0x1, 0x44, 0x4a, 0xf4, 0x44, 0x20, 0x0,
    0x0, 0x3, 0x33, 0x3a, 0xf3, 0x33, 0x31, 0x0,
    0x0, 0xf, 0xff, 0xff, 0xff, 0xff, 0xf6, 0x0,
    0x0, 0xf, 0x80, 0x8, 0xe0, 0x2, 0xf6, 0x0,
    0x0, 0xf, 0xff, 0xff, 0xff, 0xff, 0xf6, 0x0,
    0x0, 0xf, 0x70, 0x8, 0xe0, 0x1, 0xf6, 0x0,
    0x0, 0xf, 0xff, 0xff, 0xff, 0xff, 0xf6, 0x0,
    0x0, 0x3, 0x6e, 0x93, 0x35, 0xfb, 0x51, 0x0,
    0x3, 0x7c, 0xfc, 0x40, 0x1, 0x8e, 0xfb, 0x40,
    0xa, 0xe9, 0x30, 0x0, 0x0, 0x0, 0x5c, 0xb0,
    0x0, 0x0, 0x0, 0x0, 0x0, 0x0, 0x0, 0x0,

    /* U+5C0A "尊" */
    0x0, 0x0, 0x63, 0x0, 0x0, 0x35, 0x0, 0x0,
    0x0, 0x0, 0xbe, 0x10, 0x0, 0xdb, 0x0, 0x0,
    0xd, 0xee, 0xef, 0xee, 0xee, 0xfe, 0xee, 0xc0,
    0x3, 0x44, 0x44, 0xf7, 0x8e, 0x44, 0x44, 0x30,
    0x0, 0x9e, 0xee, 0xff, 0xff, 0xee, 0xeb, 0x0,
    0x0, 0xab, 0x6, 0xf1, 0x5f, 0x33, 0xcb, 0x0,
    0x0, 0xab, 0xbd, 0x40, 0x8, 0x99, 0xeb, 0x0,
    0x0, 0xae, 0xdc, 0xbb, 0xbb, 0xbb, 0xeb, 0x0,
    0x0, 0xac, 0x33, 0x33, 0x33, 0x33, 0xcb, 0x0,
    0x0, 0x8d, 0xdd, 0xdd, 0xdd, 0xff, 0xda, 0x0,
    0x2, 0x22, 0x22, 0x22, 0x22, 0xdb, 0x22, 0x20,
    0x3f, 0xff, 0xff, 0xff, 0xff, 0xff, 0xff, 0xf3,
    0x0, 0x2, 0xf9, 0x10, 0x0, 0xca, 0x0, 0x0,
    0x0, 0x0, 0x3d, 0xd0, 0x44, 0xea, 0x0, 0x0,
    0x0, 0x0, 0x1, 0x20, 0xdf, 0xd5, 0x0, 0x0,

    /* U+5C40 "局" */
    0x0, 0x8f, 0xff, 0xff, 0xff, 0xff, 0xf8, 0x0,
    0x8, 0xf4, 0x44, 0x44, 0x44, 0x4f, 0x80, 0x0,
    0x8e, 0x0, 0x0, 0x0, 0x0, 0xf8, 0x0, 0x8,
    0xf5, 0x55, 0x55, 0x55, 0x5f, 0x80, 0x0, 0x9f,
    0xee, 0xee, 0xee, 0xee, 0xe7, 0x0, 0x9, 0xe0,
    0x0, 0x0, 0x0, 0x0, 0x0, 0x0, 0xaf, 0xff,
    0xff, 0xff, 0xff, 0xff, 0xa0, 0xc, 0xb1, 0x11,
    0x11, 0x11, 0x11, 0xe9, 0x0, 0xe8, 0xe, 0xee,
    0xee, 0xe1, 0xf, 0x80, 0x2f, 0x50, 0xf8, 0x44,
    0x7f, 0x10, 0xf7, 0x6, 0xf2, 0xf, 0x50, 0x4,
    0xf1, 0x1f, 0x60, 0xec, 0x0, 0xfe, 0xdd, 0xef,
    0x13, 0xf4, 0x5f, 0x50, 0xf, 0x85, 0x55, 0xa5,
    0xaf, 0x20, 0x60, 0x0, 0x41, 0x0, 0x9, 0xff,
    0x80, 0x0, 0x0, 0x0, 0x0, 0x0, 0x0, 0x0,
    0x0,

    /* U+5C45 "居" */
    0x0, 0x9f, 0xff, 0xff, 0xff, 0xff, 0xff, 0x30,
    0x0, 0x9f, 0x44, 0x44, 0x44, 0x44, 0x7f, 0x30,
    0x0, 0x9e, 0x0, 0x0, 0x0, 0x0, 0x3f, 0x30,
    0x0, 0x9f, 0xff, 0xff, 0xff, 0xff, 0xff, 0x30,
    0x0, 0x9f, 0x55, 0x55, 0x8f, 0x75, 0x55, 0x10,
    0x0, 0x9e, 0x0, 0x0, 0x4f, 0x20, 0x0, 0x0,
    0x0, 0xaf, 0xff, 0xff, 0xff, 0xff, 0xff, 0xf1,
    0x0, 0xbe, 0x66, 0x66, 0x9f, 0x76, 0x66, 0x60,
    0x0, 0xca, 0x0, 0x0, 0x4f, 0x20, 0x0, 0x0,
    0x0, 0xe8, 0xf, 0xff, 0xff, 0xff, 0xff, 0x0,
    0x1, 0xf6, 0xf, 0x95, 0x55, 0x55, 0xaf, 0x0,
    0x5, 0xf1, 0xf, 0x60, 0x0, 0x0, 0x7f, 0x0,
    0xc, 0xc0, 0xf, 0x95, 0x55, 0x55, 0xaf, 0x0,
    0x2e, 0x40, 0xf, 0xfe, 0xee, 0xee, 0xff, 0x0,
    0x0, 0x0, 0x0, 0x0, 0x0, 0x0, 0x0, 0x0,

    /* U+5C55 "展" */
    0x0, 0xdf, 0xff, 0xff, 0xff, 0xff, 0xff, 0x20,
    0x0, 0xdc, 0x44, 0x44, 0x44, 0x44, 0x8f, 0x20,
    0x0, 0xda, 0x0, 0x0, 0x0, 0x0, 0x5f, 0x20,
    0x0, 0xdf, 0xff, 0xff, 0xff, 0xff, 0xff, 0x20,
    0x0, 0xdb, 0x33, 0xfb, 0x33, 0xaf, 0x33, 0x0,
    0x0, 0xea, 0x44, 0xea, 0x44, 0xaf, 0x44, 0x20,
    0x0, 0xf9, 0xef, 0xff, 0xff, 0xff, 0xff, 0x60,
    0x0, 0xf8, 0x0, 0xd8, 0x0, 0x7e, 0x0, 0x0,
    0x1, 0xfb, 0xee, 0xff, 0xee, 0xff, 0xee, 0xe1,
    0x3, 0xf6, 0x5f, 0xa5, 0x8f, 0x85, 0x8d, 0x50,
    0x7, 0xf1, 0xe, 0x70, 0xc, 0xd8, 0xf9, 0x10,
    0xb, 0xd0, 0xf, 0x70, 0x25, 0xef, 0x70, 0x0,
    0x3f, 0x70, 0x5f, 0xef, 0xf9, 0x2c, 0xfb, 0x60,
    0x3d, 0x10, 0x5d, 0x95, 0x10, 0x0, 0x5b, 0xc0,
    0x0, 0x0, 0x0, 0x0, 0x0, 0x0, 0x0, 0x0,

    /* U+5DF1 "己" */
    0xbf, 0xff, 0xff, 0xff, 0xff, 0xf7, 0x0, 0x68,
    0x88, 0x88, 0x88, 0x89, 0xf7, 0x0, 0x0, 0x0,
    0x0, 0x0, 0x1, 0xf7, 0x0, 0x0, 0x0, 0x0,
    0x0, 0x1, 0xf7, 0x0, 0x0, 0x0, 0x0, 0x0,
    0x1, 0xf7, 0x0, 0x35, 0x55, 0x55, 0x55, 0x56,
    0xf7, 0x0, 0x8f, 0xff, 0xff, 0xff, 0xff, 0xf7,
    0x0, 0x8f, 0x11, 0x11, 0x11, 0x12, 0x84, 0x0,
    0x8f, 0x0, 0x0, 0x0, 0x0, 0x0, 0x0, 0x8f,
    0x0, 0x0, 0x0, 0x0, 0x0, 0x60, 0x8f, 0x0,
    0x0, 0x0, 0x0, 0x2, 0xf5, 0x8f, 0x0, 0x0,
    0x0, 0x0, 0x6, 0xf3, 0x5f, 0xb8, 0x77, 0x77,
    0x77, 0x9f, 0xd0, 0x9, 0xef, 0xff, 0xff, 0xff,
    0xec, 0x30,

    /* U+5DF2 "已" */
    0x2f, 0xff, 0xff, 0xff, 0xff, 0xff, 0x70, 0x1,
    0x77, 0x77, 0x77, 0x77, 0x77, 0xf7, 0x0, 0x0,
    0x0, 0x0, 0x0, 0x0, 0x1f, 0x70, 0x0, 0x35,
    0x0, 0x0, 0x0, 0x1, 0xf7, 0x0, 0x9, 0xe0,
    0x0, 0x0, 0x0, 0x1f, 0x70, 0x0, 0x9e, 0x22,
    0x22, 0x22, 0x23, 0xf7, 0x0, 0x9, 0xff, 0xff,
    0xff, 0xff, 0xff, 0x70, 0x0, 0x9f, 0x44, 0x44,
    0x44, 0x44, 0x83, 0x0, 0x9, 0xe0, 0x0, 0x0,
    0x0, 0x0, 0x0, 0x0, 0x9e, 0x0, 0x0, 0x0,
    0x0, 0x0, 0xa2, 0x9, 0xe0, 0x0, 0x0, 0x0,
    0x0, 0x2f, 0x60, 0x9f, 0x0, 0x0, 0x0, 0x0,
    0x6, 0xf3, 0x6, 0xfa, 0x77, 0x77, 0x77, 0x79,
    0xfd, 0x0, 0x9, 0xef, 0xff, 0xff, 0xff, 0xeb,
    0x20,

    /* U+5DF3 "巳" */
    0xef, 0xff, 0xff, 0xff, 0xff, 0xf7, 0x0, 0xec,
    0x77, 0x77, 0x77, 0x78, 0xf7, 0x0, 0xe9, 0x0,
    0x0, 0x0, 0x1, 0xf7, 0x0, 0xe9, 0x0, 0x0,
    0x0, 0x1, 0xf7, 0x0, 0xe9, 0x0, 0x0, 0x0,
    0x1, 0xf7, 0x0, 0xec, 0x66, 0x66, 0x66, 0x67,
    0xf7, 0x0, 0xef, 0xff, 0xff, 0xff, 0xff, 0xf7,
    0x0, 0xea, 0x0, 0x0, 0x0, 0x1, 0x73, 0x0,
    0xe9, 0x0, 0x0, 0x0, 0x0, 0x0, 0x0, 0xe9,
    0x0, 0x0, 0x0, 0x0, 0x2, 0x10, 0xe9, 0x0,
    0x0, 0x0, 0x0, 0x7, 0xf1, 0xda, 0x0, 0x0,
    0x0, 0x0, 0xb, 0xf0, 0xaf, 0x97, 0x77, 0x77,
    0x77, 0xaf, 0x90, 0x1a, 0xef, 0xff, 0xff, 0xff,
    0xea, 0x10,

    /* U+5DFD "巽" */
    0x0, 0x0, 0x0, 0x0, 0x0, 0x0, 0x0, 0x0,
    0x4, 0xff, 0xff, 0xf3, 0x8f, 0xff, 0xff, 0x20,
    0x4, 0xf2, 0x3, 0xf3, 0x8e, 0x11, 0x5f, 0x20,
    0x4, 0xfe, 0xee, 0xf3, 0x8f, 0xee, 0xef, 0x20,
    0x4, 0xf4, 0x33, 0x51, 0x8e, 0x33, 0x34, 0x0,
    0x4, 0xf7, 0x44, 0xac, 0x7f, 0x43, 0x4b, 0xb0,
    0x0, 0xbe, 0xee, 0xd5, 0x2d, 0xff, 0xfd, 0x50,
    0x0, 0x0, 0x4c, 0x10, 0x1, 0xc5, 0x0, 0x0,
    0x1, 0xff, 0xff, 0xff, 0xff, 0xff, 0xff, 0x20,
    0x0, 0x55, 0x9f, 0x65, 0x56, 0xf9, 0x55, 0x0,
    0x0, 0x0, 0x5f, 0x20, 0x1, 0xf6, 0x0, 0x0,
    0xf, 0xff, 0xff, 0xff, 0xff, 0xff, 0xff, 0xf1,
    0x4, 0x44, 0x5c, 0x74, 0x48, 0xc7, 0x44, 0x40,
    0x1, 0x6a, 0xff, 0x90, 0x6, 0xdf, 0xd7, 0x10,
    0xc, 0xfb, 0x61, 0x0, 0x0, 0x3, 0x9f, 0xa0,
    0x0, 0x0, 0x0, 0x0, 0x0, 0x0, 0x1, 0x0,

    /* U+5E73 "平" */
    0x1, 0x66, 0x66, 0x66, 0x66, 0x66, 0x66, 0x10,
    0x4, 0xff, 0xff, 0xff, 0xff, 0xff, 0xff, 0x40,
    0x0, 0x12, 0x11, 0x1c, 0xc1, 0x12, 0x31, 0x0,
    0x0, 0x1f, 0x70, 0xc, 0xb0, 0x7, 0xf3, 0x0,
    0x0, 0xa, 0xe0, 0xc, 0xb0, 0xd, 0xc0, 0x0,
    0x0, 0x4, 0xf3, 0xc, 0xb0, 0x4f, 0x40, 0x0,
    0x0, 0x0, 0x92, 0xc, 0xb0, 0x49, 0x0, 0x0,
    0x18, 0x88, 0x88, 0x8e, 0xe8, 0x88, 0x88, 0x81,
    0x1f, 0xff, 0xff, 0xff, 0xff, 0xff, 0xff, 0xf2,
    0x0, 0x0, 0x0, 0xc, 0xb0, 0x0, 0x0, 0x0,
    0x0, 0x0, 0x0, 0xc, 0xb0, 0x0, 0x0, 0x0,
    0x0, 0x0, 0x0, 0xc, 0xb0, 0x0, 0x0, 0x0,
    0x0, 0x0, 0x0, 0xc, 0xb0, 0x0, 0x0, 0x0,
    0x0, 0x0, 0x0, 0xc, 0xb0, 0x0, 0x0, 0x0,

    /* U+5E74 "年" */
    0x0, 0x0, 0x41, 0x0, 0x0, 0x0, 0x0, 0x0,
    0x0, 0x2, 0xf9, 0x0, 0x0, 0x0, 0x0, 0x0,
    0x0, 0xa, 0xf9, 0x77, 0x77, 0x77, 0x77, 0x30,
    0x0, 0x3f, 0xff, 0xff, 0xff, 0xff, 0xff, 0x60,
    0x1, 0xee, 0x10, 0x0, 0xe9, 0x0, 0x0, 0x0,
    0xc, 0xf4, 0x0, 0x0, 0xe9, 0x0, 0x0, 0x0,
    0x7, 0x69, 0xff, 0xff, 0xff, 0xff, 0xff, 0x0,
    0x0, 0xa, 0xe6, 0x66, 0xfc, 0x66, 0x66, 0x0,
    0x0, 0xa, 0xd0, 0x0, 0xe9, 0x0, 0x0, 0x0,
    0x0, 0xa, 0xd0, 0x0, 0xe9, 0x0, 0x0, 0x0,
    0x17, 0x7d, 0xe7, 0x77, 0xfc, 0x77, 0x77, 0x71,
    0x3f, 0xff, 0xff, 0xff, 0xff, 0xff, 0xff, 0xf3,
    0x0, 0x0, 0x0, 0x0, 0xe9, 0x0, 0x0, 0x0,
    0x0, 0x0, 0x0, 0x0, 0xe9, 0x0, 0x0, 0x0,
    0x0, 0x0, 0x0, 0x0, 0xe9, 0x0, 0x0, 0x0,

    /* U+5E94 "应" */
    0x0, 0x0, 0x0, 0x2, 0x60, 0x0, 0x0, 0x0,
    0x0, 0x0, 0x0, 0x4, 0xf5, 0x0, 0x0, 0x0,
    0x0, 0x77, 0x77, 0x77, 0xfd, 0x77, 0x77, 0x70,
    0x1, 0xff, 0xff, 0xff, 0xff, 0xff, 0xff, 0xf1,
    0x1, 0xf6, 0x0, 0x0, 0x0, 0x0, 0x0, 0x0,
    0x1, 0xf6, 0x2, 0x4, 0xf1, 0x0, 0x4f, 0x40,
    0x1, 0xf6, 0x9d, 0x2, 0xf5, 0x0, 0x9f, 0x10,
    0x1, 0xf6, 0x4f, 0x30, 0xda, 0x0, 0xeb, 0x0,
    0x2, 0xf5, 0xe, 0x90, 0x9e, 0x3, 0xf5, 0x0,
    0x3, 0xf4, 0xa, 0xe0, 0x6f, 0x1a, 0xe0, 0x0,
    0x4, 0xf3, 0x5, 0xf2, 0x26, 0x3f, 0x60, 0x0,
    0x7, 0xf1, 0x1, 0x50, 0x0, 0xae, 0x0, 0x0,
    0xa, 0xd0, 0x0, 0x0, 0x2, 0xf6, 0x0, 0x0,
    0xf, 0x98, 0xff, 0xff, 0xff, 0xff, 0xff, 0xf4,
    0x2e, 0x34, 0x77, 0x77, 0x77, 0x77, 0x77, 0x71,
    0x1, 0x0, 0x0, 0x0, 0x0, 0x0, 0x0, 0x0,

    /* U+5E95 "底" */
    0x0, 0x0, 0x0, 0x1, 0x60, 0x0, 0x0, 0x0,
    0x0, 0x0, 0x0, 0x2, 0xf7, 0x0, 0x0, 0x0,
    0x0, 0xff, 0xff, 0xff, 0xff, 0xff, 0xff, 0xf3,
    0x0, 0xf9, 0x55, 0x55, 0x55, 0x55, 0x55, 0x51,
    0x0, 0xf6, 0x2, 0x34, 0x56, 0x8a, 0xd8, 0x0,
    0x0, 0xf6, 0x2f, 0xff, 0xef, 0xfa, 0x75, 0x0,
    0x1, 0xf6, 0x2f, 0x40, 0x7, 0xf0, 0x0, 0x0,
    0x1, 0xf5, 0x2f, 0x30, 0x5, 0xf1, 0x0, 0x0,
    0x2, 0xf5, 0x2f, 0xfe, 0xef, 0xff, 0xee, 0xa0,
    0x3, 0xf3, 0x2f, 0x85, 0x56, 0xfa, 0x55, 0x40,
    0x4, 0xf2, 0x2f, 0x30, 0x1, 0xca, 0x0, 0x0,
    0x7, 0xf0, 0x2f, 0x30, 0xb8, 0x8f, 0x0, 0x50,
    0xb, 0xc0, 0x2f, 0x56, 0x9f, 0x2f, 0x70, 0xe4,
    0x1f, 0x70, 0x7f, 0xfe, 0x4e, 0x68, 0xf9, 0xf1,
    0x3e, 0x10, 0x89, 0x40, 0x8, 0x60, 0x9e, 0x90,
    0x0, 0x0, 0x0, 0x0, 0x0, 0x0, 0x0, 0x0,

    /* U+5E9A "庚" */
    0x0, 0x0, 0x0, 0x3, 0x60, 0x0, 0x0, 0x0,
    0x0, 0x0, 0x0, 0x7, 0xf4, 0x0, 0x0, 0x0,
    0x0, 0xff, 0xff, 0xff, 0xff, 0xff, 0xff, 0xf2,
    0x0, 0xfa, 0x55, 0x55, 0x98, 0x55, 0x55, 0x50,
    0x0, 0xf7, 0x23, 0x33, 0xfa, 0x33, 0x33, 0x0,
    0x0, 0xf7, 0x8f, 0xff, 0xff, 0xff, 0xff, 0x10,
    0x0, 0xf7, 0x0, 0x0, 0xe8, 0x0, 0x5f, 0x10,
    0x0, 0xf8, 0xff, 0xff, 0xff, 0xff, 0xff, 0xf4,
    0x0, 0xf6, 0x44, 0x44, 0xfa, 0x44, 0x8f, 0x51,
    0x2, 0xf4, 0x23, 0x33, 0xf9, 0x33, 0x7f, 0x10,
    0x3, 0xf3, 0xaf, 0xff, 0xff, 0xff, 0xff, 0x10,
    0x6, 0xf1, 0x0, 0x8, 0xff, 0x50, 0x0, 0x0,
    0x9, 0xd0, 0x0, 0x6f, 0x99, 0xf5, 0x0, 0x0,
    0xe, 0x90, 0x4b, 0xfa, 0x0, 0xaf, 0xb5, 0x10,
    0x4f, 0x37, 0xfd, 0x50, 0x0, 0x5, 0xcf, 0xe1,
    0x3, 0x0, 0x20, 0x0, 0x0, 0x0, 0x1, 0x20,

    /* U+5EB7 "康" */
    0x0, 0x0, 0x0, 0x2, 0xa3, 0x0, 0x0, 0x0,
    0x0, 0x44, 0x44, 0x45, 0xfd, 0x44, 0x44, 0x41,
    0x1, 0xff, 0xff, 0xff, 0xff, 0xff, 0xff, 0xf3,
    0x1, 0xf5, 0x0, 0x0, 0x9e, 0x0, 0x0, 0x0,
    0x1, 0xf5, 0x7e, 0xee, 0xff, 0xee, 0xed, 0x0,
    0x1, 0xf5, 0x1, 0x11, 0xae, 0x11, 0x8e, 0x0,
    0x1, 0xf9, 0xee, 0xee, 0xff, 0xee, 0xff, 0xf6,
    0x2, 0xf5, 0x22, 0x22, 0xae, 0x22, 0x8f, 0x31,
    0x3, 0xf4, 0x8c, 0xcc, 0xef, 0xcc, 0xee, 0x0,
    0x4, 0xf2, 0x89, 0x33, 0xaf, 0x43, 0x4a, 0x0,
    0x5, 0xf0, 0x5e, 0xb0, 0x9f, 0xb4, 0xed, 0x30,
    0x8, 0xd0, 0x2, 0xcc, 0xff, 0xcf, 0x90, 0x0,
    0xd, 0xa4, 0xaf, 0xd6, 0xae, 0xb, 0xf8, 0x20,
    0x3f, 0x57, 0xb5, 0x33, 0xce, 0x0, 0x5c, 0xf3,
    0x2a, 0x0, 0x0, 0xdf, 0xe7, 0x0, 0x0, 0x10,

    /* U+5F00 "开" */
    0x9, 0xff, 0xff, 0xff, 0xff, 0xff, 0xff, 0xa0,
    0x3, 0x66, 0xaf, 0x76, 0x66, 0xed, 0x66, 0x40,
    0x0, 0x0, 0x6f, 0x10, 0x0, 0xcb, 0x0, 0x0,
    0x0, 0x0, 0x6f, 0x10, 0x0, 0xcb, 0x0, 0x0,
    0x0, 0x0, 0x6f, 0x10, 0x0, 0xcb, 0x0, 0x0,
    0x0, 0x0, 0x6f, 0x10, 0x0, 0xcb, 0x0, 0x0,
    0x1f, 0xff, 0xff, 0xff, 0xff, 0xff, 0xff, 0xf2,
    0x7, 0x77, 0xcf, 0x77, 0x77, 0xed, 0x77, 0x71,
    0x0, 0x0, 0xcd, 0x0, 0x0, 0xcb, 0x0, 0x0,
    0x0, 0x1, 0xf9, 0x0, 0x0, 0xcb, 0x0, 0x0,
    0x0, 0x9, 0xf3, 0x0, 0x0, 0xcb, 0x0, 0x0,
    0x0, 0x6f, 0xa0, 0x0, 0x0, 0xcb, 0x0, 0x0,
    0x8, 0xfd, 0x0, 0x0, 0x0, 0xcb, 0x0, 0x0,
    0x8, 0xb0, 0x0, 0x0, 0x0, 0xcb, 0x0, 0x0,
    0x0, 0x0, 0x0, 0x0, 0x0, 0x0, 0x0, 0x0,

    /* U+5F1F "弟" */
    0x0, 0x0, 0x31, 0x0, 0x0, 0x5, 0x10, 0x0,
    0x0, 0x1f, 0xa0, 0x0, 0x5, 0xf5, 0x0, 0x0,
    0x0, 0x8f, 0x20, 0x0, 0xcc, 0x0, 0x0, 0x1f,
    0xff, 0xff, 0xff, 0xff, 0xff, 0xf1, 0x0, 0x44,
    0x44, 0x4b, 0xf4, 0x44, 0x9f, 0x10, 0x0, 0x0,
    0x0, 0x8e, 0x0, 0x6, 0xf1, 0x0, 0x3f, 0xff,
    0xff, 0xff, 0xff, 0xff, 0x10, 0x6, 0xf7, 0x66,
    0xbf, 0x66, 0x66, 0x60, 0x0, 0x9e, 0x0, 0x8,
    0xe0, 0x0, 0x0, 0x0, 0xd, 0xff, 0xff, 0xff,
    0xff, 0xff, 0xfc, 0x0, 0x66, 0x66, 0xef, 0xf6,
    0x66, 0x6d, 0xb0, 0x0, 0x1, 0xcf, 0xee, 0x0,
    0x0, 0xea, 0x0, 0x6, 0xee, 0x48, 0xe0, 0x0,
    0x1f, 0x70, 0x8f, 0xfa, 0x10, 0x8e, 0x7, 0xef,
    0xf3, 0x4, 0x92, 0x0, 0x8, 0xe0, 0x17, 0x63,
    0x0,

    /* U+5F31 "弱" */
    0xa, 0xff, 0xff, 0xf4, 0x8f, 0xff, 0xff, 0x80,
    0x35, 0x55, 0x7f, 0x42, 0x55, 0x55, 0xf8, 0x0,
    0x0, 0x2, 0xf4, 0x0, 0x0, 0xe, 0x80, 0x3f,
    0xff, 0xff, 0x43, 0xff, 0xff, 0xf8, 0x4, 0xf7,
    0x55, 0x51, 0x4f, 0x75, 0x55, 0x30, 0x5f, 0x10,
    0x0, 0x4, 0xf2, 0x0, 0x0, 0x6, 0xff, 0xff,
    0xf7, 0x6f, 0xff, 0xff, 0xb0, 0x27, 0x55, 0x6f,
    0x62, 0x75, 0x55, 0xda, 0x4, 0xfc, 0x62, 0xf5,
    0x3f, 0xd6, 0xd, 0xa0, 0x1, 0x8e, 0x6f, 0x40,
    0x17, 0xe5, 0xe9, 0x0, 0x49, 0xef, 0xf2, 0x3,
    0x8e, 0xff, 0x70, 0xef, 0xc6, 0x8f, 0xa, 0xfc,
    0x62, 0xf6, 0x5, 0x23, 0x4c, 0xd0, 0x32, 0x22,
    0x7f, 0x30, 0x0, 0x9f, 0xe5, 0x0, 0xc, 0xff,
    0xb0, 0x0, 0x0, 0x0, 0x0, 0x0, 0x1, 0x10,
    0x0,

    /* U+5F53 "当" */
    0x2, 0x20, 0x0, 0xea, 0x0, 0x4, 0x30, 0xd,
    0xd0, 0x0, 0xea, 0x0, 0xe, 0xc0, 0x3, 0xf8,
    0x0, 0xea, 0x0, 0x7f, 0x30, 0x0, 0xaf, 0x10,
    0xea, 0x1, 0xf9, 0x0, 0x0, 0x12, 0x0, 0xea,
    0x0, 0x50, 0x0, 0xd, 0xff, 0xff, 0xff, 0xff,
    0xff, 0xe0, 0x7, 0x88, 0x88, 0x88, 0x88, 0x8d,
    0xe0, 0x0, 0x0, 0x0, 0x0, 0x0, 0xa, 0xe0,
    0x2, 0x66, 0x66, 0x66, 0x66, 0x6c, 0xe0, 0x4,
    0xff, 0xff, 0xff, 0xff, 0xff, 0xe0, 0x0, 0x0,
    0x0, 0x0, 0x0, 0xa, 0xe0, 0x0, 0x0, 0x0,
    0x0, 0x0, 0xa, 0xe0, 0x2f, 0xff, 0xff, 0xff,
    0xff, 0xff, 0xe0, 0x18, 0x88, 0x88, 0x88, 0x88,
    0x8d, 0xe0,

    /* U+5F88 "很" */
    0x0, 0x2, 0x60, 0x0, 0x0, 0x0, 0x0, 0x0,
    0x0, 0x1d, 0xd1, 0x8f, 0xff, 0xff, 0xfe, 0x0,
    0x1, 0xce, 0x20, 0x8f, 0x44, 0x44, 0xae, 0x0,
    0x1e, 0xe3, 0x0, 0x8e, 0x0, 0x0, 0x8e, 0x0,
    0xa, 0x11, 0xd5, 0x8f, 0xff, 0xff, 0xfe, 0x0,
    0x0, 0xc, 0xe1, 0x8f, 0x44, 0x44, 0xae, 0x0,
    0x0, 0x9f, 0x60, 0x8e, 0x0, 0x0, 0x8e, 0x0,
    0x9, 0xff, 0x40, 0x8f, 0xff, 0xff, 0xfe, 0x0,
    0x5f, 0xbf, 0x40, 0x8f, 0x5c, 0xc5, 0x56, 0x0,
    0x7, 0x2f, 0x40, 0x8e, 0x5, 0xf1, 0x4e, 0x80,
    0x0, 0x2f, 0x40, 0x8e, 0x0, 0xec, 0xf9, 0x0,
    0x0, 0x2f, 0x40, 0x8e, 0x0, 0x6f, 0x70, 0x0,
    0x0, 0x2f, 0x40, 0x8e, 0x14, 0x3b, 0xf5, 0x0,
    0x0, 0x2f, 0x40, 0xdf, 0xff, 0x70, 0xbf, 0xc1,
    0x0, 0x2f, 0x40, 0xca, 0x51, 0x0, 0x6, 0xa0,
    0x0, 0x0, 0x0, 0x0, 0x0, 0x0, 0x0, 0x0,

    /* U+5F97 "得" */
    0x0, 0x2, 0x20, 0x0, 0x0, 0x0, 0x0, 0x0,
    0x0, 0x1d, 0xd0, 0x9f, 0xff, 0xff, 0xff, 0x20,
    0x2, 0xde, 0x20, 0x9d, 0x11, 0x11, 0x6f, 0x20,
    0x2e, 0xd2, 0x0, 0x9f, 0xff, 0xff, 0xff, 0x20,
    0x9, 0x14, 0xe3, 0x9d, 0x0, 0x0, 0x6f, 0x20,
    0x0, 0x1e, 0xc0, 0x9f, 0xdd, 0xdd, 0xef, 0x20,
    0x1, 0xcf, 0x40, 0x13, 0x33, 0x33, 0x33, 0x0,
    0x1d, 0xff, 0x36, 0xee, 0xee, 0xee, 0xee, 0xb0,
    0x6f, 0x9f, 0x32, 0x55, 0x55, 0x5c, 0xd5, 0x40,
    0x6, 0x3f, 0x33, 0x44, 0x44, 0x4c, 0xd4, 0x40,
    0x0, 0x3f, 0x3d, 0xff, 0xff, 0xff, 0xff, 0xf1,
    0x0, 0x3f, 0x30, 0x4b, 0x10, 0xb, 0xc0, 0x0,
    0x0, 0x3f, 0x30, 0x1c, 0xd0, 0xb, 0xc0, 0x0,
    0x0, 0x3f, 0x30, 0x1, 0x94, 0x4d, 0xc0, 0x0,
    0x0, 0x3f, 0x30, 0x0, 0x7, 0xfe, 0x60, 0x0,
    0x0, 0x0, 0x0, 0x0, 0x0, 0x0, 0x0, 0x0,

    /* U+5FC3 "心" */
    0x0, 0x0, 0x1, 0xb4, 0x0, 0x0, 0x0, 0x0,
    0x0, 0x0, 0x1, 0xcf, 0x80, 0x0, 0x0, 0x0,
    0x0, 0x0, 0x0, 0x8, 0xfc, 0x10, 0x0, 0x0,
    0x0, 0x0, 0x0, 0x0, 0x5f, 0xa0, 0x0, 0x0,
    0x0, 0x0, 0x1e, 0x60, 0x4, 0x10, 0x1, 0x0,
    0x0, 0x96, 0x1f, 0x70, 0x0, 0x0, 0xbc, 0x0,
    0x0, 0xf8, 0x1f, 0x70, 0x0, 0x0, 0x7f, 0x30,
    0x2, 0xf6, 0x1f, 0x70, 0x0, 0x0, 0x1f, 0x90,
    0x5, 0xf3, 0x1f, 0x70, 0x0, 0x0, 0xa, 0xe0,
    0x9, 0xf0, 0x1f, 0x70, 0x0, 0x4, 0x6, 0xf3,
    0xe, 0xc0, 0x1f, 0x70, 0x0, 0xc, 0xa2, 0xf5,
    0x7, 0x60, 0x1f, 0x70, 0x0, 0xe, 0x80, 0x10,
    0x0, 0x0, 0xf, 0xc6, 0x66, 0x8f, 0x40, 0x0,
    0x0, 0x0, 0x7, 0xef, 0xff, 0xfa, 0x0, 0x0,

    /* U+5FF5 "念" */
    0x0, 0x0, 0x0, 0x7, 0x60, 0x0, 0x0, 0x0,
    0x0, 0x0, 0x0, 0x6f, 0xf5, 0x0, 0x0, 0x0,
    0x0, 0x0, 0x9, 0xf7, 0x7f, 0x91, 0x0, 0x0,
    0x0, 0x7, 0xee, 0x46, 0x3, 0xdf, 0x82, 0x0,
    0x8, 0xff, 0xb2, 0x1d, 0xe3, 0x8, 0xff, 0xb3,
    0xc, 0xa3, 0x0, 0x0, 0xa4, 0x0, 0x17, 0xc1,
    0x0, 0xf, 0xff, 0xff, 0xff, 0xff, 0xa0, 0x0,
    0x0, 0x5, 0x55, 0x55, 0x55, 0xaf, 0x60, 0x0,
    0x0, 0x0, 0x0, 0x43, 0x4, 0xfa, 0x0, 0x0,
    0x0, 0x0, 0x0, 0xbf, 0x4c, 0xb0, 0x0, 0x0,
    0x0, 0xa5, 0x8e, 0xb, 0xf3, 0x0, 0xc9, 0x0,
    0x1, 0xf6, 0x8e, 0x1, 0xd7, 0x0, 0x5f, 0x40,
    0x7, 0xf1, 0x8e, 0x0, 0x0, 0xe, 0x5c, 0xd0,
    0xe, 0xa0, 0x8f, 0x65, 0x55, 0x7f, 0x44, 0xf4,
    0x5, 0x20, 0x2d, 0xff, 0xff, 0xfb, 0x0, 0x30,

    /* U+60C5 "情" */
    0x0, 0x6e, 0x1, 0x22, 0x29, 0xe2, 0x22, 0x20,
    0x0, 0x6e, 0x6, 0xff, 0xff, 0xff, 0xff, 0xe0,
    0x0, 0x7f, 0xd1, 0x11, 0x19, 0xe1, 0x11, 0x0,
    0xc, 0xbe, 0xb8, 0xff, 0xff, 0xff, 0xff, 0x80,
    0xe, 0xae, 0x47, 0x22, 0x2a, 0xe2, 0x22, 0x21,
    0x1f, 0x8e, 0xe, 0xff, 0xff, 0xff, 0xff, 0xf6,
    0x4d, 0x6e, 0x0, 0x33, 0x33, 0x33, 0x33, 0x0,
    0x2, 0x6e, 0x0, 0xdf, 0xee, 0xee, 0xef, 0x30,
    0x0, 0x6e, 0x0, 0xd9, 0x22, 0x22, 0x4f, 0x30,
    0x0, 0x6e, 0x0, 0xdf, 0xff, 0xff, 0xff, 0x30,
    0x0, 0x6e, 0x0, 0xd9, 0x11, 0x11, 0x3f, 0x30,
    0x0, 0x6e, 0x0, 0xdf, 0xff, 0xff, 0xff, 0x30,
    0x0, 0x6e, 0x0, 0xd8, 0x0, 0x4, 0x6f, 0x30,
    0x0, 0x6e, 0x0, 0xd8, 0x0, 0xe, 0xfc, 0x0,

    /* U+611F "感" */
    0x0, 0x0, 0x0, 0x0, 0x0, 0x0, 0x0, 0x0,
    0x0, 0x0, 0x0, 0x0, 0x9, 0xb3, 0xc6, 0x0,
    0x0, 0xff, 0xff, 0xff, 0xff, 0xff, 0xff, 0xf1,
    0x0, 0xf8, 0x33, 0x33, 0x38, 0xf3, 0x34, 0x30,
    0x0, 0xf6, 0xdd, 0xdd, 0xd5, 0xf0, 0x3f, 0x30,
    0x1, 0xf4, 0x33, 0x33, 0x31, 0xf4, 0xbd, 0x0,
    0x2, 0xf2, 0xef, 0xff, 0xc0, 0xdc, 0xf4, 0x0,
    0x5, 0xf1, 0xe6, 0x16, 0xd0, 0x8f, 0x90, 0x71,
    0x9, 0xd0, 0xea, 0x7a, 0xd4, 0xef, 0x90, 0xe3,
    0x1f, 0x70, 0x78, 0x88, 0x7e, 0xb6, 0xff, 0xf0,
    0x7, 0x0, 0x22, 0xa, 0x61, 0x0, 0x27, 0x30,
    0x0, 0xa4, 0xcc, 0x5, 0xf5, 0x0, 0x9d, 0x0,
    0x5, 0xf3, 0xcc, 0x0, 0x8a, 0xc, 0x7f, 0x60,
    0xd, 0xb0, 0xce, 0x32, 0x22, 0x5f, 0x4a, 0xe0,
    0x5, 0x20, 0x5e, 0xff, 0xff, 0xfb, 0x1, 0x10,

    /* U+620A "戊" */
    0x0, 0x0, 0x0, 0x1, 0xf6, 0x1c, 0x70, 0x0,
    0x0, 0x0, 0x0, 0x0, 0xf7, 0x4, 0xdc, 0x0,
    0x0, 0x45, 0x55, 0x55, 0xfa, 0x55, 0x68, 0x50,
    0x0, 0xdf, 0xff, 0xff, 0xff, 0xff, 0xff, 0xf0,
    0x0, 0xdb, 0x11, 0x11, 0xcb, 0x11, 0x11, 0x10,
    0x0, 0xda, 0x0, 0x0, 0x9d, 0x0, 0x5a, 0x10,
    0x0, 0xda, 0x0, 0x0, 0x7f, 0x0, 0xdc, 0x0,
    0x0, 0xe9, 0x0, 0x0, 0x4f, 0x26, 0xf3, 0x0,
    0x0, 0xf7, 0x0, 0x0, 0x1f, 0x9f, 0xa0, 0x0,
    0x1, 0xf6, 0x0, 0x0, 0xc, 0xfc, 0x0, 0x0,
    0x4, 0xf4, 0x0, 0x0, 0x3e, 0xf3, 0x0, 0x91,
    0x8, 0xf0, 0x0, 0x6, 0xfd, 0xfb, 0x0, 0xf5,
    0x1f, 0xa0, 0x4, 0xdf, 0xa0, 0x5f, 0xb7, 0xf2,
    0x4f, 0x20, 0xd, 0xd5, 0x0, 0x7, 0xef, 0xb0,
    0x1, 0x0, 0x1, 0x0, 0x0, 0x0, 0x3, 0x0,

    /* U+620C "戌" */
    0x0, 0x0, 0x0, 0x0, 0x7f, 0xa, 0x80, 0x0,
    0x0, 0x0, 0x0, 0x0, 0x6f, 0x4, 0xdd, 0x10,
    0x0, 0x67, 0x77, 0x77, 0xaf, 0x87, 0x8d, 0x70,
    0x0, 0xdf, 0xff, 0xff, 0xff, 0xff, 0xff, 0xf0,
    0x0, 0xda, 0x0, 0x0, 0x3f, 0x30, 0x0, 0x0,
    0x0, 0xda, 0x0, 0x0, 0x1f, 0x50, 0x4f, 0x30,
    0x0, 0xda, 0x0, 0x0, 0xf, 0x70, 0xbd, 0x0,
    0x0, 0xef, 0xff, 0xff, 0x1d, 0xa4, 0xf5, 0x0,
    0x0, 0xfc, 0x77, 0x77, 0x9, 0xee, 0xc0, 0x0,
    0x0, 0xf6, 0x0, 0x0, 0x5, 0xff, 0x20, 0x0,
    0x3, 0xf4, 0x0, 0x0, 0xa, 0xf9, 0x0, 0xa1,
    0x8, 0xf1, 0x0, 0x1, 0xbf, 0xef, 0x10, 0xf3,
    0xe, 0xb0, 0x0, 0x6e, 0xf5, 0x2f, 0xd8, 0xf1,
    0x2e, 0x40, 0x0, 0xdc, 0x30, 0x4, 0xdf, 0x90,
    0x1, 0x0, 0x0, 0x10, 0x0, 0x0, 0x2, 0x0,

    /* U+6240 "所" */
    0x0, 0x0, 0x0, 0x0, 0x0, 0x0, 0x0, 0x0,
    0x0, 0x2, 0x59, 0xe6, 0x0, 0x26, 0xaf, 0x80,
    0x6, 0xff, 0xfd, 0x94, 0x6f, 0xff, 0xd9, 0x40,
    0x7, 0xf3, 0x0, 0x0, 0x7f, 0x30, 0x0, 0x0,
    0x7, 0xf6, 0x66, 0x61, 0x7f, 0x0, 0x0, 0x0,
    0x7, 0xff, 0xff, 0xf3, 0x7f, 0x0, 0x0, 0x0,
    0x7, 0xf0, 0x3, 0xf3, 0x7f, 0xff, 0xff, 0xf5,
    0x7, 0xf0, 0x3, 0xf3, 0x7f, 0x44, 0xfa, 0x41,
    0x7, 0xff, 0xff, 0xf3, 0x8f, 0x0, 0xe8, 0x0,
    0x8, 0xf6, 0x66, 0x61, 0x9e, 0x0, 0xe8, 0x0,
    0x9, 0xd0, 0x0, 0x0, 0xcb, 0x0, 0xe8, 0x0,
    0xb, 0xb0, 0x0, 0x1, 0xf7, 0x0, 0xe8, 0x0,
    0xe, 0x90, 0x0, 0x8, 0xf2, 0x0, 0xe8, 0x0,
    0x4f, 0x30, 0x0, 0x3f, 0xa0, 0x0, 0xe8, 0x0,
    0x3c, 0x0, 0x0, 0x4d, 0x10, 0x0, 0xe8, 0x0,
    0x0, 0x0, 0x0, 0x0, 0x0, 0x0, 0x0, 0x0,

    /* U+624B "手" */
    0x0, 0x0, 0x0, 0x0, 0x0, 0x2, 0x40, 0x0,
    0x0, 0x23, 0x45, 0x78, 0xac, 0xff, 0xf5, 0x0,
    0x0, 0xff, 0xff, 0xef, 0xe9, 0x74, 0x10, 0x0,
    0x0, 0x21, 0x0, 0xb, 0xc0, 0x0, 0x0, 0x0,
    0x0, 0x0, 0x0, 0xb, 0xc0, 0x0, 0x0, 0x0,
    0x1, 0xff, 0xff, 0xff, 0xff, 0xff, 0xff, 0x40,
    0x0, 0x77, 0x77, 0x7d, 0xe7, 0x77, 0x77, 0x20,
    0x0, 0x0, 0x0, 0xb, 0xc0, 0x0, 0x0, 0x0,
    0x3, 0x33, 0x33, 0x3c, 0xd3, 0x33, 0x33, 0x30,
    0x2f, 0xff, 0xff, 0xff, 0xff, 0xff, 0xff, 0xf3,
    0x3, 0x33, 0x33, 0x3c, 0xd3, 0x33, 0x33, 0x30,
    0x0, 0x0, 0x0, 0xb, 0xc0, 0x0, 0x0, 0x0,
    0x0, 0x0, 0x0, 0xb, 0xc0, 0x0, 0x0, 0x0,
    0x0, 0x0, 0x76, 0x7e, 0xb0, 0x0, 0x0, 0x0,
    0x0, 0x0, 0xbf, 0xfc, 0x40, 0x0, 0x0, 0x0,
    0x0, 0x0, 0x0, 0x0, 0x0, 0x0, 0x0, 0x0,

    /* U+6276 "扶" */
    0x0, 0x2f, 0x40, 0x0, 0x1, 0xf6, 0x0, 0x0,
    0x0, 0x2f, 0x40, 0x0, 0x1, 0xf6, 0x0, 0x0,
    0x4, 0x6f, 0x74, 0x7, 0x78, 0xfb, 0x77, 0x40,
    0x1f, 0xff, 0xff, 0x1d, 0xee, 0xfe, 0xee, 0x80,
    0x1, 0x3f, 0x51, 0x0, 0x2, 0xf5, 0x0, 0x0,
    0x0, 0x2f, 0x40, 0x0, 0x3, 0xf5, 0x0, 0x0,
    0x0, 0x2f, 0x66, 0x35, 0x58, 0xf8, 0x55, 0x50,
    0x16, 0xaf, 0xff, 0x8f, 0xff, 0xff, 0xff, 0xf1,
    0x2f, 0xef, 0x70, 0x0, 0xc, 0xfe, 0x10, 0x0,
    0x1, 0x2f, 0x40, 0x0, 0x2f, 0xbf, 0x60, 0x0,
    0x0, 0x2f, 0x40, 0x0, 0xcf, 0x1a, 0xe0, 0x0,
    0x0, 0x2f, 0x40, 0x9, 0xf7, 0x2, 0xfa, 0x0,
    0x4, 0x7f, 0x31, 0xbf, 0x90, 0x0, 0x6f, 0xc2,
    0xb, 0xfb, 0x3, 0xe7, 0x0, 0x0, 0x4, 0xc0,
    0x0, 0x0, 0x0, 0x0, 0x0, 0x0, 0x0, 0x0,

    /* U+62E9 "择" */
    0x0, 0x0, 0x0, 0x0, 0x0, 0x0, 0x0, 0x0,
    0x0, 0x4f, 0x20, 0x9f, 0xff, 0xff, 0xff, 0x50,
    0x0, 0x4f, 0x20, 0x39, 0xf6, 0x55, 0xde, 0x0,
    0x14, 0x7f, 0x64, 0x0, 0xcb, 0x8, 0xf5, 0x0,
    0x3f, 0xff, 0xff, 0x0, 0x2f, 0xcf, 0x60, 0x0,
    0x0, 0x4f, 0x30, 0x0, 0x5d, 0xff, 0x72, 0x0,
    0x0, 0x4f, 0x21, 0xae, 0xf8, 0x28, 0xff, 0xc3,
    0x0, 0x4f, 0xab, 0xa7, 0x13, 0xe3, 0x17, 0xb0,
    0x18, 0xef, 0xfa, 0x14, 0x47, 0xf7, 0x44, 0x0,
    0x3f, 0xdf, 0x30, 0x5f, 0xff, 0xff, 0xff, 0x20,
    0x0, 0x4f, 0x20, 0x0, 0x4, 0xf4, 0x0, 0x0,
    0x0, 0x4f, 0x20, 0x55, 0x58, 0xf8, 0x55, 0x51,
    0x0, 0x4f, 0x22, 0xff, 0xff, 0xff, 0xff, 0xf4,
    0x5, 0x9f, 0x20, 0x0, 0x3, 0xf3, 0x0, 0x0,
    0xb, 0xfb, 0x0, 0x0, 0x3, 0xf3, 0x0, 0x0,
    0x0, 0x0, 0x0, 0x0, 0x0, 0x0, 0x0, 0x0,

    /* U+6309 "按" */
    0x0, 0x0, 0x0, 0x0, 0x0, 0x0, 0x0, 0x0,
    0x0, 0x1f, 0x40, 0x0, 0x5, 0xf3, 0x0, 0x0,
    0x0, 0x1f, 0x40, 0x34, 0x46, 0xfa, 0x44, 0x41,
    0x4, 0x6f, 0x84, 0xbf, 0xdd, 0xdd, 0xde, 0xf3,
    0x2f, 0xff, 0xfe, 0xba, 0x6, 0x50, 0x3, 0xf3,
    0x1, 0x3f, 0x51, 0x88, 0xf, 0x90, 0x2, 0xb2,
    0x0, 0x1f, 0x40, 0x33, 0x7f, 0x73, 0x33, 0x31,
    0x0, 0x1f, 0x43, 0xff, 0xff, 0xff, 0xff, 0xf7,
    0x0, 0x4f, 0xdf, 0x35, 0xf7, 0x11, 0xdc, 0x10,
    0x3e, 0xff, 0xb5, 0xb, 0xe0, 0x2, 0xf6, 0x0,
    0x18, 0x5f, 0x40, 0x1e, 0xe7, 0xa, 0xf1, 0x0,
    0x0, 0x1f, 0x40, 0x1, 0x8f, 0xef, 0x70, 0x0,
    0x0, 0x1f, 0x40, 0x0, 0x1a, 0xff, 0xd5, 0x0,
    0x4, 0x7f, 0x40, 0x6b, 0xfe, 0x52, 0xcf, 0xb1,
    0xb, 0xfb, 0x10, 0xbb, 0x60, 0x0, 0x7, 0xc0,
    0x0, 0x0, 0x0, 0x0, 0x0, 0x0, 0x0, 0x0,

    /* U+6447 "摇" */
    0x0, 0x0, 0x0, 0x0, 0x0, 0x0, 0x2, 0x0,
    0x0, 0x3f, 0x10, 0x46, 0x78, 0xac, 0xff, 0x90,
    0x0, 0x3f, 0x11, 0xed, 0xba, 0xa7, 0x55, 0x10,
    0x4, 0x7f, 0x62, 0x59, 0x8, 0xa0, 0xe, 0x90,
    0x1f, 0xff, 0xf8, 0x3f, 0x24, 0xf1, 0x5f, 0x10,
    0x0, 0x4f, 0x20, 0xc, 0x60, 0x20, 0x77, 0x0,
    0x0, 0x3f, 0x10, 0x4f, 0xff, 0xff, 0xff, 0xe0,
    0x0, 0x3f, 0x55, 0xf9, 0x47, 0xf5, 0x44, 0x40,
    0x6, 0xbf, 0xf7, 0x60, 0x4, 0xf2, 0x0, 0x0,
    0x2f, 0xef, 0x47, 0xff, 0xff, 0xff, 0xff, 0xf7,
    0x1, 0x3f, 0x11, 0x65, 0x37, 0xf5, 0x36, 0x71,
    0x0, 0x3f, 0x10, 0xe6, 0x4, 0xf1, 0x9, 0xc0,
    0x0, 0x3f, 0x10, 0xe6, 0x4, 0xf1, 0x9, 0xc0,
    0x5, 0x8f, 0x10, 0xee, 0xde, 0xfd, 0xde, 0xc0,
    0xa, 0xfa, 0x0, 0x56, 0x66, 0x66, 0x6b, 0xc0,
    0x0, 0x0, 0x0, 0x0, 0x0, 0x0, 0x1, 0x10,

    /* U+6548 "效" */
    0x0, 0x0, 0x10, 0x0, 0x0, 0x20, 0x0, 0x0,
    0x0, 0x8, 0xe1, 0x0, 0x0, 0xf7, 0x0, 0x0,
    0x0, 0x1, 0xe5, 0x0, 0x2, 0xf4, 0x0, 0x0,
    0x1f, 0xff, 0xff, 0xff, 0x46, 0xf7, 0x66, 0x61,
    0x5, 0x87, 0x56, 0x95, 0x1a, 0xff, 0xff, 0xf3,
    0x0, 0xda, 0x6, 0xf2, 0x1f, 0x70, 0x2f, 0x40,
    0x5, 0xf2, 0x0, 0xcc, 0x8f, 0x70, 0x5f, 0x0,
    0x1e, 0x91, 0xb, 0xad, 0xff, 0xc0, 0x9d, 0x0,
    0x1b, 0x9e, 0x4f, 0x40, 0xc7, 0xf2, 0xe9, 0x0,
    0x0, 0x1d, 0xfe, 0x0, 0x0, 0xeb, 0xf2, 0x0,
    0x0, 0x3, 0xfd, 0x0, 0x0, 0x8f, 0xc0, 0x0,
    0x0, 0xc, 0xef, 0xa0, 0x0, 0x7f, 0xa0, 0x0,
    0x0, 0x9f, 0x37, 0xf5, 0x5, 0xfd, 0xf6, 0x0,
    0xb, 0xf6, 0x0, 0x82, 0x8f, 0xa0, 0xbf, 0x70,
    0x1c, 0x50, 0x0, 0xb, 0xf8, 0x0, 0xb, 0xf3,
    0x0, 0x0, 0x0, 0x1, 0x30, 0x0, 0x0, 0x30,

    /* U+6570 "数" */
    0x3, 0x70, 0xe7, 0x2a, 0x11, 0xd3, 0x0, 0x0,
    0x1, 0xf3, 0xe7, 0xc9, 0x4, 0xf1, 0x0, 0x0,
    0x8, 0xc9, 0xfb, 0xb8, 0x58, 0xf6, 0x66, 0x61,
    0xa, 0xad, 0xff, 0xba, 0x6b, 0xff, 0xff, 0xf3,
    0x0, 0x3f, 0xff, 0xd3, 0xf, 0xc0, 0x4f, 0x10,
    0x5, 0xe9, 0xe7, 0xae, 0x6f, 0xf0, 0x7e, 0x0,
    0x1e, 0x80, 0xe7, 0x3, 0xeb, 0xf5, 0xab, 0x0,
    0x4, 0x38, 0xb4, 0x34, 0x80, 0xc9, 0xf6, 0x0,
    0xc, 0xff, 0xff, 0xfe, 0x0, 0x6f, 0xf1, 0x0,
    0x0, 0xad, 0x0, 0xe7, 0x0, 0x1f, 0xb0, 0x0,
    0x1, 0xee, 0x7a, 0xd0, 0x0, 0x8f, 0xe1, 0x0,
    0x0, 0x7, 0xff, 0x80, 0x6, 0xf8, 0xec, 0x0,
    0x3, 0x8f, 0xc8, 0xe4, 0xaf, 0x90, 0x3f, 0xd2,
    0x1e, 0xc5, 0x0, 0x6, 0xf6, 0x0, 0x3, 0xd3,
    0x0, 0x0, 0x0, 0x0, 0x10, 0x0, 0x0, 0x0,

    /* U+65AD "断" */
    0x0, 0x0, 0x0, 0x0, 0x0, 0x0, 0x0, 0xe,
    0x64, 0x1f, 0x24, 0x0, 0x36, 0xaf, 0x80, 0xe6,
    0xe3, 0xf3, 0xf3, 0xff, 0xc7, 0x20, 0xe, 0x6a,
    0x7f, 0x8b, 0x1f, 0x40, 0x0, 0x0, 0xe6, 0x55,
    0xf8, 0x31, 0xf4, 0x0, 0x0, 0xe, 0x9b, 0xcf,
    0xcb, 0x6f, 0x51, 0x11, 0x10, 0xe8, 0x8b, 0xfa,
    0x84, 0xff, 0xff, 0xff, 0x1e, 0x60, 0xbf, 0xc0,
    0x2f, 0x73, 0xf9, 0x30, 0xe6, 0x4f, 0xfc, 0xb3,
    0xf3, 0xe, 0x70, 0xe, 0x8e, 0x8f, 0x3e, 0x5f,
    0x20, 0xe7, 0x0, 0xec, 0xc2, 0xf2, 0x15, 0xf0,
    0xe, 0x70, 0xe, 0x72, 0x1f, 0x20, 0x7f, 0x0,
    0xe7, 0x0, 0xe9, 0x56, 0xb6, 0x5a, 0xb0, 0xe,
    0x70, 0xd, 0xee, 0xee, 0xee, 0xf7, 0x0, 0xe7,
    0x0, 0x0, 0x0, 0x0, 0x2d, 0x10, 0xe, 0x70,
    0x0, 0x0, 0x0, 0x0, 0x0, 0x0, 0x0, 0x0,

    /* U+65BD "施" */
    0x0, 0x0, 0x0, 0x0, 0x1, 0x0, 0x0, 0x0,
    0x0, 0xd, 0x90, 0x0, 0x6f, 0x20, 0x0, 0x0,
    0x0, 0x8, 0xe0, 0x0, 0xce, 0x10, 0x0, 0x0,
    0x2a, 0xac, 0xeb, 0xa3, 0xff, 0xff, 0xff, 0xf2,
    0x2a, 0xee, 0xaa, 0xbd, 0xe4, 0x57, 0x44, 0x40,
    0x0, 0xac, 0x0, 0x3f, 0xa2, 0x3f, 0x7, 0x40,
    0x0, 0xbe, 0xaa, 0x72, 0xe6, 0x4f, 0xef, 0x80,
    0x0, 0xce, 0xbe, 0xa0, 0xec, 0xff, 0x8c, 0x80,
    0x0, 0xd8, 0xb, 0xa8, 0xff, 0xbf, 0xc, 0x80,
    0x0, 0xe6, 0xc, 0x9d, 0xf6, 0x3f, 0xc, 0x70,
    0x1, 0xf4, 0xc, 0x80, 0xe6, 0x3f, 0x3e, 0x60,
    0x5, 0xf1, 0xd, 0x80, 0xe6, 0x3f, 0x6b, 0x20,
    0xa, 0xd0, 0xe, 0x70, 0xe6, 0x2b, 0x0, 0x61,
    0x2f, 0x74, 0x6f, 0x50, 0xea, 0x43, 0x36, 0xf4,
    0x1c, 0xa, 0xfc, 0x0, 0x7f, 0xff, 0xff, 0xc0,
    0x0, 0x0, 0x0, 0x0, 0x0, 0x0, 0x0, 0x0,

    /* U+65E0 "无" */
    0x0, 0x66, 0x66, 0x66, 0x66, 0x66, 0x66, 0x10,
    0x2, 0xff, 0xff, 0xff, 0xff, 0xff, 0xff, 0x40,
    0x0, 0x0, 0x0, 0x2f, 0x70, 0x0, 0x0, 0x0,
    0x0, 0x0, 0x0, 0x2f, 0x60, 0x0, 0x0, 0x0,
    0x0, 0x0, 0x0, 0x3f, 0x40, 0x0, 0x0, 0x0,
    0x1f, 0xff, 0xff, 0xff, 0xff, 0xff, 0xff, 0xf3,
    0x8, 0x88, 0x88, 0xdf, 0xfd, 0x88, 0x88, 0x81,
    0x0, 0x0, 0x0, 0xeb, 0xda, 0x0, 0x0, 0x0,
    0x0, 0x0, 0x4, 0xf6, 0xda, 0x0, 0x0, 0x0,
    0x0, 0x0, 0xd, 0xe0, 0xda, 0x0, 0x0, 0x0,
    0x0, 0x0, 0x9f, 0x50, 0xda, 0x0, 0x1, 0xc2,
    0x0, 0x9, 0xf9, 0x0, 0xdb, 0x0, 0x3, 0xf3,
    0x4, 0xdf, 0xa0, 0x0, 0xce, 0x77, 0x7b, 0xf1,
    0x1e, 0xd5, 0x0, 0x0, 0x5e, 0xff, 0xff, 0x70,
    0x2, 0x0, 0x0, 0x0, 0x0, 0x0, 0x0, 0x0,

    /* U+65E5 "日" */
    0x6f, 0xff, 0xff, 0xff, 0xff, 0xf1, 0x6f, 0x88,
    0x88, 0x88, 0x8c, 0xf1, 0x6f, 0x10, 0x0, 0x0,
    0x7, 0xf1, 0x6f, 0x10, 0x0, 0x0, 0x7, 0xf1,
    0x6f, 0x10, 0x0, 0x0, 0x7, 0xf1, 0x6f, 0x10,
    0x0, 0x0, 0x7, 0xf1, 0x6f, 0xff, 0xff, 0xff,
    0xff, 0xf1, 0x6f, 0x87, 0x77, 0x77, 0x7b, 0xf1,
    0x6f, 0x10, 0x0, 0x0, 0x7, 0xf1, 0x6f, 0x10,
    0x0, 0x0, 0x7, 0xf1, 0x6f, 0x10, 0x0, 0x0,
    0x7, 0xf1, 0x6f, 0x77, 0x77, 0x77, 0x7b, 0xf1,
    0x6f, 0xff, 0xff, 0xff, 0xff, 0xf1, 0x6f, 0x10,
    0x0, 0x0, 0x7, 0xe1,

    /* U+65EC "旬" */
    0x0, 0x0, 0x32, 0x0, 0x0, 0x0, 0x0, 0x0,
    0x0, 0xe, 0xc0, 0x0, 0x0, 0x0, 0x0, 0x0,
    0x6, 0xfa, 0x44, 0x44, 0x44, 0x44, 0x40, 0x0,
    0xdf, 0xff, 0xff, 0xff, 0xff, 0xff, 0x0, 0x4f,
    0x82, 0x22, 0x22, 0x22, 0x2a, 0xe0, 0xe, 0xf4,
    0x33, 0x33, 0x30, 0x0, 0x9e, 0xb, 0xfb, 0xff,
    0xff, 0xff, 0x0, 0xa, 0xd3, 0xf9, 0x6f, 0x0,
    0x7, 0xf0, 0x0, 0xbc, 0x3, 0x6, 0xf4, 0x44,
    0x9f, 0x0, 0xc, 0xc0, 0x0, 0x6f, 0xff, 0xff,
    0xf0, 0x0, 0xcb, 0x0, 0x6, 0xf0, 0x0, 0x7f,
    0x0, 0xe, 0xa0, 0x0, 0x6f, 0x55, 0x5a, 0xf0,
    0x0, 0xf8, 0x0, 0x6, 0xff, 0xff, 0xff, 0x0,
    0x3f, 0x60, 0x0, 0x4a, 0x0, 0x0, 0x56, 0x6c,
    0xf2, 0x0, 0x0, 0x0, 0x0, 0x9, 0xff, 0xe7,
    0x0, 0x0, 0x0, 0x0, 0x0, 0x0, 0x0, 0x0,

    /* U+65FA "旺" */
    0x33, 0x33, 0x33, 0x66, 0x66, 0x66, 0x65, 0xe,
    0xff, 0xfe, 0x7f, 0xff, 0xff, 0xff, 0xe0, 0xe7,
    0x17, 0xe0, 0x0, 0x4f, 0x40, 0x0, 0xe, 0x70,
    0x7e, 0x0, 0x3, 0xf4, 0x0, 0x0, 0xe7, 0x7,
    0xe0, 0x0, 0x3f, 0x40, 0x0, 0xe, 0xdc, 0xde,
    0x0, 0x3, 0xf4, 0x0, 0x0, 0xeb, 0x8b, 0xe2,
    0xff, 0xff, 0xff, 0xf8, 0xe, 0x70, 0x7e, 0x17,
    0x79, 0xf9, 0x77, 0x40, 0xe7, 0x7, 0xe0, 0x0,
    0x3f, 0x40, 0x0, 0xe, 0x82, 0x8e, 0x0, 0x3,
    0xf4, 0x0, 0x0, 0xef, 0xff, 0xe0, 0x0, 0x3f,
    0x40, 0x0, 0xe, 0x81, 0x11, 0x0, 0x3, 0xf4,
    0x0, 0x0, 0x63, 0x0, 0x3f, 0xff, 0xff, 0xff,
    0xff, 0x20, 0x0, 0x1, 0x77, 0x77, 0x77, 0x77,
    0x71,

    /* U+6613 "易" */
    0x0, 0xf, 0xff, 0xff, 0xff, 0xff, 0xf6, 0x0,
    0x0, 0xf8, 0x33, 0x33, 0x33, 0x4f, 0x60, 0x0,
    0xf, 0x82, 0x22, 0x22, 0x24, 0xf6, 0x0, 0x0,
    0xff, 0xff, 0xff, 0xff, 0xff, 0x60, 0x0, 0xf,
    0x60, 0x0, 0x0, 0x1, 0xf6, 0x0, 0x0, 0xff,
    0xee, 0xee, 0xee, 0xef, 0x60, 0x0, 0x4, 0xdf,
    0x64, 0x44, 0x44, 0x41, 0x0, 0x0, 0x8f, 0xc4,
    0x44, 0x44, 0x44, 0x42, 0x0, 0x7f, 0xff, 0xff,
    0xff, 0xff, 0xff, 0x81, 0xbf, 0x90, 0x5f, 0x70,
    0x9e, 0x11, 0xf6, 0xa, 0x50, 0x4f, 0x90, 0x3f,
    0x60, 0x3f, 0x40, 0x0, 0x7f, 0xb0, 0x1d, 0xd0,
    0x6, 0xf1, 0x0, 0xbf, 0x80, 0x1d, 0xe2, 0x33,
    0xcd, 0x0, 0x3, 0x40, 0x4, 0xd2, 0xe, 0xfd,
    0x40, 0x0, 0x0, 0x0, 0x0, 0x0, 0x0, 0x0,
    0x0,

    /* U+6708 "月" */
    0x0, 0xe, 0xff, 0xff, 0xff, 0xff, 0xf0, 0x0,
    0xe, 0xc6, 0x66, 0x66, 0x6b, 0xf0, 0x0, 0xe,
    0x90, 0x0, 0x0, 0x8, 0xf0, 0x0, 0xe, 0x90,
    0x0, 0x0, 0x8, 0xf0, 0x0, 0xe, 0xff, 0xff,
    0xff, 0xff, 0xf0, 0x0, 0xf, 0xc7, 0x77, 0x77,
    0x7c, 0xf0, 0x0, 0xf, 0x80, 0x0, 0x0, 0x8,
    0xf0, 0x0, 0x1f, 0x70, 0x0, 0x0, 0x8, 0xf0,
    0x0, 0x3f, 0xff, 0xff, 0xff, 0xff, 0xf0, 0x0,
    0x7f, 0x76, 0x66, 0x66, 0x6b, 0xf0, 0x0, 0xec,
    0x0, 0x0, 0x0, 0x8, 0xf0, 0x6, 0xf6, 0x0,
    0x0, 0x0, 0x8, 0xf0, 0x4f, 0xd0, 0x0, 0x0,
    0x78, 0x8d, 0xf0, 0x3d, 0x20, 0x0, 0x0, 0x7f,
    0xfd, 0x60, 0x0, 0x0, 0x0, 0x0, 0x0, 0x0,
    0x0,

    /* U+6709 "有" */
    0x0, 0x0, 0x0, 0x51, 0x0, 0x0, 0x0, 0x0,
    0x0, 0x0, 0x3, 0xf6, 0x0, 0x0, 0x0, 0x0,
    0x6, 0x66, 0x6b, 0xf8, 0x66, 0x66, 0x66, 0x60,
    0xe, 0xff, 0xff, 0xff, 0xff, 0xff, 0xff, 0xf0,
    0x0, 0x0, 0x8f, 0x30, 0x0, 0x0, 0x0, 0x0,
    0x0, 0x3, 0xfd, 0x55, 0x55, 0x55, 0x50, 0x0,
    0x0, 0xd, 0xff, 0xff, 0xff, 0xff, 0xf2, 0x0,
    0x1, 0xdf, 0xf7, 0x0, 0x0, 0x4, 0xf2, 0x0,
    0x2e, 0xf4, 0xff, 0xff, 0xff, 0xff, 0xf2, 0x0,
    0xb, 0x30, 0xfa, 0x44, 0x44, 0x47, 0xf2, 0x0,
    0x0, 0x0, 0xf8, 0x11, 0x11, 0x15, 0xf2, 0x0,
    0x0, 0x0, 0xff, 0xff, 0xff, 0xff, 0xf2, 0x0,
    0x0, 0x0, 0xf8, 0x22, 0x22, 0x26, 0xf2, 0x0,
    0x0, 0x0, 0xf7, 0x0, 0x5, 0x6a, 0xf2, 0x0,
    0x0, 0x0, 0xf7, 0x0, 0x7, 0xfe, 0xa0, 0x0,

    /* U+671F "期" */
    0x0, 0xc8, 0x0, 0xe6, 0xb, 0xff, 0xff, 0xe0,
    0x5d, 0xb5, 0x5f, 0xa3, 0xbc, 0x55, 0xae, 0x1f,
    0xff, 0xff, 0xff, 0x9b, 0xa0, 0x8, 0xe0, 0xc,
    0x80, 0xe, 0x60, 0xbb, 0x11, 0x9e, 0x0, 0xcf,
    0xff, 0xf6, 0xb, 0xff, 0xff, 0xe0, 0xc, 0xa3,
    0x3f, 0x60, 0xcb, 0x33, 0x9e, 0x0, 0xca, 0x33,
    0xf6, 0xc, 0xa0, 0x8, 0xe0, 0xc, 0xff, 0xff,
    0x60, 0xdb, 0x33, 0x9e, 0x0, 0xc8, 0x0, 0xe6,
    0xe, 0xfe, 0xef, 0xe4, 0xff, 0xff, 0xff, 0xf8,
    0xf6, 0x0, 0x8e, 0x15, 0x79, 0x56, 0x85, 0x5f,
    0x40, 0x8, 0xe0, 0xc, 0xd0, 0x8e, 0x26, 0xf1,
    0x0, 0x8e, 0x9, 0xf4, 0x0, 0xdb, 0xcb, 0x3,
    0x6c, 0xe1, 0xc6, 0x0, 0x2, 0x1b, 0x40, 0x5f,
    0xe6, 0x0, 0x0, 0x0, 0x0, 0x0, 0x0, 0x0,
    0x0,

    /* U+6728 "木" */
    0x0, 0x0, 0x0, 0xc, 0xc0, 0x0, 0x0, 0x0,
    0x0, 0x0, 0x0, 0xc, 0xc0, 0x0, 0x0, 0x0,
    0x0, 0x0, 0x0, 0xc, 0xc0, 0x0, 0x0, 0x0,
    0x7, 0x88, 0x88, 0x8e, 0xe8, 0x88, 0x88, 0x70,
    0xd, 0xff, 0xff, 0xff, 0xff, 0xff, 0xff, 0xe0,
    0x0, 0x0, 0x0, 0xcf, 0xfc, 0x0, 0x0, 0x0,
    0x0, 0x0, 0x6, 0xfe, 0xef, 0x60, 0x0, 0x0,
    0x0, 0x0, 0x3f, 0x8c, 0xc7, 0xf3, 0x0, 0x0,
    0x0, 0x2, 0xec, 0xc, 0xc0, 0xbe, 0x30, 0x0,
    0x0, 0x3e, 0xe1, 0xc, 0xc0, 0x1d, 0xf4, 0x0,
    0x6, 0xfe, 0x20, 0xc, 0xc0, 0x2, 0xdf, 0x80,
    0x3f, 0xc2, 0x0, 0xc, 0xc0, 0x0, 0x1b, 0xf3,
    0x3, 0x0, 0x0, 0xc, 0xc0, 0x0, 0x0, 0x20,
    0x0, 0x0, 0x0, 0xc, 0xc0, 0x0, 0x0, 0x0,

    /* U+672A "未" */
    0x0, 0x0, 0x0, 0xc, 0xc0, 0x0, 0x0, 0x0,
    0x0, 0x0, 0x0, 0xc, 0xc0, 0x0, 0x0, 0x0,
    0x0, 0xcf, 0xff, 0xff, 0xff, 0xff, 0xfe, 0x0,
    0x0, 0x68, 0x88, 0x8e, 0xe8, 0x88, 0x87, 0x0,
    0x0, 0x0, 0x0, 0xc, 0xc0, 0x0, 0x0, 0x0,
    0x0, 0x0, 0x0, 0xc, 0xc0, 0x0, 0x0, 0x0,
    0xf, 0xff, 0xff, 0xff, 0xff, 0xff, 0xff, 0xf0,
    0x7, 0x77, 0x77, 0xef, 0xfe, 0x77, 0x77, 0x70,
    0x0, 0x0, 0x7, 0xff, 0xff, 0x70, 0x0, 0x0,
    0x0, 0x0, 0x8f, 0x6c, 0xc5, 0xf8, 0x0, 0x0,
    0x0, 0x1b, 0xf6, 0xc, 0xc0, 0x6f, 0xb1, 0x0,
    0x7, 0xfe, 0x50, 0xc, 0xc0, 0x5, 0xfe, 0x70,
    0x1e, 0xa1, 0x0, 0xc, 0xc0, 0x0, 0x2c, 0xe1,
    0x1, 0x0, 0x0, 0xc, 0xc0, 0x0, 0x0, 0x10,

    /* U+672B "末" */
    0x0, 0x0, 0x0, 0xc, 0xc0, 0x0, 0x0, 0x0,
    0x0, 0x0, 0x0, 0xc, 0xc0, 0x0, 0x0, 0x0,
    0xe, 0xff, 0xff, 0xff, 0xff, 0xff, 0xff, 0xf0,
    0x7, 0x88, 0x88, 0x8e, 0xe8, 0x88, 0x88, 0x80,
    0x0, 0x0, 0x0, 0xc, 0xc0, 0x0, 0x0, 0x0,
    0x0, 0x0, 0x0, 0xc, 0xc0, 0x0, 0x0, 0x0,
    0x2, 0xff, 0xff, 0xff, 0xff, 0xff, 0xff, 0x30,
    0x1, 0x77, 0x78, 0xef, 0xff, 0x87, 0x77, 0x10,
    0x0, 0x0, 0x9, 0xfe, 0xef, 0xa0, 0x0, 0x0,
    0x0, 0x0, 0xaf, 0x5c, 0xc4, 0xfb, 0x0, 0x0,
    0x0, 0x1b, 0xf5, 0xc, 0xc0, 0x4f, 0xc2, 0x0,
    0x8, 0xfe, 0x40, 0xc, 0xc0, 0x4, 0xef, 0x91,
    0x1d, 0xa1, 0x0, 0xc, 0xc0, 0x0, 0x9, 0xd1,
    0x0, 0x0, 0x0, 0xc, 0xc0, 0x0, 0x0, 0x0,

    /* U+672C "本" */
    0x0, 0x0, 0x0, 0xc, 0xc0, 0x0, 0x0, 0x0,
    0x0, 0x0, 0x0, 0xc, 0xc0, 0x0, 0x0, 0x0,
    0x0, 0x0, 0x0, 0xc, 0xc0, 0x0, 0x0, 0x0,
    0xe, 0xff, 0xff, 0xff, 0xff, 0xff, 0xff, 0xf0,
    0x6, 0x77, 0x7d, 0xee, 0xef, 0xc7, 0x77, 0x70,
    0x0, 0x0, 0x2f, 0x7c, 0xc8, 0xf1, 0x0, 0x0,
    0x0, 0x0, 0xbf, 0x1c, 0xc1, 0xfa, 0x0, 0x0,
    0x0, 0x4, 0xf7, 0xc, 0xc0, 0x8f, 0x40, 0x0,
    0x0, 0x2e, 0xc0, 0xc, 0xc0, 0xd, 0xe2, 0x0,
    0x2, 0xdf, 0x20, 0xc, 0xc0, 0x3, 0xfe, 0x30,
    0x2f, 0xe8, 0xff, 0xff, 0xff, 0xff, 0x8f, 0xf2,
    0x8, 0x22, 0x77, 0x7e, 0xe7, 0x77, 0x22, 0x60,
    0x0, 0x0, 0x0, 0xc, 0xc0, 0x0, 0x0, 0x0,
    0x0, 0x0, 0x0, 0xc, 0xc0, 0x0, 0x0, 0x0,

    /* U+6731 "朱" */
    0x0, 0x2, 0x92, 0xc, 0xc0, 0x0, 0x0, 0x0,
    0x0, 0x9, 0xf1, 0xc, 0xc0, 0x0, 0x0, 0x0,
    0x0, 0x1f, 0xff, 0xff, 0xff, 0xff, 0xfc, 0x0,
    0x0, 0xbf, 0x87, 0x7e, 0xe7, 0x77, 0x76, 0x0,
    0x6, 0xf6, 0x0, 0xc, 0xc0, 0x0, 0x0, 0x0,
    0x0, 0x50, 0x0, 0xc, 0xc0, 0x0, 0x0, 0x0,
    0xe, 0xff, 0xff, 0xff, 0xff, 0xff, 0xff, 0xf0,
    0x7, 0x88, 0x88, 0xff, 0xff, 0x98, 0x88, 0x80,
    0x0, 0x0, 0xb, 0xfe, 0xef, 0xc1, 0x0, 0x0,
    0x0, 0x0, 0xcf, 0x4c, 0xc3, 0xfd, 0x10, 0x0,
    0x0, 0x4d, 0xf4, 0xc, 0xc0, 0x3e, 0xe7, 0x0,
    0x1b, 0xfd, 0x30, 0xc, 0xc0, 0x2, 0xcf, 0xd3,
    0xd, 0x90, 0x0, 0xc, 0xc0, 0x0, 0x6, 0xc1,
    0x0, 0x0, 0x0, 0xc, 0xc0, 0x0, 0x0, 0x0,

    /* U+677E "松" */
    0x0, 0xf, 0x70, 0x0, 0x46, 0x5, 0x80, 0x0,
    0x0, 0xf, 0x70, 0x0, 0xcc, 0x7, 0xf1, 0x0,
    0x2, 0x2f, 0x92, 0x12, 0xf7, 0x1, 0xf7, 0x0,
    0x4f, 0xff, 0xff, 0x67, 0xf2, 0x0, 0xce, 0x0,
    0x3, 0x5f, 0x93, 0x3f, 0xb1, 0x20, 0x4f, 0x90,
    0x0, 0x7f, 0xe1, 0xbf, 0x37, 0xf3, 0xa, 0xf2,
    0x0, 0xcf, 0xfb, 0x57, 0xd, 0xd0, 0x1, 0x70,
    0x2, 0xff, 0xaf, 0x60, 0x2f, 0x80, 0x0, 0x0,
    0xa, 0x9f, 0x79, 0x50, 0x8f, 0x21, 0x70, 0x0,
    0x4f, 0x3f, 0x70, 0x0, 0xea, 0x1, 0xf6, 0x0,
    0x2a, 0xf, 0x70, 0x6, 0xf3, 0x0, 0x9e, 0x0,
    0x0, 0xf, 0x70, 0x1e, 0xd5, 0x68, 0xbf, 0x60,
    0x0, 0xf, 0x70, 0x7f, 0xff, 0xfd, 0xbd, 0xc0,
    0x0, 0xf, 0x70, 0x16, 0x31, 0x0, 0x4, 0x60,

    /* U+6781 "极" */
    0x0, 0xf, 0x50, 0xdf, 0xff, 0xff, 0xf3, 0x0,
    0x0, 0xf, 0x50, 0x47, 0xf8, 0x5b, 0xf0, 0x0,
    0xd, 0xdf, 0xed, 0x3, 0xf2, 0xb, 0xb0, 0x0,
    0xc, 0xdf, 0xec, 0x4, 0xf1, 0xe, 0x80, 0x0,
    0x0, 0x5f, 0x80, 0x6, 0xf0, 0x2f, 0x73, 0x10,
    0x0, 0xaf, 0xf3, 0x7, 0xf3, 0x6f, 0xff, 0xb0,
    0x0, 0xef, 0xdc, 0xa, 0xf9, 0x1, 0x1f, 0x60,
    0x5, 0xef, 0x6c, 0xd, 0xff, 0x0, 0x5f, 0x20,
    0xc, 0x8f, 0x50, 0xf, 0x8f, 0x90, 0xcc, 0x0,
    0x5f, 0x2f, 0x50, 0x5f, 0x26, 0xf8, 0xf3, 0x0,
    0x17, 0xf, 0x50, 0xbd, 0x0, 0xcf, 0xa0, 0x0,
    0x0, 0xf, 0x53, 0xf7, 0x3, 0xef, 0xe4, 0x0,
    0x0, 0xf, 0x6d, 0xd0, 0x8f, 0xb2, 0xaf, 0xa1,
    0x0, 0xf, 0x7c, 0x30, 0xb7, 0x0, 0x5, 0xb0,
    0x0, 0x0, 0x0, 0x0, 0x0, 0x0, 0x0, 0x0,

    /* U+679C "果" */
    0x0, 0x6f, 0xff, 0xff, 0xff, 0xff, 0xf8, 0x0,
    0x0, 0x6f, 0x53, 0x3d, 0xd3, 0x34, 0xf8, 0x0,
    0x0, 0x6f, 0x20, 0xc, 0xd0, 0x1, 0xf8, 0x0,
    0x0, 0x6f, 0xff, 0xff, 0xff, 0xff, 0xf8, 0x0,
    0x0, 0x6f, 0x31, 0x1c, 0xd1, 0x12, 0xf8, 0x0,
    0x0, 0x6f, 0x64, 0x4d, 0xd4, 0x45, 0xf8, 0x0,
    0x0, 0x6f, 0xff, 0xff, 0xff, 0xff, 0xf8, 0x0,
    0x0, 0x0, 0x0, 0xc, 0xd0, 0x0, 0x0, 0x0,
    0xf, 0xff, 0xff, 0xff, 0xff, 0xff, 0xff, 0xf0,
    0x4, 0x44, 0x49, 0xff, 0xff, 0xa4, 0x44, 0x40,
    0x0, 0x0, 0x8f, 0x9c, 0xd7, 0xfa, 0x10, 0x0,
    0x0, 0x6d, 0xf5, 0xc, 0xc0, 0x4e, 0xe8, 0x20,
    0x2f, 0xf9, 0x20, 0xc, 0xc0, 0x1, 0x8f, 0xf2,
    0x4, 0x20, 0x0, 0xc, 0xc0, 0x0, 0x1, 0x40,

    /* U+6B64 "此" */
    0x0, 0x0, 0x1f, 0x70, 0xe, 0x90, 0x0, 0x0,
    0x0, 0x0, 0x1f, 0x70, 0xe, 0x90, 0x0, 0x0,
    0x0, 0x0, 0x1f, 0x70, 0xe, 0x90, 0x0, 0x0,
    0x0, 0xe6, 0x1f, 0x70, 0xe, 0x90, 0x7, 0x20,
    0x0, 0xf6, 0x1f, 0xb7, 0x3e, 0x93, 0xcf, 0xa0,
    0x0, 0xf6, 0x1f, 0xff, 0x7e, 0xef, 0xd5, 0x0,
    0x0, 0xf6, 0x1f, 0x70, 0xe, 0xe6, 0x0, 0x0,
    0x0, 0xf6, 0x1f, 0x70, 0xe, 0x90, 0x0, 0x0,
    0x0, 0xf6, 0x1f, 0x70, 0xe, 0x90, 0x0, 0x0,
    0x0, 0xf6, 0x1f, 0x70, 0xe, 0x90, 0x0, 0x0,
    0x0, 0xf6, 0x1f, 0x70, 0xe, 0x90, 0x0, 0xe4,
    0x0, 0xf6, 0x1f, 0x97, 0x4e, 0xa0, 0x0, 0xf6,
    0x16, 0xfd, 0xef, 0xff, 0x8d, 0xe7, 0x79, 0xf2,
    0x2f, 0xfc, 0x96, 0x30, 0x6, 0xef, 0xff, 0x90,
    0x2, 0x0, 0x0, 0x0, 0x0, 0x0, 0x0, 0x0,

    /* U+6B66 "武" */
    0x0, 0xdf, 0xff, 0xff, 0x3a, 0xe2, 0xd3, 0x0,
    0x0, 0x45, 0x55, 0x55, 0x19, 0xe0, 0x5f, 0x40,
    0x0, 0x0, 0x0, 0x0, 0x9, 0xe0, 0x8, 0x50,
    0x6, 0x66, 0x66, 0x66, 0x6b, 0xf6, 0x66, 0x60,
    0x1f, 0xff, 0xff, 0xff, 0xff, 0xff, 0xff, 0xf1,
    0x0, 0x0, 0xa, 0x40, 0x6, 0xf1, 0x0, 0x0,
    0x0, 0xa4, 0xf, 0x60, 0x4, 0xf3, 0x0, 0x0,
    0x0, 0xe7, 0xf, 0xfe, 0xe2, 0xf4, 0x0, 0x0,
    0x0, 0xe7, 0xf, 0xa5, 0x50, 0xf7, 0x0, 0x0,
    0x0, 0xe7, 0xf, 0x60, 0x0, 0xcb, 0x0, 0x10,
    0x0, 0xe7, 0xf, 0x60, 0x0, 0x8f, 0x0, 0xe3,
    0x0, 0xe8, 0x4f, 0xdd, 0xf7, 0x3f, 0x60, 0xf3,
    0x2c, 0xff, 0xff, 0xc9, 0x62, 0xb, 0xfa, 0xf0,
    0xa, 0x75, 0x20, 0x0, 0x0, 0x1, 0xbf, 0x80,

    /* U+6B7B "死" */
    0xf, 0xff, 0xff, 0xff, 0xff, 0xff, 0xff, 0xf1,
    0x6, 0x68, 0xfa, 0x66, 0x6e, 0xd6, 0x66, 0x60,
    0x0, 0x8, 0xf2, 0x0, 0xc, 0xa0, 0x0, 0x0,
    0x0, 0xe, 0xc0, 0x0, 0xc, 0xa0, 0x0, 0x0,
    0x0, 0x5f, 0xff, 0xff, 0x4c, 0xa0, 0x2e, 0x60,
    0x0, 0xdd, 0x66, 0xaf, 0x2c, 0xa4, 0xee, 0x40,
    0x8, 0xf4, 0x0, 0xae, 0xc, 0xef, 0xb1, 0x0,
    0x2f, 0x9c, 0x50, 0xf9, 0xc, 0xf6, 0x0, 0x0,
    0x3, 0xb, 0xfb, 0xf3, 0xc, 0xa0, 0x0, 0x0,
    0x0, 0x0, 0xaf, 0xa0, 0xc, 0xa0, 0x0, 0x0,
    0x0, 0x0, 0xbf, 0x20, 0xc, 0xa0, 0x0, 0x91,
    0x0, 0xb, 0xf5, 0x0, 0xc, 0xb0, 0x1, 0xf3,
    0x5, 0xef, 0x60, 0x0, 0xb, 0xe7, 0x69, 0xf1,
    0x1d, 0xc3, 0x0, 0x0, 0x4, 0xde, 0xee, 0x80,
    0x1, 0x0, 0x0, 0x0, 0x0, 0x0, 0x0, 0x0,

    /* U+6BCD "母" */
    0x0, 0x7, 0xff, 0xff, 0xff, 0xff, 0xf9, 0x0,
    0x0, 0x9, 0xf5, 0x56, 0x55, 0x55, 0xf9, 0x0,
    0x0, 0xb, 0xc0, 0x6e, 0x70, 0x0, 0xf8, 0x0,
    0x0, 0xd, 0xa0, 0x7, 0xfb, 0x0, 0xf7, 0x0,
    0x0, 0xf, 0x80, 0x0, 0x37, 0x1, 0xf7, 0x0,
    0x1f, 0xff, 0xff, 0xff, 0xff, 0xff, 0xff, 0xf1,
    0x6, 0x9f, 0x86, 0x76, 0x66, 0x68, 0xf9, 0x60,
    0x0, 0x6f, 0x10, 0xeb, 0x20, 0x4, 0xf4, 0x0,
    0x0, 0x9f, 0x0, 0x3c, 0xf4, 0x5, 0xf2, 0x0,
    0x0, 0xcc, 0x0, 0x0, 0xa5, 0x7, 0xf1, 0x0,
    0x0, 0xff, 0xee, 0xee, 0xee, 0xef, 0xfe, 0x90,
    0x0, 0x77, 0x77, 0x77, 0x77, 0x7e, 0xd7, 0x40,
    0x0, 0x0, 0x0, 0x0, 0x54, 0x7f, 0x80, 0x0,
    0x0, 0x0, 0x0, 0x0, 0xcf, 0xfa, 0x0, 0x0,
    0x0, 0x0, 0x0, 0x0, 0x0, 0x0, 0x0, 0x0,

    /* U+6BD4 "比" */
    0x0, 0x0, 0x0, 0x0, 0x10, 0x0, 0x0, 0x0,
    0xf8, 0x0, 0x0, 0x9f, 0x0, 0x0, 0x0, 0xf,
    0x80, 0x0, 0x9, 0xf0, 0x0, 0x0, 0x0, 0xf8,
    0x0, 0x0, 0x9f, 0x0, 0x4, 0x0, 0xf, 0x80,
    0x0, 0x9, 0xf0, 0x7, 0xfa, 0x0, 0xfc, 0x88,
    0x82, 0x9f, 0x9, 0xfc, 0x20, 0xf, 0xff, 0xff,
    0x59, 0xfc, 0xf9, 0x0, 0x0, 0xf8, 0x0, 0x0,
    0x9f, 0xd3, 0x0, 0x0, 0xf, 0x80, 0x0, 0x9,
    0xf0, 0x0, 0x0, 0x0, 0xf8, 0x0, 0x0, 0x9f,
    0x0, 0x0, 0x0, 0xf, 0x80, 0x0, 0x9, 0xf0,
    0x0, 0x6a, 0x0, 0xf8, 0x0, 0x0, 0x9f, 0x0,
    0x7, 0xf0, 0xf, 0xa6, 0xbf, 0x49, 0xf0, 0x0,
    0x8e, 0x4, 0xff, 0xfe, 0x81, 0x8f, 0x86, 0x7e,
    0xa0, 0x7f, 0x93, 0x0, 0x2, 0xdf, 0xff, 0xd2,
    0x0, 0x10, 0x0, 0x0, 0x0, 0x0, 0x0, 0x0,

    /* U+6C14 "气" */
    0x0, 0x2, 0x82, 0x0, 0x0, 0x0, 0x0, 0x0,
    0x0, 0x8, 0xf2, 0x0, 0x0, 0x0, 0x0, 0x0,
    0x0, 0xf, 0xff, 0xff, 0xff, 0xff, 0xff, 0xa0,
    0x0, 0x6f, 0x64, 0x44, 0x44, 0x44, 0x44, 0x30,
    0x1, 0xe9, 0x34, 0x44, 0x44, 0x44, 0x41, 0x0,
    0xb, 0xe1, 0xef, 0xff, 0xff, 0xff, 0xf7, 0x0,
    0x4f, 0x62, 0x22, 0x22, 0x22, 0x22, 0x0, 0x0,
    0x0, 0x7f, 0xff, 0xff, 0xff, 0xff, 0x40, 0x0,
    0x0, 0x1, 0x11, 0x11, 0x11, 0x3f, 0x50, 0x0,
    0x0, 0x0, 0x0, 0x0, 0x0, 0xf, 0x60, 0x0,
    0x0, 0x0, 0x0, 0x0, 0x0, 0xf, 0x80, 0x0,
    0x0, 0x0, 0x0, 0x0, 0x0, 0xc, 0xb0, 0x20,
    0x0, 0x0, 0x0, 0x0, 0x0, 0x9, 0xf0, 0xc3,
    0x0, 0x0, 0x0, 0x0, 0x0, 0x2, 0xfb, 0xf2,
    0x0, 0x0, 0x0, 0x0, 0x0, 0x0, 0x7e, 0xb0,

    /* U+6C34 "水" */
    0x0, 0x0, 0x0, 0xa, 0xe0, 0x0, 0x0, 0x0,
    0x0, 0x0, 0x0, 0xa, 0xe0, 0x0, 0x0, 0x0,
    0x0, 0x0, 0x0, 0xa, 0xe0, 0x0, 0x13, 0x0,
    0x5, 0x77, 0x77, 0x2a, 0xf0, 0x0, 0xcf, 0x10,
    0xc, 0xff, 0xff, 0x8a, 0xf7, 0xb, 0xf5, 0x0,
    0x0, 0x0, 0x5f, 0x3a, 0xfe, 0xbf, 0x40, 0x0,
    0x0, 0x0, 0xaf, 0xa, 0xfe, 0xf3, 0x0, 0x0,
    0x0, 0x1, 0xf8, 0xa, 0xe5, 0xf5, 0x0, 0x0,
    0x0, 0x9, 0xf2, 0xa, 0xe0, 0xaf, 0x30, 0x0,
    0x0, 0x5f, 0x80, 0xa, 0xe0, 0xd, 0xe5, 0x0,
    0x4, 0xfd, 0x0, 0xa, 0xe0, 0x2, 0xdf, 0xa1,
    0x1e, 0xd1, 0x0, 0xa, 0xe0, 0x0, 0x1b, 0xf4,
    0x2, 0x10, 0x9, 0xae, 0xd0, 0x0, 0x0, 0x20,
    0x0, 0x0, 0x9, 0xfd, 0x50, 0x0, 0x0, 0x0,

    /* U+6C42 "求" */
    0x0, 0x0, 0x0, 0xc, 0xb0, 0x9b, 0x40, 0x0,
    0x0, 0x0, 0x0, 0xc, 0xb0, 0x18, 0xf7, 0x0,
    0xe, 0xff, 0xff, 0xff, 0xff, 0xff, 0xff, 0xf0,
    0x7, 0x77, 0x77, 0x7e, 0xe7, 0x77, 0x77, 0x70,
    0x0, 0x73, 0x0, 0xc, 0xf2, 0x0, 0x4a, 0x10,
    0x0, 0xbf, 0x40, 0xc, 0xfa, 0x2, 0xed, 0x10,
    0x0, 0xc, 0xe2, 0xc, 0xff, 0x5e, 0xd1, 0x0,
    0x0, 0x1, 0xc2, 0x1d, 0xbb, 0xfc, 0x10, 0x0,
    0x0, 0x0, 0x7, 0xff, 0xb1, 0xfa, 0x0, 0x0,
    0x0, 0x6, 0xef, 0x8d, 0xb0, 0x5f, 0xa0, 0x0,
    0x5, 0xdf, 0xb2, 0xc, 0xb0, 0x8, 0xfc, 0x30,
    0x1e, 0xe5, 0x0, 0xc, 0xb0, 0x0, 0x7f, 0xf2,
    0x2, 0x0, 0x48, 0x8f, 0xa0, 0x0, 0x2, 0x50,
    0x0, 0x0, 0x3f, 0xfc, 0x30, 0x0, 0x0, 0x0,
    0x0, 0x0, 0x0, 0x0, 0x0, 0x0, 0x0, 0x0,

    /* U+6CA1 "没" */
    0x0, 0x20, 0x0, 0x0, 0x0, 0x0, 0x0, 0x0,
    0x6, 0xf9, 0x10, 0xe, 0xff, 0xff, 0x80, 0x0,
    0x0, 0x7f, 0xd0, 0xe, 0xb5, 0x5f, 0x80, 0x0,
    0x0, 0x2, 0x40, 0xf, 0x70, 0xe, 0x80, 0x0,
    0x0, 0x0, 0x0, 0x5f, 0x30, 0xe, 0x80, 0x0,
    0x1c, 0x60, 0x4, 0xfc, 0x0, 0xc, 0xff, 0xf0,
    0x1a, 0xfd, 0x3e, 0xc1, 0x0, 0x2, 0x77, 0x70,
    0x0, 0x4a, 0x5, 0x76, 0x66, 0x66, 0x75, 0x0,
    0x0, 0x0, 0x7, 0xff, 0xff, 0xff, 0xfc, 0x0,
    0x0, 0x4, 0x60, 0xae, 0x0, 0x5, 0xf5, 0x0,
    0x0, 0xd, 0xc0, 0x1f, 0xa0, 0x2e, 0xc0, 0x0,
    0x0, 0x5f, 0x40, 0x4, 0xfa, 0xed, 0x10, 0x0,
    0x0, 0xec, 0x0, 0x1, 0xbf, 0xf6, 0x0, 0x0,
    0x8, 0xf3, 0x15, 0x9f, 0xf9, 0xcf, 0xd8, 0x40,
    0x7, 0xa0, 0x5f, 0xd8, 0x10, 0x5, 0xbf, 0xd0,
    0x0, 0x0, 0x2, 0x0, 0x0, 0x0, 0x1, 0x10,

    /* U+6CC4 "泄" */
    0x7, 0xc4, 0x4, 0xe1, 0x1f, 0x40, 0xe8, 0x0,
    0x1, 0xaf, 0x75, 0xf1, 0x1f, 0x40, 0xe8, 0x0,
    0x0, 0x4, 0x15, 0xf1, 0x1f, 0x40, 0xe8, 0x0,
    0x0, 0x0, 0x16, 0xf3, 0x3f, 0x62, 0xe9, 0x20,
    0x2c, 0x50, 0xbf, 0xff, 0xff, 0xff, 0xff, 0xf2,
    0x2b, 0xfb, 0x38, 0xf5, 0x5f, 0x74, 0xea, 0x40,
    0x0, 0x54, 0x5, 0xf1, 0x1f, 0x40, 0xe8, 0x0,
    0x0, 0x0, 0x5, 0xf1, 0x1f, 0x40, 0xe8, 0x0,
    0x0, 0xb, 0x45, 0xf1, 0x1f, 0x96, 0xe8, 0x0,
    0x0, 0x4f, 0x55, 0xf1, 0x1f, 0xff, 0xf8, 0x0,
    0x0, 0xcd, 0x5, 0xf1, 0x0, 0x0, 0x0, 0x0,
    0x4, 0xf6, 0x5, 0xf1, 0x0, 0x0, 0x0, 0x0,
    0xd, 0xe0, 0x5, 0xff, 0xff, 0xff, 0xff, 0xf0,
    0x8, 0x50, 0x2, 0x77, 0x77, 0x77, 0x77, 0x70,

    /* U+706B "火" */
    0x0, 0x0, 0x0, 0xd, 0xc0, 0x0, 0x0, 0x0,
    0x0, 0x0, 0x0, 0xe, 0xc0, 0x0, 0x0, 0x0,
    0x0, 0x0, 0x0, 0xe, 0xc0, 0x0, 0x0, 0x0,
    0x0, 0xc, 0x60, 0xe, 0xb0, 0x0, 0x2c, 0x40,
    0x0, 0x3f, 0x60, 0xf, 0x90, 0x0, 0x8f, 0x30,
    0x0, 0x9f, 0x10, 0x1f, 0x80, 0x0, 0xeb, 0x0,
    0x2, 0xfa, 0x0, 0x4f, 0xb0, 0x6, 0xf3, 0x0,
    0x5, 0xe2, 0x0, 0x7f, 0xf1, 0x9, 0xa0, 0x0,
    0x0, 0x0, 0x0, 0xde, 0xf7, 0x0, 0x0, 0x0,
    0x0, 0x0, 0x5, 0xf6, 0x9f, 0x20, 0x0, 0x0,
    0x0, 0x0, 0x2f, 0xd0, 0x1e, 0xc1, 0x0, 0x0,
    0x0, 0x3, 0xef, 0x30, 0x4, 0xfd, 0x30, 0x0,
    0x1, 0x8f, 0xe4, 0x0, 0x0, 0x5e, 0xfa, 0x40,
    0xe, 0xfb, 0x20, 0x0, 0x0, 0x1, 0xaf, 0xf1,
    0x3, 0x30, 0x0, 0x0, 0x0, 0x0, 0x1, 0x30,

    /* U+7236 "父" */
    0x0, 0x0, 0x2, 0x0, 0x0, 0x20, 0x0, 0x0,
    0x0, 0x0, 0x7f, 0x50, 0x5, 0xf7, 0x0, 0x0,
    0x0, 0x3, 0xfb, 0x0, 0x0, 0xaf, 0x70, 0x0,
    0x0, 0x2e, 0xe1, 0x0, 0x0, 0xb, 0xf7, 0x0,
    0x3, 0xef, 0x30, 0x0, 0x0, 0x0, 0xcf, 0x40,
    0xb, 0xf3, 0x89, 0x0, 0x0, 0xac, 0x2e, 0xc0,
    0x0, 0x30, 0x8f, 0x20, 0x1, 0xfa, 0x2, 0x0,
    0x0, 0x0, 0x1f, 0x90, 0x8, 0xf3, 0x0, 0x0,
    0x0, 0x0, 0x9, 0xf4, 0x3f, 0xb0, 0x0, 0x0,
    0x0, 0x0, 0x0, 0xee, 0xde, 0x10, 0x0, 0x0,
    0x0, 0x0, 0x0, 0x5f, 0xf6, 0x0, 0x0, 0x0,
    0x0, 0x0, 0x5, 0xef, 0xff, 0x70, 0x0, 0x0,
    0x0, 0x3, 0xbf, 0xd3, 0x3d, 0xfc, 0x40, 0x0,
    0x17, 0xdf, 0xf9, 0x0, 0x0, 0x9f, 0xff, 0x92,
    0x1e, 0xe8, 0x10, 0x0, 0x0, 0x1, 0x7d, 0xd0,
    0x2, 0x0, 0x0, 0x0, 0x0, 0x0, 0x0, 0x10,

    /* U+723B "爻" */
    0x0, 0x0, 0x0, 0x0, 0x0, 0x2, 0x10, 0x0,
    0x0, 0x27, 0x20, 0x0, 0x0, 0x4e, 0xe1, 0x0,
    0x0, 0x8e, 0xfd, 0x82, 0x19, 0xfd, 0x20, 0x0,
    0x0, 0x0, 0x49, 0xef, 0xff, 0x80, 0x0, 0x0,
    0x0, 0x3, 0x7c, 0xff, 0xcf, 0xf8, 0x10, 0x0,
    0x7, 0xef, 0xfc, 0x60, 0x2, 0x9f, 0xf9, 0x0,
    0x4, 0xa6, 0x50, 0x0, 0x0, 0x7, 0xb9, 0x0,
    0x0, 0x3, 0xf7, 0x0, 0x0, 0x7f, 0x50, 0x0,
    0x0, 0x0, 0x9f, 0x20, 0x2, 0xfb, 0x0, 0x0,
    0x0, 0x0, 0x1d, 0xe2, 0x2e, 0xe2, 0x0, 0x0,
    0x0, 0x0, 0x2, 0xee, 0xee, 0x20, 0x0, 0x0,
    0x0, 0x0, 0x1, 0xaf, 0xfa, 0x0, 0x0, 0x0,
    0x0, 0x1, 0x8f, 0xfa, 0xaf, 0xe7, 0x0, 0x0,
    0x17, 0xcf, 0xfb, 0x20, 0x4, 0xdf, 0xfb, 0x71,
    0xd, 0xd7, 0x20, 0x0, 0x0, 0x4, 0x9e, 0xd0,
    0x0, 0x0, 0x0, 0x0, 0x0, 0x0, 0x0, 0x10,

    /* U+7384 "玄" */
    0x0, 0x0, 0x0, 0x50, 0x0, 0x0, 0x0, 0x0,
    0x0, 0x0, 0x5f, 0x50, 0x0, 0x0, 0x0, 0x22,
    0x22, 0x23, 0xde, 0x32, 0x22, 0x22, 0xf, 0xff,
    0xff, 0xff, 0xff, 0xff, 0xff, 0xf0, 0x44, 0x44,
    0x5f, 0xc4, 0x44, 0x44, 0x44, 0x0, 0x0, 0xc,
    0xf3, 0x0, 0x3, 0x0, 0x0, 0x0, 0xa, 0xf3,
    0x0, 0xb, 0xf3, 0x0, 0x0, 0x1b, 0xf6, 0x23,
    0x3b, 0xf7, 0x0, 0x0, 0x7, 0xff, 0xff, 0xff,
    0xf6, 0x0, 0x0, 0x0, 0x15, 0x42, 0x4d, 0xf5,
    0x3, 0x0, 0x0, 0x0, 0x0, 0x4e, 0xd3, 0x2,
    0xf9, 0x0, 0x0, 0x0, 0x8f, 0xa0, 0x0, 0x7,
    0xf6, 0x0, 0x5, 0xdf, 0xc7, 0x89, 0xab, 0xcf,
    0xf2, 0x0, 0xdf, 0xff, 0xec, 0xba, 0x97, 0x6f,
    0xb0, 0x3, 0x20, 0x0, 0x0, 0x0, 0x0, 0x7a,
    0x0, 0x0, 0x0, 0x0, 0x0, 0x0, 0x0, 0x0,

    /* U+751F "生" */
    0x0, 0x6, 0xa0, 0xb, 0xc0, 0x0, 0x0, 0x0,
    0x0, 0xd, 0xc0, 0xb, 0xc0, 0x0, 0x0, 0x0,
    0x0, 0x4f, 0xb6, 0x6d, 0xe6, 0x66, 0x66, 0x20,
    0x0, 0xcf, 0xff, 0xff, 0xff, 0xff, 0xff, 0x50,
    0x7, 0xf6, 0x0, 0xb, 0xc0, 0x0, 0x0, 0x0,
    0xe, 0xb0, 0x0, 0xb, 0xc0, 0x0, 0x0, 0x0,
    0x1, 0x10, 0x0, 0xb, 0xc0, 0x0, 0x0, 0x0,
    0x0, 0x4f, 0xff, 0xff, 0xff, 0xff, 0xfb, 0x0,
    0x0, 0x27, 0x77, 0x7d, 0xe7, 0x77, 0x75, 0x0,
    0x0, 0x0, 0x0, 0xb, 0xc0, 0x0, 0x0, 0x0,
    0x0, 0x0, 0x0, 0xb, 0xc0, 0x0, 0x0, 0x0,
    0x0, 0x0, 0x0, 0xb, 0xc0, 0x0, 0x0, 0x0,
    0x7, 0x77, 0x77, 0x7d, 0xe7, 0x77, 0x77, 0x71,
    0x1f, 0xff, 0xff, 0xff, 0xff, 0xff, 0xff, 0xf2,

    /* U+7528 "用" */
    0x0, 0x25, 0x55, 0x55, 0x55, 0x55, 0x55, 0x10,
    0x8, 0xff, 0xff, 0xff, 0xff, 0xff, 0xf3, 0x0,
    0x8f, 0x11, 0x19, 0xe1, 0x11, 0x4f, 0x30, 0x8,
    0xe0, 0x0, 0x8e, 0x0, 0x3, 0xf3, 0x0, 0x8f,
    0x66, 0x6c, 0xf6, 0x66, 0x9f, 0x30, 0x8, 0xff,
    0xff, 0xff, 0xff, 0xff, 0xf3, 0x0, 0x8e, 0x0,
    0x8, 0xe0, 0x0, 0x3f, 0x30, 0xa, 0xe0, 0x0,
    0x8e, 0x0, 0x3, 0xf3, 0x0, 0xbf, 0xff, 0xff,
    0xff, 0xff, 0xff, 0x30, 0xc, 0xd7, 0x77, 0xcf,
    0x77, 0x79, 0xf3, 0x0, 0xf7, 0x0, 0x8, 0xe0,
    0x0, 0x3f, 0x30, 0x5f, 0x30, 0x0, 0x8e, 0x0,
    0x3, 0xf3, 0xd, 0xc0, 0x0, 0x8, 0xe0, 0x44,
    0x8f, 0x32, 0xe3, 0x0, 0x0, 0x8e, 0xb, 0xff,
    0xb0, 0x1, 0x0, 0x0, 0x0, 0x0, 0x1, 0x0,
    0x0,

    /* U+7532 "甲" */
    0xff, 0xff, 0xff, 0xff, 0xff, 0xff, 0x4f, 0xb6,
    0x66, 0xcf, 0x66, 0x69, 0xf4, 0xf8, 0x0, 0xa,
    0xe0, 0x0, 0x4f, 0x4f, 0x80, 0x0, 0xae, 0x0,
    0x4, 0xf4, 0xff, 0xff, 0xff, 0xff, 0xff, 0xff,
    0x4f, 0xb7, 0x77, 0xcf, 0x77, 0x79, 0xf4, 0xf8,
    0x0, 0xa, 0xe0, 0x0, 0x4f, 0x4f, 0x91, 0x11,
    0xae, 0x11, 0x15, 0xf4, 0xff, 0xff, 0xff, 0xff,
    0xff, 0xff, 0x4a, 0x85, 0x55, 0xcf, 0x55, 0x56,
    0x92, 0x0, 0x0, 0xa, 0xe0, 0x0, 0x0, 0x0,
    0x0, 0x0, 0xae, 0x0, 0x0, 0x0, 0x0, 0x0,
    0xa, 0xe0, 0x0, 0x0, 0x0, 0x0, 0x0, 0xae,
    0x0, 0x0, 0x0,

    /* U+7533 "申" */
    0x0, 0x0, 0x0, 0xe9, 0x0, 0x0, 0x0, 0x14,
    0x44, 0x44, 0xfb, 0x44, 0x44, 0x42, 0x3f, 0xff,
    0xff, 0xff, 0xff, 0xff, 0xf7, 0x3f, 0x51, 0x11,
    0xea, 0x11, 0x12, 0xf7, 0x3f, 0x30, 0x0, 0xe9,
    0x0, 0x1, 0xf7, 0x3f, 0xff, 0xff, 0xff, 0xff,
    0xff, 0xf7, 0x3f, 0x86, 0x66, 0xfc, 0x66, 0x67,
    0xf7, 0x3f, 0x30, 0x0, 0xe9, 0x0, 0x1, 0xf7,
    0x3f, 0x86, 0x66, 0xfc, 0x66, 0x67, 0xf7, 0x3f,
    0xff, 0xff, 0xff, 0xff, 0xff, 0xf7, 0x3e, 0x30,
    0x0, 0xe9, 0x0, 0x1, 0xd6, 0x0, 0x0, 0x0,
    0xe9, 0x0, 0x0, 0x0, 0x0, 0x0, 0x0, 0xe9,
    0x0, 0x0, 0x0, 0x0, 0x0, 0x0, 0xe9, 0x0,
    0x0, 0x0,

    /* U+754C "界" */
    0x0, 0x7f, 0xff, 0xff, 0xff, 0xff, 0xfa, 0x0,
    0x0, 0x7f, 0x33, 0x3f, 0xa3, 0x33, 0xea, 0x0,
    0x0, 0x7f, 0x22, 0x2e, 0xa2, 0x22, 0xea, 0x0,
    0x0, 0x7f, 0xff, 0xff, 0xff, 0xff, 0xfa, 0x0,
    0x0, 0x7f, 0x0, 0xe, 0x90, 0x0, 0xea, 0x0,
    0x0, 0x7f, 0x55, 0x5f, 0xb5, 0x55, 0xea, 0x0,
    0x0, 0x6d, 0xdf, 0xfd, 0xdf, 0xfd, 0xd8, 0x0,
    0x0, 0x1, 0xae, 0x40, 0x5, 0xeb, 0x20, 0x0,
    0x4, 0xaf, 0xdb, 0x20, 0x0, 0xae, 0xfb, 0x61,
    0xd, 0xc4, 0x2f, 0x40, 0x1, 0xf7, 0x3a, 0xe1,
    0x0, 0x0, 0x5f, 0x20, 0x1, 0xf7, 0x0, 0x0,
    0x0, 0x1, 0xdd, 0x0, 0x1, 0xf7, 0x0, 0x0,
    0x0, 0x6d, 0xf3, 0x0, 0x1, 0xf7, 0x0, 0x0,
    0x0, 0xac, 0x30, 0x0, 0x1, 0xf7, 0x0, 0x0,
    0x0, 0x0, 0x0, 0x0, 0x0, 0x0, 0x0, 0x0,

    /* U+7678 "癸" */
    0x0, 0x0, 0x0, 0x0, 0x76, 0x2, 0x30, 0x0,
    0x0, 0xff, 0xff, 0xf5, 0x8e, 0x3e, 0xc0, 0x0,
    0x0, 0x43, 0x3a, 0xf1, 0x1f, 0xfa, 0x1, 0x20,
    0x5, 0xe4, 0x1f, 0xa0, 0x9, 0xf3, 0x2d, 0xd0,
    0x0, 0x9f, 0xde, 0x10, 0x0, 0xde, 0xeb, 0x10,
    0x0, 0xd, 0xf5, 0x0, 0x0, 0x3f, 0xf4, 0x0,
    0x3, 0xcf, 0xff, 0xff, 0xff, 0xff, 0xef, 0xa1,
    0x3f, 0xa2, 0x45, 0x5d, 0xd5, 0x54, 0x8, 0xe1,
    0x2, 0x0, 0x0, 0xc, 0xc0, 0x0, 0x0, 0x0,
    0x2, 0xee, 0xee, 0xef, 0xfe, 0xee, 0xee, 0x20,
    0x1, 0x77, 0x77, 0xaf, 0xfa, 0x77, 0x77, 0x10,
    0x0, 0x0, 0x1, 0xdf, 0xef, 0xa2, 0x0, 0x0,
    0x0, 0x0, 0x6e, 0xf4, 0x7, 0xef, 0xa2, 0x0,
    0x3, 0x8e, 0xfc, 0x20, 0x0, 0x7, 0xff, 0x90,
    0x9, 0xe9, 0x30, 0x0, 0x0, 0x0, 0x1a, 0x90,
    0x0, 0x0, 0x0, 0x0, 0x0, 0x0, 0x0, 0x0,

    /* U+767D "白" */
    0x0, 0x0, 0x25, 0x20, 0x0, 0x0, 0x0, 0x0,
    0x8f, 0x60, 0x0, 0x0, 0x0, 0x0, 0xde, 0x0,
    0x0, 0x0, 0xef, 0xff, 0xff, 0xff, 0xff, 0xfa,
    0xec, 0x88, 0x88, 0x88, 0x88, 0xfa, 0xe9, 0x0,
    0x0, 0x0, 0x0, 0xea, 0xe9, 0x0, 0x0, 0x0,
    0x0, 0xea, 0xea, 0x33, 0x33, 0x33, 0x33, 0xfa,
    0xef, 0xff, 0xff, 0xff, 0xff, 0xfa, 0xeb, 0x44,
    0x44, 0x44, 0x44, 0xfa, 0xe9, 0x0, 0x0, 0x0,
    0x0, 0xea, 0xe9, 0x0, 0x0, 0x0, 0x0, 0xea,
    0xeb, 0x55, 0x55, 0x55, 0x55, 0xfa, 0xef, 0xff,
    0xff, 0xff, 0xff, 0xfa, 0xea, 0x22, 0x22, 0x22,
    0x22, 0xe9,

    /* U+76D8 "盘" */
    0x0, 0x0, 0x0, 0x6, 0x40, 0x0, 0x0, 0x0,
    0x0, 0x2, 0x33, 0x4f, 0xa3, 0x33, 0x30, 0x0,
    0x0, 0xa, 0xff, 0xff, 0xff, 0xff, 0xf1, 0x0,
    0x0, 0xa, 0xc0, 0x5b, 0x30, 0x5, 0xf1, 0x0,
    0x0, 0xa, 0xc0, 0x18, 0xf3, 0x5, 0xf1, 0x0,
    0x2f, 0xff, 0xff, 0xff, 0xff, 0xff, 0xff, 0xf3,
    0x5, 0x6f, 0xa5, 0x89, 0x55, 0x59, 0xf6, 0x51,
    0x0, 0x8f, 0x20, 0x6f, 0xb1, 0x5, 0xf1, 0x0,
    0x6, 0xfa, 0x0, 0x2, 0xb4, 0xde, 0xf0, 0x0,
    0x2, 0xb4, 0x33, 0x33, 0x33, 0x99, 0x51, 0x0,
    0x0, 0x7f, 0xff, 0xff, 0xff, 0xff, 0xf8, 0x0,
    0x0, 0x7e, 0x4, 0xf1, 0x1f, 0x30, 0xf8, 0x0,
    0x0, 0x7e, 0x4, 0xf1, 0x1f, 0x30, 0xf8, 0x0,
    0x14, 0xaf, 0x47, 0xf5, 0x6f, 0x74, 0xfa, 0x41,
    0x3f, 0xff, 0xff, 0xff, 0xff, 0xff, 0xff, 0xf3,

    /* U+76F8 "相" */
    0x0, 0xa, 0xb0, 0x7, 0xff, 0xff, 0xff, 0xe0,
    0x0, 0xab, 0x0, 0x7f, 0x66, 0x66, 0xbe, 0x17,
    0x7d, 0xd7, 0x67, 0xf0, 0x0, 0x8, 0xe2, 0xff,
    0xff, 0xfe, 0x7f, 0x0, 0x0, 0x8e, 0x1, 0x2f,
    0xc1, 0x17, 0xff, 0xff, 0xff, 0xe0, 0x5, 0xfe,
    0x0, 0x7f, 0x66, 0x66, 0xbe, 0x0, 0xbf, 0xfb,
    0x7, 0xf0, 0x0, 0x8, 0xe0, 0x1f, 0xed, 0xe8,
    0x7f, 0x0, 0x0, 0x8e, 0x9, 0xcb, 0xb5, 0xc7,
    0xff, 0xff, 0xff, 0xe3, 0xf5, 0xab, 0x1, 0x7f,
    0x66, 0x66, 0xbe, 0x3c, 0xa, 0xb0, 0x7, 0xf0,
    0x0, 0x8, 0xe0, 0x10, 0xab, 0x0, 0x7f, 0x22,
    0x22, 0xae, 0x0, 0xa, 0xb0, 0x7, 0xff, 0xff,
    0xff, 0xe0, 0x0, 0xab, 0x0, 0x6e, 0x22, 0x22,
    0x9d,

    /* U+786E "确" */
    0x0, 0x0, 0x0, 0x0, 0x77, 0x0, 0x0, 0x1,
    0xff, 0xff, 0xf4, 0xf, 0x91, 0x11, 0x0, 0x5,
    0x9f, 0x65, 0x17, 0xff, 0xff, 0xf6, 0x0, 0x9,
    0xd0, 0x1, 0xe9, 0x12, 0xdc, 0x0, 0x0, 0xd9,
    0x0, 0xcf, 0x64, 0x8f, 0x84, 0x40, 0x1f, 0x50,
    0x4f, 0xff, 0xff, 0xff, 0xfe, 0x8, 0xfc, 0xca,
    0x2f, 0x50, 0xe5, 0x7, 0xe1, 0xff, 0x79, 0xd0,
    0xfe, 0xdf, 0xed, 0xee, 0x5f, 0xf2, 0x5d, 0xf,
    0x95, 0xf9, 0x5a, 0xe0, 0x9f, 0x25, 0xd0, 0xf5,
    0xe, 0x50, 0x7e, 0x1, 0xf2, 0x5d, 0x1f, 0xfe,
    0xff, 0xef, 0xe0, 0x1f, 0x25, 0xd3, 0xf7, 0x6f,
    0xa6, 0xbe, 0x1, 0xff, 0xfd, 0x7d, 0x0, 0xe5,
    0x7, 0xe0, 0x1f, 0x64, 0x4e, 0x80, 0xe, 0x64,
    0xae, 0x0, 0x91, 0x5, 0xe0, 0x0, 0xa4, 0xfe,
    0x80, 0x0, 0x0, 0x0, 0x0, 0x0, 0x0, 0x0,

    /* U+795E "神" */
    0x0, 0x4d, 0x20, 0x0, 0x0, 0xf7, 0x0, 0x0,
    0x0, 0xba, 0x0, 0x22, 0x2f, 0x82, 0x22, 0x2e,
    0xef, 0xfe, 0x5f, 0xff, 0xff, 0xff, 0xe0, 0x66,
    0x6c, 0xd3, 0xf3, 0x1f, 0x81, 0x8e, 0x0, 0x2,
    0xf4, 0x3f, 0x20, 0xf7, 0x7, 0xe0, 0x0, 0xcc,
    0x3, 0xff, 0xff, 0xff, 0xfe, 0x0, 0x8f, 0xd1,
    0x3f, 0x75, 0xfa, 0x5a, 0xe0, 0x8f, 0xff, 0xc4,
    0xf2, 0xf, 0x70, 0x7e, 0x5f, 0x9f, 0x7f, 0x9f,
    0x75, 0xfa, 0x5a, 0xe0, 0x61, 0xf4, 0x43, 0xff,
    0xff, 0xff, 0xfe, 0x0, 0x1f, 0x40, 0x18, 0x10,
    0xf7, 0x3, 0x60, 0x1, 0xf4, 0x0, 0x0, 0xf,
    0x70, 0x0, 0x0, 0x1f, 0x40, 0x0, 0x0, 0xf7,
    0x0, 0x0, 0x1, 0xf4, 0x0, 0x0, 0xf, 0x70,
    0x0,

    /* U+79BB "离" */
    0x0, 0x0, 0x0, 0x51, 0x0, 0x0, 0x0, 0x0,
    0x0, 0x1, 0xe9, 0x0, 0x0, 0x0, 0xef, 0xff,
    0xff, 0xff, 0xff, 0xff, 0xff, 0x35, 0x84, 0x87,
    0x33, 0x89, 0x48, 0x53, 0x3, 0xf2, 0x4c, 0xca,
    0xc2, 0x1f, 0x50, 0x3, 0xf2, 0x4a, 0xdb, 0xd5,
    0x2f, 0x50, 0x3, 0xf4, 0xb6, 0x10, 0x4a, 0x3f,
    0x50, 0x3, 0xff, 0xff, 0xff, 0xff, 0xff, 0x50,
    0x0, 0x0, 0x2, 0xfa, 0x0, 0x0, 0x0, 0x4f,
    0xff, 0xff, 0xff, 0xff, 0xff, 0xf5, 0x4f, 0x64,
    0x8f, 0x84, 0xb8, 0x46, 0xf5, 0x4f, 0x21, 0xda,
    0x13, 0xae, 0x11, 0xf5, 0x4f, 0x28, 0xff, 0xfe,
    0xcd, 0xb1, 0xf5, 0x4f, 0x22, 0x42, 0x0, 0x2,
    0x44, 0xf5, 0x4f, 0x20, 0x0, 0x0, 0x3, 0xff,
    0xc1,

    /* U+79FB "移" */
    0x0, 0x0, 0x2, 0x0, 0x0, 0x52, 0x0, 0x0,
    0x2, 0x59, 0xef, 0x30, 0x8, 0xf4, 0x0, 0x0,
    0xb, 0xef, 0xc3, 0x0, 0x9f, 0xff, 0xff, 0x60,
    0x0, 0xb, 0xa0, 0x4d, 0xf6, 0x44, 0xce, 0x10,
    0x0, 0xb, 0xa0, 0x4b, 0x6d, 0x49, 0xf5, 0x0,
    0x1f, 0xff, 0xff, 0x80, 0xb, 0xff, 0x40, 0x0,
    0x6, 0x8f, 0xd6, 0x57, 0xdf, 0xcb, 0x40, 0x0,
    0x0, 0x8f, 0xf4, 0x5f, 0xa3, 0xaf, 0x53, 0x30,
    0x0, 0xef, 0xef, 0x20, 0xa, 0xff, 0xff, 0xf4,
    0x6, 0xec, 0xaa, 0x43, 0xcf, 0x40, 0x1c, 0xc0,
    0xe, 0x7b, 0xa0, 0x3f, 0xb8, 0x90, 0x9f, 0x40,
    0x1d, 0xb, 0xa0, 0x2, 0x3, 0xee, 0xf6, 0x0,
    0x1, 0xb, 0xa0, 0x0, 0x4, 0xcf, 0x60, 0x0,
    0x0, 0xb, 0xa0, 0x38, 0xdf, 0xa2, 0x0, 0x0,
    0x0, 0xb, 0xa0, 0x9d, 0x82, 0x0, 0x0, 0x0,
    0x0, 0x0, 0x0, 0x0, 0x0, 0x0, 0x0, 0x0,

    /* U+7A0B "程" */
    0x0, 0x0, 0x22, 0x0, 0x0, 0x0, 0x0, 0x0,
    0x4, 0x7c, 0xfd, 0xf, 0xff, 0xff, 0xff, 0x60,
    0xb, 0xdf, 0x90, 0xf, 0x84, 0x44, 0x4f, 0x60,
    0x0, 0xe, 0x60, 0xf, 0x50, 0x0, 0xf, 0x60,
    0x0, 0xe, 0x60, 0xf, 0x84, 0x44, 0x5f, 0x60,
    0x1d, 0xdf, 0xed, 0x4f, 0xff, 0xff, 0xff, 0x60,
    0x7, 0x9f, 0xb7, 0x20, 0x0, 0x0, 0x0, 0x0,
    0x0, 0x9f, 0xe1, 0x4f, 0xff, 0xff, 0xff, 0xe0,
    0x1, 0xff, 0xec, 0x25, 0x55, 0xfb, 0x55, 0x50,
    0x9, 0xdf, 0x8e, 0x30, 0x0, 0xe8, 0x0, 0x0,
    0x3f, 0x6e, 0x62, 0xd, 0xff, 0xff, 0xff, 0x80,
    0x3e, 0xe, 0x60, 0x5, 0x55, 0xfb, 0x55, 0x30,
    0x3, 0xe, 0x60, 0x0, 0x0, 0xe8, 0x0, 0x0,
    0x0, 0xe, 0x60, 0x55, 0x55, 0xfb, 0x55, 0x51,
    0x0, 0xe, 0x60, 0xef, 0xff, 0xff, 0xff, 0xf4,

    /* U+7A7A "空" */
    0x0, 0x0, 0x0, 0x31, 0x0, 0x0, 0x0, 0x0,
    0x0, 0x4, 0xf7, 0x0, 0x0, 0x0, 0x56, 0x66,
    0x66, 0xfe, 0x66, 0x66, 0x63, 0xef, 0xff, 0xff,
    0xff, 0xff, 0xff, 0xf9, 0xe8, 0x0, 0x0, 0x0,
    0x10, 0x0, 0xe9, 0xe8, 0x3, 0xdb, 0x0, 0xec,
    0x40, 0xe9, 0x45, 0x9f, 0xc2, 0x0, 0x3c, 0xfb,
    0x30, 0x7f, 0xf7, 0x0, 0x0, 0x0, 0x5e, 0xf3,
    0x29, 0x75, 0x55, 0x55, 0x55, 0x56, 0x60, 0x1,
    0xff, 0xff, 0xff, 0xff, 0xfd, 0x0, 0x0, 0x0,
    0x0, 0xf9, 0x0, 0x0, 0x0, 0x0, 0x0, 0x0,
    0xf9, 0x0, 0x0, 0x0, 0x0, 0x0, 0x0, 0xf9,
    0x0, 0x0, 0x0, 0x56, 0x66, 0x66, 0xfc, 0x66,
    0x66, 0x63, 0xce, 0xee, 0xee, 0xee, 0xee, 0xee,
    0xe8,

    /* U+7B97 "算" */
    0x0, 0x14, 0x0, 0x0, 0x5, 0x20, 0x0, 0x0,
    0x0, 0x9f, 0x43, 0x32, 0x3f, 0x93, 0x33, 0x30,
    0x4, 0xff, 0xff, 0xfc, 0xdf, 0xff, 0xff, 0xf0,
    0x2f, 0xa0, 0xe9, 0xa, 0xe2, 0x1e, 0xa0, 0x0,
    0x6, 0x2b, 0xec, 0xbb, 0xdb, 0xbd, 0xc5, 0x0,
    0x0, 0x3f, 0x73, 0x33, 0x33, 0x34, 0xf8, 0x0,
    0x0, 0x3f, 0xed, 0xdd, 0xdd, 0xde, 0xf8, 0x0,
    0x0, 0x3f, 0x96, 0x66, 0x66, 0x67, 0xf8, 0x0,
    0x0, 0x3f, 0x85, 0x55, 0x55, 0x56, 0xf8, 0x0,
    0x0, 0x3f, 0xfe, 0xee, 0xee, 0xef, 0xf8, 0x0,
    0x0, 0x0, 0x2f, 0x50, 0x0, 0xe9, 0x0, 0x0,
    0x5, 0x55, 0x7f, 0x95, 0x55, 0xfc, 0x55, 0x50,
    0x1d, 0xdd, 0xff, 0xdd, 0xdd, 0xff, 0xdd, 0xd1,
    0x0, 0x39, 0xf8, 0x0, 0x0, 0xe9, 0x0, 0x0,
    0x6, 0xea, 0x30, 0x0, 0x0, 0xe9, 0x0, 0x0,
    0x0, 0x0, 0x0, 0x0, 0x0, 0x0, 0x0, 0x0,

    /* U+7ED3 "结" */
    0x0, 0xa, 0x80, 0x0, 0x0, 0xe9, 0x0, 0x0,
    0x0, 0x3f, 0x60, 0x25, 0x55, 0xfc, 0x55, 0x50,
    0x0, 0xbc, 0x0, 0x6f, 0xff, 0xff, 0xff, 0xf1,
    0x5, 0xf3, 0x2e, 0x50, 0x0, 0xfa, 0x0, 0x0,
    0x3f, 0xd7, 0xce, 0x10, 0x0, 0xe9, 0x0, 0x0,
    0x3e, 0xce, 0xf3, 0xf, 0xff, 0xff, 0xff, 0xb0,
    0x0, 0x4f, 0x70, 0x7, 0x77, 0x77, 0x77, 0x50,
    0x2, 0xeb, 0x13, 0x20, 0x0, 0x0, 0x0, 0x0,
    0x2d, 0xff, 0xff, 0x79, 0xff, 0xff, 0xff, 0x60,
    0x1e, 0xa7, 0x41, 0xa, 0xe6, 0x66, 0x7f, 0x60,
    0x0, 0x0, 0x0, 0x1a, 0xc0, 0x0, 0x1f, 0x60,
    0x15, 0x8a, 0xdf, 0x9a, 0xc0, 0x0, 0x1f, 0x60,
    0x5f, 0xfb, 0x84, 0x1a, 0xff, 0xff, 0xff, 0x60,
    0x12, 0x0, 0x0, 0xa, 0xe6, 0x66, 0x6e, 0x60,

    /* U+7F18 "缘" */
    0x0, 0x5, 0x80, 0x2, 0xe2, 0x0, 0x0, 0x0,
    0x0, 0xd, 0xa0, 0x5, 0xff, 0xff, 0xf9, 0x0,
    0x0, 0x3f, 0x30, 0x8, 0xc0, 0x0, 0xe6, 0x0,
    0x0, 0x9c, 0x0, 0xc, 0xa2, 0x23, 0xf4, 0x0,
    0x2, 0xf4, 0x27, 0xd, 0xdd, 0xde, 0xf1, 0x0,
    0xb, 0xc1, 0xbb, 0x43, 0x33, 0x37, 0xf4, 0x31,
    0x2f, 0xff, 0xe2, 0xee, 0xef, 0xfe, 0xee, 0xe4,
    0x5, 0x4e, 0x60, 0x5, 0xcf, 0x40, 0x2, 0x30,
    0x0, 0xab, 0x13, 0xde, 0x7d, 0x91, 0x8f, 0xa0,
    0x8, 0xfe, 0xf8, 0x30, 0x6e, 0xff, 0xea, 0x0,
    0xd, 0x95, 0x10, 0x8e, 0xc3, 0xbc, 0x5e, 0x0,
    0x0, 0x2, 0x9b, 0x43, 0x1a, 0xff, 0xf, 0x30,
    0x6, 0xcf, 0xb5, 0x18, 0xe9, 0x6f, 0xb, 0xb0,
    0xe, 0x92, 0x1, 0xeb, 0x53, 0xcc, 0x2, 0xe2,
    0x0, 0x0, 0x0, 0x0, 0x4f, 0xd3, 0x0, 0x0,
    0x0, 0x0, 0x0, 0x0, 0x0, 0x0, 0x0, 0x0,

    /* U+7FFB "翻" */
    0x0, 0x12, 0x46, 0x93, 0x0, 0x0, 0x0, 0x0,
    0xd, 0xfe, 0xfc, 0x94, 0xef, 0xf6, 0xff, 0xf0,
    0x3, 0x90, 0xf3, 0xb5, 0x33, 0xf5, 0x36, 0xf0,
    0x1, 0xf2, 0xf5, 0xf1, 0x10, 0xe4, 0x22, 0xf0,
    0x1d, 0xed, 0xff, 0xfb, 0xe2, 0xe6, 0xf3, 0xf0,
    0x3, 0x4e, 0xfe, 0x53, 0x88, 0xe4, 0xc7, 0xf0,
    0x0, 0xad, 0xfc, 0xe4, 0x4d, 0xe4, 0x8b, 0xf0,
    0x1c, 0xf3, 0xf3, 0x8b, 0x1, 0xe4, 0x3, 0xf0,
    0x1f, 0x51, 0xb3, 0x12, 0x4, 0xf4, 0xa, 0xf0,
    0xa, 0xff, 0xff, 0xfa, 0x3f, 0xf4, 0xaf, 0xf0,
    0x9, 0x90, 0xf2, 0x8a, 0xe6, 0xe9, 0xe5, 0xf0,
    0x9, 0xfe, 0xff, 0xfa, 0x30, 0xe4, 0x12, 0xf0,
    0x9, 0x80, 0xf1, 0x8a, 0x0, 0xe4, 0x2, 0xf0,
    0x9, 0xfe, 0xff, 0xfa, 0x24, 0xf4, 0x47, 0xf0,
    0x9, 0xa3, 0x33, 0x88, 0x3e, 0xb1, 0x9e, 0x90,

    /* U+8003 "考" */
    0x0, 0x0, 0x0, 0x7f, 0x0, 0x0, 0x16, 0x0,
    0x6, 0xdd, 0xde, 0xfd, 0xdd, 0x6d, 0xb0, 0x0,
    0x25, 0x55, 0xaf, 0x55, 0x9f, 0xb0, 0x0, 0x0,
    0x0, 0x7, 0xf0, 0x4f, 0xb0, 0x0, 0xc, 0xff,
    0xff, 0xff, 0xff, 0xff, 0xff, 0xf0, 0x44, 0x44,
    0x48, 0xff, 0x74, 0x44, 0x44, 0x0, 0x0, 0x19,
    0xfe, 0x52, 0x22, 0x21, 0x0, 0x1, 0x7e, 0xff,
    0xff, 0xff, 0xff, 0x70, 0x19, 0xff, 0x9d, 0xc0,
    0x0, 0x0, 0x0, 0x0, 0xe9, 0x13, 0xfa, 0x55,
    0x55, 0x54, 0x0, 0x0, 0x0, 0x8d, 0xdd, 0xdd,
    0xdf, 0xa0, 0x0, 0x0, 0x0, 0x0, 0x0, 0x1,
    0xf7, 0x0, 0x0, 0x0, 0x0, 0x15, 0x54, 0xaf,
    0x20, 0x0, 0x0, 0x0, 0x0, 0xef, 0xfe, 0x70,
    0x0, 0x0, 0x0, 0x0, 0x0, 0x0, 0x0, 0x0,
    0x0,

    /* U+8017 "耗" */
    0x0, 0x9, 0xc0, 0x0, 0x0, 0x4, 0xab, 0x10,
    0xf, 0xff, 0xff, 0xc3, 0x7b, 0xed, 0x60, 0x0,
    0x4, 0x4b, 0xd4, 0x49, 0xc8, 0xf5, 0x0, 0x0,
    0x1, 0x2a, 0xc2, 0x10, 0x0, 0xf5, 0x0, 0x0,
    0xa, 0xff, 0xff, 0x80, 0x25, 0xfc, 0xcf, 0xa0,
    0x1, 0x1a, 0xc1, 0x8, 0xff, 0xfd, 0xa7, 0x30,
    0x15, 0x5b, 0xd5, 0x54, 0x53, 0xf5, 0x0, 0x0,
    0x3f, 0xff, 0xff, 0xf2, 0x0, 0xf5, 0x3, 0x51,
    0x0, 0x5f, 0xf7, 0x4, 0x7a, 0xff, 0xff, 0xf4,
    0x1, 0xee, 0xef, 0x6c, 0xdb, 0xf9, 0x41, 0x0,
    0xc, 0xc9, 0xc7, 0xd0, 0x0, 0xf5, 0x0, 0x30,
    0x3e, 0x29, 0xc0, 0x20, 0x0, 0xf5, 0x0, 0xe6,
    0x1, 0x9, 0xc0, 0x0, 0x0, 0xf9, 0x45, 0xf4,
    0x0, 0x9, 0xc0, 0x0, 0x0, 0xaf, 0xff, 0xb0,

    /* U+81F3 "至" */
    0xb, 0xff, 0xff, 0xff, 0xff, 0xff, 0xff, 0x90,
    0x4, 0x55, 0x6f, 0xe6, 0x55, 0x65, 0x55, 0x30,
    0x0, 0x0, 0xaf, 0x40, 0x4, 0xe5, 0x0, 0x0,
    0x0, 0x6, 0xf7, 0x0, 0x1, 0xcf, 0x80, 0x0,
    0x0, 0x6f, 0xd4, 0x45, 0x56, 0x8f, 0xf9, 0x0,
    0x0, 0xdf, 0xff, 0xff, 0xfe, 0xdc, 0xdf, 0x60,
    0x0, 0x12, 0x11, 0x9, 0x80, 0x0, 0x6, 0x0,
    0x0, 0x0, 0x0, 0xc, 0xb0, 0x0, 0x0, 0x0,
    0x0, 0xae, 0xee, 0xef, 0xfe, 0xee, 0xeb, 0x0,
    0x0, 0x47, 0x77, 0x7e, 0xd7, 0x77, 0x75, 0x0,
    0x0, 0x0, 0x0, 0xc, 0xb0, 0x0, 0x0, 0x0,
    0x0, 0x0, 0x0, 0xc, 0xb0, 0x0, 0x0, 0x0,
    0x1e, 0xee, 0xee, 0xef, 0xfe, 0xee, 0xee, 0xe2,
    0x7, 0x77, 0x77, 0x77, 0x77, 0x77, 0x77, 0x71,

    /* U+81F4 "致" */
    0x0, 0x0, 0x0, 0x0, 0x6, 0xd1, 0x0, 0x0,
    0x2f, 0xff, 0xff, 0xff, 0xa, 0xe0, 0x0, 0x0,
    0x15, 0x9f, 0x75, 0x55, 0xd, 0xb0, 0x0, 0x0,
    0x0, 0xbc, 0x3, 0x10, 0x1f, 0xc6, 0x66, 0x61,
    0x3, 0xf5, 0xc, 0xb0, 0x7f, 0xff, 0xff, 0xf3,
    0xc, 0xf8, 0x9c, 0xf4, 0xdf, 0x0, 0x6f, 0x10,
    0xe, 0xec, 0xb9, 0xcd, 0xff, 0x40, 0x9e, 0x0,
    0x0, 0x3, 0xb2, 0xc, 0xdd, 0x80, 0xda, 0x0,
    0x1, 0x16, 0xf4, 0x14, 0x36, 0xe2, 0xf6, 0x0,
    0xe, 0xff, 0xff, 0xfc, 0x1, 0xfd, 0xf1, 0x0,
    0x3, 0x37, 0xf5, 0x32, 0x0, 0xaf, 0x90, 0x0,
    0x0, 0x5, 0xf2, 0x1, 0x0, 0xbf, 0x90, 0x0,
    0x2, 0x49, 0xfd, 0xef, 0x1a, 0xfc, 0xf7, 0x0,
    0x4f, 0xff, 0xdb, 0x8a, 0xef, 0x70, 0xbf, 0xb1,
    0x15, 0x30, 0x0, 0x8, 0xe5, 0x0, 0x8, 0xe2,
    0x0, 0x0, 0x0, 0x0, 0x10, 0x0, 0x0, 0x0,

    /* U+826E "艮" */
    0x6, 0xff, 0xff, 0xff, 0xff, 0xff, 0x0, 0x0,
    0x6f, 0x76, 0x66, 0x66, 0x6c, 0xf0, 0x0, 0x6,
    0xf1, 0x0, 0x0, 0x0, 0x9f, 0x0, 0x0, 0x6f,
    0xee, 0xee, 0xee, 0xef, 0xf0, 0x0, 0x6, 0xf5,
    0x44, 0x44, 0x44, 0xbf, 0x0, 0x0, 0x6f, 0x10,
    0x0, 0x0, 0x9, 0xf0, 0x0, 0x6, 0xff, 0xff,
    0xff, 0xff, 0xff, 0x0, 0x0, 0x6f, 0x77, 0xdf,
    0x77, 0x77, 0x81, 0x0, 0x6, 0xf1, 0x3, 0xfa,
    0x0, 0x4e, 0xa0, 0x0, 0x6f, 0x10, 0x8, 0xf8,
    0xaf, 0x90, 0x0, 0x6, 0xf1, 0x0, 0xa, 0xff,
    0x40, 0x0, 0x0, 0x7f, 0x13, 0x77, 0x9, 0xfe,
    0x60, 0x0, 0xa, 0xff, 0xff, 0xa0, 0x4, 0xdf,
    0xfa, 0x10, 0xdd, 0x84, 0x0, 0x0, 0x0, 0x5b,
    0xb0, 0x1, 0x0, 0x0, 0x0, 0x0, 0x0, 0x0,
    0x0,

    /* U+8282 "节" */
    0x0, 0x0, 0x8f, 0x0, 0x0, 0xf9, 0x0, 0x0,
    0x4, 0x44, 0xaf, 0x54, 0x44, 0xfb, 0x44, 0x40,
    0x1f, 0xff, 0xff, 0xff, 0xff, 0xff, 0xff, 0xf1,
    0x1, 0x11, 0x9f, 0x21, 0x11, 0xfa, 0x11, 0x10,
    0x0, 0x0, 0x6c, 0x0, 0x0, 0xc7, 0x0, 0x0,
    0x5, 0xff, 0xff, 0xff, 0xff, 0xff, 0xfa, 0x0,
    0x3, 0x77, 0x7b, 0xf9, 0x77, 0x77, 0xea, 0x0,
    0x0, 0x0, 0x6, 0xf2, 0x0, 0x0, 0xda, 0x0,
    0x0, 0x0, 0x6, 0xf2, 0x0, 0x0, 0xda, 0x0,
    0x0, 0x0, 0x6, 0xf2, 0x0, 0x0, 0xda, 0x0,
    0x0, 0x0, 0x6, 0xf2, 0x5, 0x78, 0xfa, 0x0,
    0x0, 0x0, 0x6, 0xf2, 0x7, 0xff, 0xd3, 0x0,
    0x0, 0x0, 0x6, 0xf2, 0x0, 0x0, 0x0, 0x0,
    0x0, 0x0, 0x6, 0xf2, 0x0, 0x0, 0x0, 0x0,

    /* U+8303 "范" */
    0x0, 0x0, 0xae, 0x0, 0x0, 0xe9, 0x0, 0x0,
    0xb, 0xbb, 0xef, 0xbb, 0xbb, 0xfe, 0xbb, 0xb1,
    0xa, 0xaa, 0xef, 0xaa, 0xaa, 0xfd, 0xaa, 0xa0,
    0x0, 0x0, 0xae, 0x0, 0x0, 0xe9, 0x0, 0x0,
    0x0, 0x97, 0x10, 0x37, 0x77, 0x88, 0x77, 0x0,
    0x0, 0x5e, 0xe4, 0x7f, 0xfe, 0xee, 0xff, 0x0,
    0x0, 0x0, 0x70, 0x7f, 0x10, 0x0, 0x8f, 0x0,
    0xc, 0xc5, 0x0, 0x7f, 0x10, 0x0, 0x8f, 0x0,
    0x1, 0x9f, 0x50, 0x7f, 0x10, 0x76, 0xce, 0x0,
    0x0, 0x2, 0x56, 0x7f, 0x10, 0xbe, 0xd7, 0x0,
    0x0, 0x4, 0xf9, 0x7f, 0x10, 0x0, 0x0, 0x30,
    0x0, 0x4f, 0xb0, 0x7f, 0x10, 0x0, 0x2, 0xf4,
    0x4, 0xfc, 0x0, 0x5f, 0x96, 0x66, 0x6b, 0xf1,
    0x6, 0xd1, 0x0, 0xb, 0xff, 0xff, 0xfe, 0x70,
    0x0, 0x0, 0x0, 0x0, 0x0, 0x0, 0x0, 0x0,

    /* U+840C "萌" */
    0x0, 0x9, 0xd0, 0x0, 0xe, 0x90, 0x0, 0xb,
    0xbb, 0xef, 0xbb, 0xbb, 0xfe, 0xbb, 0xb0, 0x99,
    0x9d, 0xe9, 0x99, 0x9f, 0xd9, 0x99, 0x0, 0x0,
    0x8b, 0x0, 0x22, 0xfa, 0x22, 0x10, 0x6f, 0xff,
    0xfa, 0xe, 0xff, 0xff, 0xf6, 0x6, 0xf5, 0x5c,
    0xa0, 0xe9, 0x11, 0x2f, 0x60, 0x6f, 0x11, 0xba,
    0xe, 0xb6, 0x66, 0xf6, 0x6, 0xff, 0xff, 0xa0,
    0xef, 0xee, 0xef, 0x60, 0x6f, 0x11, 0xba, 0xe,
    0x70, 0x0, 0xf6, 0x6, 0xf3, 0x3c, 0xa1, 0xfc,
    0xaa, 0xaf, 0x60, 0x6f, 0xff, 0xfa, 0x5f, 0xa9,
    0x9a, 0xf6, 0x6, 0xf1, 0x11, 0x1d, 0xc0, 0x0,
    0xf, 0x60, 0x1, 0x0, 0x1c, 0xf3, 0x1, 0x56,
    0xf5, 0x0, 0x0, 0x2, 0xe5, 0x0, 0x1f, 0xfc,
    0x10, 0x0, 0x0, 0x0, 0x0, 0x0, 0x0, 0x0,
    0x0,

    /* U+84C4 "蓄" */
    0xff, 0xff, 0xff, 0xff, 0xff, 0xff, 0xff, 0xc,
    0xcc, 0xef, 0xdc, 0xcd, 0xfe, 0xcc, 0xc0, 0x0,
    0x7, 0xf0, 0x97, 0xf, 0x70, 0x0, 0xc, 0xee,
    0xff, 0xff, 0xff, 0xff, 0xee, 0xe0, 0x44, 0x5a,
    0xfd, 0x64, 0x6b, 0x54, 0x44, 0x0, 0x5e, 0xff,
    0xcd, 0xef, 0xa5, 0x0, 0x0, 0x2, 0x66, 0xbf,
    0xd6, 0x10, 0xdb, 0x0, 0x0, 0x8c, 0xff, 0xfe,
    0xef, 0xff, 0xfc, 0x10, 0x7, 0x65, 0x54, 0x33,
    0x21, 0x12, 0xc3, 0x0, 0xaf, 0xff, 0xff, 0xff,
    0xff, 0xfb, 0x0, 0xa, 0xe0, 0x0, 0xcc, 0x0,
    0xe, 0xb0, 0x0, 0xaf, 0xdd, 0xdf, 0xfd, 0xdd,
    0xfb, 0x0, 0xa, 0xd0, 0x0, 0xcc, 0x0, 0xe,
    0xb0, 0x0, 0xaf, 0xff, 0xff, 0xff, 0xff, 0xfb,
    0x0,

    /* U+864E "虎" */
    0x0, 0x0, 0x0, 0x3f, 0x52, 0x22, 0x21, 0x0,
    0x0, 0x0, 0x0, 0x3f, 0xff, 0xff, 0xf6, 0x0,
    0x0, 0x23, 0x33, 0x6f, 0x63, 0x33, 0x33, 0x10,
    0x0, 0xef, 0xff, 0xff, 0xff, 0xff, 0xff, 0xb0,
    0x0, 0xe8, 0x0, 0x6e, 0x0, 0x1, 0x1f, 0x50,
    0x0, 0xe8, 0x57, 0xcf, 0xce, 0xff, 0x5, 0x0,
    0x0, 0xe8, 0x89, 0xbf, 0x43, 0x10, 0x47, 0x0,
    0x0, 0xf8, 0x0, 0x4f, 0xcb, 0xbb, 0xeb, 0x0,
    0x0, 0xf7, 0x0, 0x4, 0x66, 0x66, 0x51, 0x0,
    0x1, 0xf5, 0x2, 0xff, 0xff, 0xf5, 0x0, 0x0,
    0x3, 0xf4, 0x3, 0xf6, 0x34, 0xf5, 0x0, 0x20,
    0x7, 0xf1, 0x6, 0xf1, 0x0, 0xf5, 0x0, 0xf2,
    0xe, 0xb0, 0x4e, 0xb0, 0x0, 0xf8, 0x24, 0xf1,
    0x3f, 0x38, 0xfb, 0x10, 0x0, 0xaf, 0xff, 0xa0,
    0x1, 0x0, 0x20, 0x0, 0x0, 0x0, 0x0, 0x0,

    /* U+86C7 "蛇" */
    0x0, 0x0, 0x0, 0x0, 0x0, 0x0, 0x0, 0x0,
    0x0, 0xf, 0x50, 0x0, 0x0, 0xe8, 0x0, 0x0,
    0x0, 0xf, 0x50, 0x0, 0x0, 0x9f, 0x0, 0x0,
    0x4, 0x5f, 0x95, 0x49, 0xdd, 0xee, 0xdd, 0xd1,
    0xe, 0xef, 0xee, 0xea, 0xb5, 0x55, 0x58, 0xf1,
    0xe, 0x3d, 0x33, 0xe9, 0xa5, 0x0, 0x4, 0xd1,
    0xe, 0x3d, 0x33, 0xe0, 0x5f, 0x0, 0x0, 0x0,
    0xe, 0x3d, 0x33, 0xe0, 0x5f, 0x0, 0x6e, 0x40,
    0xe, 0xff, 0xff, 0xe0, 0x5f, 0x5d, 0xf9, 0x0,
    0xe, 0x7f, 0x84, 0x40, 0x5f, 0xfc, 0x30, 0x0,
    0x3, 0xf, 0x54, 0x60, 0x5f, 0x40, 0x0, 0x0,
    0x0, 0xf, 0x54, 0xe0, 0x5f, 0x0, 0x0, 0x40,
    0x14, 0x6f, 0xcc, 0xf4, 0x5f, 0x0, 0x0, 0xf4,
    0x5f, 0xfd, 0xb8, 0xc8, 0x4f, 0x64, 0x46, 0xf2,
    0x1, 0x0, 0x0, 0x32, 0xc, 0xff, 0xff, 0x90,

    /* U+87A3 "螣" */
    0x0, 0x0, 0x0, 0x4, 0x1, 0xa2, 0x4, 0x0,
    0x5, 0xff, 0xfe, 0x1e, 0x93, 0xf1, 0x7f, 0x20,
    0x5, 0xf5, 0x9e, 0x6, 0xe5, 0xf0, 0xc9, 0x0,
    0x5, 0xe0, 0x6e, 0x16, 0x6a, 0xe5, 0x66, 0x50,
    0x5, 0xe0, 0x6e, 0x3e, 0xef, 0xfe, 0xee, 0xd0,
    0x5, 0xfd, 0xee, 0x0, 0xe, 0x40, 0x0, 0x0,
    0x5, 0xf4, 0x9e, 0xbf, 0xff, 0xff, 0xff, 0xf5,
    0x5, 0xe0, 0x6e, 0x25, 0xf8, 0x33, 0xae, 0x41,
    0x6, 0xe3, 0x8e, 0xc, 0xf2, 0xe6, 0x2f, 0x90,
    0x6, 0xff, 0xff, 0xdf, 0xff, 0xff, 0xff, 0xf6,
    0x7, 0xc1, 0x7e, 0x48, 0xd0, 0xe5, 0xf, 0x60,
    0x9, 0xa0, 0x6e, 0x5, 0xfe, 0xff, 0xef, 0x30,
    0xb, 0x80, 0x6e, 0x0, 0x11, 0xe6, 0x7e, 0x0,
    0xe, 0x44, 0xae, 0x1, 0x23, 0xf8, 0x7f, 0x90,
    0x3e, 0xa, 0xf8, 0x2f, 0xff, 0xed, 0xcc, 0xf2,
    0x0, 0x0, 0x0, 0x1, 0x0, 0x0, 0x0, 0x0,

    /* U+884C "行" */
    0x0, 0x3, 0xc3, 0x0, 0x0, 0x0, 0x0, 0x0,
    0x0, 0x1e, 0xd0, 0x1f, 0xff, 0xff, 0xff, 0xa0,
    0x2, 0xdf, 0x20, 0x6, 0x66, 0x66, 0x66, 0x40,
    0x2f, 0xe3, 0x10, 0x0, 0x0, 0x0, 0x0, 0x0,
    0xc, 0x20, 0xcd, 0x0, 0x0, 0x0, 0x0, 0x0,
    0x0, 0x7, 0xf6, 0x11, 0x11, 0x11, 0x11, 0x10,
    0x0, 0x4f, 0xd0, 0xbf, 0xff, 0xff, 0xff, 0xf1,
    0x4, 0xff, 0x80, 0x34, 0x44, 0x4c, 0xd4, 0x40,
    0x4f, 0xef, 0x80, 0x0, 0x0, 0xb, 0xc0, 0x0,
    0x1b, 0x1f, 0x80, 0x0, 0x0, 0xb, 0xc0, 0x0,
    0x0, 0xf, 0x80, 0x0, 0x0, 0xb, 0xc0, 0x0,
    0x0, 0xf, 0x80, 0x0, 0x0, 0xb, 0xc0, 0x0,
    0x0, 0xf, 0x80, 0x0, 0x0, 0xb, 0xc0, 0x0,
    0x0, 0xf, 0x80, 0x0, 0x39, 0x9e, 0xc0, 0x0,
    0x0, 0xf, 0x80, 0x0, 0x1c, 0xca, 0x30, 0x0,

    /* U+8868 "表" */
    0x0, 0x0, 0x0, 0xc, 0xb0, 0x0, 0x0, 0x0,
    0x4, 0xee, 0xee, 0xef, 0xfe, 0xee, 0xee, 0x50,
    0x0, 0x11, 0x11, 0x1c, 0xb1, 0x11, 0x11, 0x0,
    0x0, 0x7f, 0xff, 0xff, 0xff, 0xff, 0xfb, 0x0,
    0x0, 0x13, 0x33, 0x3d, 0xc3, 0x33, 0x32, 0x0,
    0x4, 0x55, 0x55, 0x5d, 0xc5, 0x55, 0x55, 0x40,
    0xe, 0xff, 0xff, 0xff, 0xff, 0xff, 0xff, 0xd0,
    0x0, 0x0, 0x1b, 0xf5, 0xe9, 0x0, 0x5, 0x0,
    0x0, 0x6, 0xee, 0x30, 0x7f, 0x31, 0xcf, 0x30,
    0x18, 0xef, 0xf9, 0x0, 0xd, 0xde, 0xc2, 0x0,
    0x1d, 0xa2, 0xf9, 0x0, 0x3, 0xfe, 0x10, 0x0,
    0x0, 0x0, 0xf9, 0x26, 0xb4, 0x5f, 0xe4, 0x0,
    0x0, 0x4, 0xff, 0xff, 0xb3, 0x3, 0xdf, 0xd2,
    0x0, 0x6, 0xfa, 0x50, 0x0, 0x0, 0x5, 0x80,
    0x0, 0x0, 0x0, 0x0, 0x0, 0x0, 0x0, 0x0,

    /* U+89E3 "解" */
    0x0, 0x2b, 0x10, 0x0, 0x0, 0x0, 0x0, 0x0,
    0x0, 0x8f, 0x0, 0x0, 0xaf, 0xff, 0xff, 0xf1,
    0x0, 0xdf, 0xff, 0xf0, 0x23, 0xda, 0x37, 0xf0,
    0x4, 0xf6, 0x2e, 0xa0, 0x1, 0xf5, 0x5, 0xf0,
    0xd, 0xf7, 0x9f, 0xa6, 0x9, 0xe0, 0x7, 0xe0,
    0x4f, 0xfa, 0xfb, 0xcd, 0x9f, 0x33, 0xdf, 0xa0,
    0x5, 0xf0, 0xe1, 0x5d, 0x47, 0x34, 0xd4, 0x0,
    0x3, 0xfb, 0xfc, 0xdd, 0xe, 0x77, 0xe0, 0x0,
    0x4, 0xf7, 0xf8, 0xad, 0x2f, 0xff, 0xff, 0xf1,
    0x4, 0xf0, 0xe1, 0x5d, 0xac, 0x4a, 0xf4, 0x40,
    0x5, 0xf9, 0xfa, 0xcd, 0x63, 0x7, 0xe0, 0x0,
    0x7, 0xe8, 0xf9, 0xbd, 0x9f, 0xff, 0xff, 0xf7,
    0xa, 0x90, 0xe1, 0x5d, 0x35, 0x5a, 0xf5, 0x52,
    0xe, 0x50, 0xe5, 0x8d, 0x0, 0x7, 0xe0, 0x0,
    0x3d, 0x0, 0x5a, 0xf7, 0x0, 0x7, 0xe0, 0x0,
    0x0, 0x0, 0x0, 0x0, 0x0, 0x0, 0x0, 0x0,

    /* U+8BA4 "认" */
    0x0, 0x29, 0x0, 0x0, 0x0, 0xf7, 0x0, 0x0,
    0x0, 0x3e, 0xc1, 0x0, 0x0, 0xf6, 0x0, 0x0,
    0x0, 0x2, 0xe8, 0x0, 0x0, 0xf6, 0x0, 0x0,
    0x0, 0x0, 0x10, 0x0, 0x1, 0xf5, 0x0, 0x0,
    0x7, 0x77, 0x60, 0x0, 0x2, 0xf5, 0x0, 0x0,
    0xf, 0xff, 0xe0, 0x0, 0x4, 0xf7, 0x0, 0x0,
    0x0, 0x7, 0xe0, 0x0, 0x6, 0xfa, 0x0, 0x0,
    0x0, 0x7, 0xe0, 0x0, 0x8, 0xff, 0x0, 0x0,
    0x0, 0x7, 0xe0, 0x0, 0xc, 0xcf, 0x40, 0x0,
    0x0, 0x7, 0xe0, 0x10, 0x2f, 0x5b, 0xb0, 0x0,
    0x0, 0x7, 0xe7, 0xe0, 0x9e, 0x4, 0xf3, 0x0,
    0x0, 0xa, 0xff, 0x64, 0xf8, 0x0, 0xdd, 0x10,
    0x0, 0x2f, 0xd2, 0x3e, 0xd0, 0x0, 0x3f, 0xd1,
    0x0, 0x8, 0x0, 0x9d, 0x20, 0x0, 0x4, 0xf5,
    0x0, 0x0, 0x0, 0x1, 0x0, 0x0, 0x0, 0x10,

    /* U+8BBE "设" */
    0x0, 0x10, 0x0, 0x0, 0x0, 0x0, 0x0, 0x0,
    0x0, 0xdb, 0x0, 0x4, 0xff, 0xff, 0xf0, 0x0,
    0x0, 0x4f, 0xb0, 0x4, 0xf6, 0x59, 0xf0, 0x0,
    0x0, 0x4, 0xd1, 0x5, 0xf0, 0x6, 0xf0, 0x0,
    0x0, 0x0, 0x0, 0xb, 0xc0, 0x6, 0xf0, 0x0,
    0x28, 0x88, 0x10, 0x9f, 0x50, 0x4, 0xfb, 0xb1,
    0x4f, 0xff, 0x35, 0xf7, 0x0, 0x0, 0x79, 0x91,
    0x0, 0x2f, 0x30, 0x76, 0x66, 0x66, 0x66, 0x10,
    0x0, 0x2f, 0x30, 0xdf, 0xff, 0xff, 0xff, 0x20,
    0x0, 0x2f, 0x30, 0x1f, 0x60, 0x0, 0xcb, 0x0,
    0x0, 0x2f, 0x30, 0x8, 0xf2, 0x7, 0xf3, 0x0,
    0x0, 0x2f, 0x6d, 0x20, 0xce, 0x8f, 0x60, 0x0,
    0x0, 0x4f, 0xfb, 0x10, 0x3f, 0xfc, 0x0, 0x0,
    0x0, 0xbf, 0x81, 0x5a, 0xfe, 0xaf, 0xe8, 0x30,
    0x0, 0x85, 0x7, 0xfd, 0x60, 0x3, 0xaf, 0xf1,
    0x0, 0x0, 0x0, 0x20, 0x0, 0x0, 0x0, 0x20,

    /* U+8BD5 "试" */
    0x0, 0x84, 0x0, 0x0, 0x0, 0x9e, 0x69, 0x0,
    0x0, 0x8f, 0x70, 0x0, 0x0, 0x8e, 0x1e, 0x80,
    0x0, 0x7, 0xd3, 0x33, 0x33, 0xaf, 0x37, 0x80,
    0x0, 0x0, 0x9, 0xff, 0xff, 0xff, 0xff, 0xf1,
    0x8, 0x88, 0x31, 0x22, 0x22, 0x8f, 0x32, 0x20,
    0x1b, 0xcf, 0x50, 0x0, 0x0, 0x5f, 0x10, 0x0,
    0x0, 0x1f, 0x51, 0xee, 0xee, 0x6f, 0x20, 0x0,
    0x0, 0x1f, 0x50, 0x7c, 0xd7, 0x4f, 0x40, 0x0,
    0x0, 0x1f, 0x50, 0x9, 0xb0, 0x1f, 0x60, 0x0,
    0x0, 0x1f, 0x50, 0x9, 0xb0, 0xf, 0x80, 0x10,
    0x0, 0x1f, 0x7a, 0x9, 0xc5, 0x4c, 0xc0, 0xe1,
    0x0, 0x3f, 0xfd, 0x9e, 0xff, 0x88, 0xf4, 0xf1,
    0x0, 0xaf, 0x73, 0xea, 0x50, 0x2, 0xff, 0xd0,
    0x0, 0x43, 0x0, 0x0, 0x0, 0x0, 0x7f, 0x50,
    0x0, 0x0, 0x0, 0x0, 0x0, 0x0, 0x0, 0x0,

    /* U+8BDD "话" */
    0x0, 0x0, 0x0, 0x0, 0x0, 0x0, 0x3, 0x0,
    0x2, 0xd3, 0x0, 0x13, 0x57, 0x9c, 0xff, 0x50,
    0x0, 0xcf, 0x30, 0xdf, 0xfe, 0xfb, 0x62, 0x0,
    0x0, 0xc, 0x90, 0x21, 0x1, 0xf6, 0x0, 0x0,
    0x0, 0x1, 0x0, 0x0, 0x1, 0xf6, 0x0, 0x0,
    0x17, 0x77, 0x10, 0x88, 0x89, 0xfb, 0x88, 0x84,
    0x4f, 0xff, 0x21, 0xdd, 0xdd, 0xfe, 0xdd, 0xd6,
    0x0, 0x3f, 0x20, 0x0, 0x1, 0xf6, 0x0, 0x0,
    0x0, 0x3f, 0x20, 0x0, 0x1, 0xf6, 0x0, 0x0,
    0x0, 0x3f, 0x20, 0x3f, 0xff, 0xff, 0xff, 0x90,
    0x0, 0x3f, 0x25, 0x3f, 0x96, 0x66, 0x6f, 0xa0,
    0x0, 0x3f, 0xcf, 0x6f, 0x40, 0x0, 0xe, 0xa0,
    0x0, 0x6f, 0xf5, 0x3f, 0x40, 0x0, 0xe, 0xa0,
    0x0, 0xee, 0x30, 0x3f, 0xfe, 0xee, 0xef, 0xa0,
    0x0, 0x41, 0x0, 0x3f, 0x96, 0x66, 0x6e, 0x90,

    /* U+8C03 "调" */
    0x0, 0x20, 0x0, 0x0, 0x0, 0x0, 0x0, 0x0,
    0x2f, 0x80, 0xe, 0xff, 0xff, 0xff, 0xfe, 0x0,
    0x7f, 0x70, 0xe9, 0x44, 0x44, 0x49, 0xe0, 0x0,
    0x8a, 0xe, 0x60, 0x1d, 0x0, 0x6e, 0x0, 0x0,
    0x0, 0xe6, 0xaf, 0xff, 0xa6, 0xe2, 0x88, 0x82,
    0xe, 0x61, 0x4f, 0x31, 0x6e, 0x4f, 0xff, 0x30,
    0xe6, 0x24, 0xf3, 0x26, 0xe0, 0x25, 0xf3, 0xe,
    0x6f, 0xff, 0xff, 0x7e, 0x0, 0x3f, 0x30, 0xf4,
    0x11, 0x11, 0x16, 0xe0, 0x3, 0xf3, 0xf, 0x3c,
    0xff, 0xf9, 0x6e, 0x0, 0x3f, 0x31, 0xf2, 0xc5,
    0x8, 0x96, 0xe0, 0x3, 0xf7, 0x9f, 0xc, 0x72,
    0xa9, 0x6e, 0x0, 0x6f, 0xff, 0xb0, 0xcf, 0xee,
    0x86, 0xe0, 0xd, 0xf7, 0xe6, 0x4, 0x20, 0x25,
    0xae, 0x0, 0x52, 0x2b, 0x0, 0x0, 0x2, 0xfe,
    0x70, 0x0, 0x0, 0x0, 0x0, 0x0, 0x0, 0x0,

    /* U+8C61 "象" */
    0x0, 0x0, 0x2, 0x0, 0x0, 0x0, 0x0, 0x0,
    0x0, 0x0, 0x6f, 0xa2, 0x22, 0x0, 0x0, 0x0,
    0x0, 0x5, 0xff, 0xff, 0xff, 0x60, 0x0, 0x0,
    0x1, 0xaf, 0xb2, 0x22, 0xdd, 0x22, 0x21, 0x0,
    0xd, 0xff, 0xff, 0xff, 0xff, 0xff, 0xf8, 0x0,
    0x2, 0x8f, 0x0, 0xc, 0xb0, 0x0, 0xe8, 0x0,
    0x0, 0x6f, 0xcc, 0xef, 0xdc, 0xcc, 0xf8, 0x0,
    0x0, 0x28, 0xef, 0xf9, 0x44, 0x45, 0xa3, 0x0,
    0x7, 0xdf, 0xb3, 0x9f, 0x60, 0x2b, 0xf7, 0x0,
    0x6, 0x83, 0x18, 0xea, 0xfa, 0xfe, 0x20, 0x0,
    0x1, 0x7c, 0xfa, 0x16, 0xfe, 0x7f, 0x40, 0x0,
    0x1, 0xc7, 0x14, 0xcd, 0x9f, 0x1a, 0xe2, 0x0,
    0x0, 0x28, 0xdf, 0x70, 0x5f, 0x11, 0xef, 0x50,
    0x6, 0xfc, 0x63, 0x56, 0xdd, 0x0, 0x1c, 0xd0,
    0x0, 0x20, 0x3, 0xff, 0xc2, 0x0, 0x0, 0x20,
    0x0, 0x0, 0x0, 0x0, 0x0, 0x0, 0x0, 0x0,

    /* U+8D22 "财" */
    0xd, 0xff, 0xff, 0xe0, 0x0, 0x1, 0xf6, 0x0,
    0xd, 0x73, 0x37, 0xe0, 0x0, 0x1, 0xf6, 0x0,
    0xd, 0x49, 0x34, 0xe2, 0x44, 0x45, 0xf9, 0x40,
    0xd, 0x4e, 0x54, 0xe7, 0xff, 0xff, 0xff, 0xf2,
    0xd, 0x4e, 0x54, 0xe0, 0x11, 0x2d, 0xf8, 0x10,
    0xd, 0x4e, 0x54, 0xe0, 0x0, 0x4f, 0xf6, 0x0,
    0xd, 0x4e, 0x54, 0xe0, 0x0, 0xce, 0xf6, 0x0,
    0xd, 0x4e, 0x44, 0xe0, 0x5, 0xf5, 0xf6, 0x0,
    0xd, 0x5f, 0x44, 0xe0, 0x1e, 0xb1, 0xf6, 0x0,
    0xc, 0x7f, 0x13, 0xb1, 0xcf, 0x21, 0xf6, 0x0,
    0x0, 0x8d, 0x97, 0xc, 0xf4, 0x1, 0xf6, 0x0,
    0x1, 0xf6, 0x5f, 0x54, 0x60, 0x1, 0xf6, 0x0,
    0x2d, 0xc0, 0x8, 0xf1, 0x1, 0x78, 0xf6, 0x0,
    0x4b, 0x0, 0x0, 0x60, 0x0, 0xef, 0xb1, 0x0,
    0x0, 0x0, 0x0, 0x0, 0x0, 0x0, 0x0, 0x0,

    /* U+8D39 "费" */
    0x3, 0xff, 0xff, 0xff, 0xff, 0xff, 0xfd, 0x0,
    0x0, 0x0, 0x6, 0xf0, 0xe, 0x80, 0x8d, 0x0,
    0x0, 0x34, 0x49, 0xf4, 0x4f, 0xa4, 0xad, 0x0,
    0x0, 0xcd, 0xbd, 0xfb, 0xbf, 0xdb, 0xba, 0x0,
    0x0, 0xf9, 0x4b, 0xe4, 0x4f, 0xa4, 0x44, 0x30,
    0x1, 0xbb, 0xef, 0xdb, 0xbf, 0xdb, 0xbe, 0xc0,
    0x0, 0x7, 0xfb, 0x0, 0xe, 0x70, 0x7e, 0x90,
    0x9, 0xff, 0xa4, 0x44, 0x4d, 0x94, 0xd9, 0x10,
    0x2, 0x4f, 0xff, 0xff, 0xff, 0xff, 0xf1, 0x0,
    0x0, 0xf, 0x60, 0x4, 0x50, 0x6, 0xf1, 0x0,
    0x0, 0xf, 0x60, 0xe, 0x80, 0x6, 0xf1, 0x0,
    0x0, 0xf, 0x60, 0xbe, 0x48, 0x36, 0xf1, 0x0,
    0x0, 0x15, 0x8e, 0xe3, 0x5c, 0xff, 0xa5, 0x0,
    0x1e, 0xff, 0xd7, 0x10, 0x0, 0x16, 0xbf, 0xc0,
    0x4, 0x41, 0x0, 0x0, 0x0, 0x0, 0x2, 0x20,

    /* U+8D77 "起" */
    0x0, 0x3, 0xf3, 0x0, 0x7f, 0xff, 0xff, 0x50,
    0xb, 0xff, 0xff, 0xfa, 0x25, 0x55, 0x6f, 0x50,
    0x4, 0x57, 0xf7, 0x53, 0x0, 0x0, 0x1f, 0x50,
    0x0, 0x3, 0xf3, 0x0, 0x0, 0x0, 0x1f, 0x50,
    0x17, 0x79, 0xf9, 0x77, 0x25, 0x55, 0x6f, 0x50,
    0x2d, 0xdd, 0xfe, 0xdd, 0x6f, 0xff, 0xff, 0x50,
    0x0, 0x0, 0xe7, 0x0, 0x4f, 0x10, 0x0, 0x0,
    0x8, 0xe0, 0xe8, 0x11, 0x4f, 0x10, 0x1, 0x30,
    0x9, 0xd0, 0xef, 0xfe, 0x4f, 0x10, 0x3, 0xf1,
    0x9, 0xe0, 0xe8, 0x22, 0x4f, 0x85, 0x5a, 0xf0,
    0xa, 0xf7, 0xe7, 0x0, 0xb, 0xef, 0xfe, 0x70,
    0xd, 0xdf, 0xf7, 0x0, 0x0, 0x0, 0x0, 0x0,
    0xf, 0x59, 0xfe, 0x97, 0x76, 0x66, 0x66, 0x73,
    0x6f, 0x10, 0x4a, 0xde, 0xff, 0xff, 0xff, 0xf2,
    0x5, 0x0, 0x0, 0x0, 0x0, 0x0, 0x0, 0x0,

    /* U+8D85 "超" */
    0x0, 0x4, 0xf1, 0x1, 0xff, 0xff, 0xff, 0xe0,
    0x4, 0x69, 0xf7, 0x63, 0x46, 0xf7, 0x4b, 0xd0,
    0xa, 0xde, 0xfe, 0xd6, 0x8, 0xf0, 0xa, 0xc0,
    0x0, 0x4, 0xf1, 0x0, 0x1d, 0x90, 0xc, 0xa0,
    0x9, 0x9b, 0xf9, 0x97, 0xcd, 0x17, 0xaf, 0x60,
    0x9, 0x99, 0xfb, 0x98, 0xa1, 0x3, 0x64, 0x0,
    0x3, 0x50, 0xf4, 0x0, 0x8e, 0xee, 0xee, 0x70,
    0x8, 0xd0, 0xf9, 0x64, 0x9d, 0x55, 0x5f, 0x80,
    0x9, 0xc0, 0xff, 0xf9, 0x9c, 0x0, 0xe, 0x80,
    0x9, 0xf1, 0xf4, 0x0, 0x9c, 0x0, 0xe, 0x80,
    0xa, 0xf8, 0xf4, 0x0, 0x9f, 0xff, 0xff, 0x80,
    0xd, 0xdf, 0xf4, 0x0, 0x23, 0x33, 0x33, 0x20,
    0x1f, 0x48, 0xfe, 0xa8, 0x76, 0x66, 0x66, 0x73,
    0x5f, 0x0, 0x3a, 0xde, 0xff, 0xff, 0xff, 0xf2,
    0x2, 0x0, 0x0, 0x0, 0x0, 0x0, 0x0, 0x0,

    /* U+8DB3 "足" */
    0x0, 0x4f, 0xff, 0xff, 0xff, 0xff, 0xfa, 0x0,
    0x0, 0x4f, 0x86, 0x66, 0x66, 0x66, 0xfa, 0x0,
    0x0, 0x4f, 0x20, 0x0, 0x0, 0x0, 0xea, 0x0,
    0x0, 0x4f, 0x20, 0x0, 0x0, 0x0, 0xea, 0x0,
    0x0, 0x4f, 0x87, 0x77, 0x77, 0x77, 0xfa, 0x0,
    0x0, 0x4f, 0xff, 0xff, 0xff, 0xff, 0xfa, 0x0,
    0x0, 0x0, 0x0, 0x9, 0xe0, 0x0, 0x0, 0x0,
    0x0, 0x9, 0xe0, 0x9, 0xe0, 0x0, 0x0, 0x0,
    0x0, 0xc, 0xc0, 0x9, 0xff, 0xff, 0xff, 0x30,
    0x0, 0xf, 0xe0, 0x9, 0xf6, 0x66, 0x66, 0x10,
    0x0, 0x6f, 0xf9, 0x9, 0xe0, 0x0, 0x0, 0x0,
    0x0, 0xdb, 0x4f, 0xbb, 0xe0, 0x0, 0x0, 0x0,
    0xa, 0xf3, 0x5, 0xef, 0xf9, 0x87, 0x67, 0x72,
    0x1d, 0x60, 0x0, 0x17, 0xbe, 0xff, 0xff, 0xf1,
    0x0, 0x0, 0x0, 0x0, 0x0, 0x0, 0x0, 0x0,

    /* U+8F9B "辛" */
    0x0, 0x0, 0x0, 0x4, 0x10, 0x0, 0x0, 0x0,
    0x0, 0x0, 0x0, 0x1f, 0x80, 0x0, 0x0, 0x0,
    0x0, 0x66, 0x66, 0x6d, 0xf6, 0x66, 0x66, 0x10,
    0x0, 0xff, 0xff, 0xff, 0xff, 0xff, 0xff, 0x20,
    0x0, 0x0, 0xc8, 0x0, 0x0, 0x7e, 0x10, 0x0,
    0x0, 0x0, 0xaf, 0x0, 0x0, 0xdb, 0x0, 0x0,
    0x6, 0x66, 0x9f, 0x86, 0x68, 0xf9, 0x66, 0x60,
    0x1f, 0xff, 0xff, 0xff, 0xff, 0xff, 0xff, 0xf1,
    0x0, 0x0, 0x0, 0xc, 0xb0, 0x0, 0x0, 0x0,
    0x0, 0x0, 0x0, 0xc, 0xb0, 0x0, 0x0, 0x0,
    0x5, 0xff, 0xff, 0xff, 0xff, 0xff, 0xff, 0x60,
    0x2, 0x77, 0x77, 0x7e, 0xd7, 0x77, 0x77, 0x30,
    0x0, 0x0, 0x0, 0xc, 0xb0, 0x0, 0x0, 0x0,
    0x0, 0x0, 0x0, 0xc, 0xb0, 0x0, 0x0, 0x0,
    0x0, 0x0, 0x0, 0xc, 0xb0, 0x0, 0x0, 0x0,

    /* U+8F9E "辞" */
    0x0, 0x0, 0x1, 0x0, 0x0, 0x11, 0x0, 0x0,
    0x1, 0x47, 0xbf, 0x90, 0x0, 0xbc, 0x0, 0x0,
    0x3f, 0xff, 0xd6, 0x12, 0x66, 0x8f, 0x76, 0x60,
    0x2, 0xb, 0xb0, 0x7, 0xff, 0xff, 0xff, 0xf1,
    0x0, 0xb, 0xb0, 0x0, 0x7a, 0x0, 0x4e, 0x20,
    0x4c, 0xcf, 0xfc, 0xc1, 0x4f, 0x20, 0xad, 0x0,
    0x28, 0x8d, 0xd8, 0x82, 0x1d, 0x41, 0xe7, 0x10,
    0x0, 0xb, 0xb0, 0xd, 0xff, 0xff, 0xff, 0xf5,
    0x1, 0x1c, 0xb1, 0x13, 0x44, 0xaf, 0x44, 0x41,
    0xc, 0xff, 0xff, 0xb0, 0x0, 0x8f, 0x0, 0x0,
    0xc, 0x81, 0x1a, 0xb8, 0xff, 0xff, 0xff, 0xf1,
    0xc, 0x80, 0xa, 0xb3, 0x66, 0xbf, 0x66, 0x60,
    0xc, 0xa4, 0x4b, 0xb0, 0x0, 0x8f, 0x0, 0x0,
    0xc, 0xff, 0xff, 0xb0, 0x0, 0x8f, 0x0, 0x0,
    0xc, 0x80, 0x6, 0x60, 0x0, 0x8f, 0x0, 0x0,
    0x0, 0x0, 0x0, 0x0, 0x0, 0x12, 0x0, 0x0,

    /* U+8FB0 "辰" */
    0x0, 0xdf, 0xff, 0xff, 0xff, 0xff, 0xff, 0xc0,
    0x0, 0xdd, 0x77, 0x77, 0x77, 0x77, 0x77, 0x50,
    0x0, 0xda, 0x0, 0x0, 0x0, 0x0, 0x0, 0x0,
    0x0, 0xda, 0x1f, 0xff, 0xff, 0xff, 0xfe, 0x0,
    0x0, 0xea, 0x6, 0x66, 0x66, 0x66, 0x65, 0x0,
    0x0, 0xea, 0x0, 0x0, 0x0, 0x0, 0x0, 0x0,
    0x0, 0xef, 0xff, 0xff, 0xff, 0xff, 0xff, 0xf2,
    0x0, 0xfc, 0x6e, 0xc6, 0xcd, 0x66, 0x69, 0x61,
    0x0, 0xf7, 0xd, 0xa0, 0x4f, 0x30, 0x8f, 0x50,
    0x2, 0xf5, 0xd, 0xa0, 0xd, 0xdb, 0xf6, 0x0,
    0x6, 0xf3, 0xd, 0xa0, 0x2, 0xff, 0x30, 0x0,
    0x9, 0xf0, 0xd, 0xa1, 0x56, 0x5f, 0xd2, 0x0,
    0xf, 0xb0, 0x2f, 0xff, 0xf8, 0x4, 0xef, 0xb2,
    0x4f, 0x40, 0x4f, 0xb6, 0x10, 0x0, 0x17, 0xb0,
    0x2, 0x0, 0x1, 0x0, 0x0, 0x0, 0x0, 0x0,

    /* U+8FC1 "迁" */
    0x0, 0x0, 0x0, 0x0, 0x0, 0x0, 0x2, 0x0,
    0x8, 0xa0, 0x0, 0x1, 0x46, 0x9c, 0xff, 0x20,
    0x4, 0xfb, 0x5, 0xff, 0xff, 0xf9, 0x62, 0x0,
    0x0, 0x5f, 0x50, 0x32, 0x8, 0xe0, 0x0, 0x0,
    0x0, 0x3, 0x0, 0x0, 0x8, 0xe0, 0x0, 0x0,
    0x0, 0x0, 0x0, 0x0, 0x8, 0xe0, 0x0, 0x0,
    0x4, 0x44, 0x1e, 0xff, 0xff, 0xff, 0xff, 0xf5,
    0x2f, 0xff, 0x55, 0x55, 0x5b, 0xf5, 0x55, 0x51,
    0x0, 0x2f, 0x50, 0x0, 0x8, 0xe0, 0x0, 0x0,
    0x0, 0x1f, 0x50, 0x0, 0x8, 0xe0, 0x0, 0x0,
    0x0, 0x1f, 0x50, 0x0, 0x8, 0xe0, 0x0, 0x0,
    0x0, 0x2f, 0x50, 0x0, 0x8, 0xe0, 0x0, 0x0,
    0x1, 0xbf, 0xc1, 0x0, 0x8, 0xe0, 0x0, 0x0,
    0x1d, 0xd3, 0x9f, 0xb6, 0x54, 0x55, 0x67, 0x95,
    0x1d, 0x20, 0x3, 0x9e, 0xff, 0xff, 0xff, 0xe4,
    0x0, 0x0, 0x0, 0x0, 0x0, 0x0, 0x0, 0x0,

    /* U+8FD0 "运" */
    0x0, 0x0, 0x0, 0x0, 0x0, 0x0, 0x0, 0x0,
    0x9, 0xc2, 0x0, 0xef, 0xff, 0xff, 0xff, 0x10,
    0x2, 0xdf, 0x40, 0x56, 0x66, 0x66, 0x66, 0x0,
    0x0, 0x1c, 0x70, 0x0, 0x0, 0x0, 0x0, 0x0,
    0x0, 0x0, 0x1, 0x11, 0x11, 0x11, 0x11, 0x10,
    0x0, 0x0, 0xf, 0xff, 0xff, 0xff, 0xff, 0xf3,
    0x4f, 0xff, 0x36, 0x67, 0xfd, 0x66, 0x66, 0x61,
    0x26, 0x8f, 0x30, 0x6, 0xf5, 0xb, 0x60, 0x0,
    0x0, 0x3f, 0x30, 0xe, 0xc0, 0x9, 0xf1, 0x0,
    0x0, 0x3f, 0x30, 0x7f, 0x30, 0x1, 0xea, 0x0,
    0x0, 0x3f, 0x33, 0xfe, 0xbc, 0xef, 0xff, 0x30,
    0x0, 0x3f, 0x32, 0xfc, 0xb9, 0x76, 0x4e, 0xb0,
    0x1, 0xaf, 0xb2, 0x0, 0x0, 0x0, 0x3, 0x0,
    0x1d, 0xf8, 0xcf, 0xc8, 0x76, 0x67, 0x78, 0x93,
    0xd, 0x40, 0x5, 0xae, 0xff, 0xff, 0xff, 0xe1,
    0x0, 0x0, 0x0, 0x0, 0x0, 0x0, 0x0, 0x0,

    /* U+8FD1 "近" */
    0x1, 0x50, 0x0, 0x0, 0x12, 0x46, 0x9c, 0x20,
    0x7, 0xf5, 0x0, 0x6f, 0xff, 0xfe, 0xc8, 0x40,
    0x0, 0xaf, 0x20, 0x6f, 0x42, 0x0, 0x0, 0x0,
    0x0, 0x1e, 0x70, 0x6f, 0x0, 0x0, 0x0, 0x0,
    0x0, 0x1, 0x0, 0x7f, 0x0, 0x0, 0x0, 0x0,
    0x0, 0x0, 0x0, 0x7f, 0xdd, 0xdd, 0xdd, 0xd2,
    0x8, 0x88, 0x20, 0x8f, 0xcb, 0xcf, 0xdb, 0xb2,
    0x1f, 0xff, 0x50, 0x9e, 0x0, 0x1f, 0x50, 0x0,
    0x0, 0x1f, 0x50, 0xbc, 0x0, 0x1f, 0x50, 0x0,
    0x0, 0x1f, 0x50, 0xfa, 0x0, 0x1f, 0x50, 0x0,
    0x0, 0x1f, 0x54, 0xf6, 0x0, 0x1f, 0x50, 0x0,
    0x0, 0x2f, 0x5b, 0xf1, 0x0, 0x1f, 0x50, 0x0,
    0x2, 0xcf, 0xc5, 0x50, 0x0, 0x9, 0x30, 0x0,
    0x1e, 0xe6, 0xcf, 0xc7, 0x65, 0x66, 0x78, 0x93,
    0x1d, 0x30, 0x5, 0xbe, 0xff, 0xff, 0xff, 0xe1,
    0x0, 0x0, 0x0, 0x0, 0x0, 0x0, 0x0, 0x0,

    /* U+9000 "退" */
    0x0, 0x0, 0x0, 0x0, 0x0, 0x0, 0x0, 0x0,
    0x6, 0xc0, 0x0, 0xef, 0xff, 0xff, 0xf8, 0x0,
    0x3, 0xfc, 0x0, 0xea, 0x33, 0x33, 0xf8, 0x0,
    0x0, 0x5f, 0x70, 0xea, 0x22, 0x22, 0xe8, 0x0,
    0x0, 0x7, 0x10, 0xef, 0xff, 0xff, 0xf8, 0x0,
    0x0, 0x0, 0x0, 0xe9, 0x0, 0x0, 0xe8, 0x0,
    0x2f, 0xff, 0x40, 0xef, 0xff, 0xff, 0xf8, 0x0,
    0x6, 0x8f, 0x40, 0xea, 0x26, 0x32, 0x4d, 0x50,
    0x0, 0x2f, 0x40, 0xe9, 0xc, 0xe8, 0xfb, 0x10,
    0x0, 0x2f, 0x40, 0xe9, 0x0, 0x9f, 0xa0, 0x0,
    0x0, 0x2f, 0x41, 0xfc, 0xae, 0x27, 0xf7, 0x0,
    0x0, 0x2f, 0x46, 0xfe, 0xa6, 0x0, 0x6f, 0x30,
    0x0, 0xaf, 0xd3, 0x40, 0x0, 0x0, 0x2, 0x0,
    0xc, 0xe3, 0x9f, 0xb6, 0x54, 0x45, 0x69, 0xc1,
    0x1e, 0x20, 0x3, 0x9e, 0xff, 0xff, 0xff, 0xd0,
    0x1, 0x0, 0x0, 0x0, 0x1, 0x10, 0x0, 0x0,

    /* U+9009 "选" */
    0x4, 0x40, 0x0, 0x18, 0x27, 0xf0, 0x0, 0x0,
    0x8, 0xf7, 0x0, 0x7f, 0x5a, 0xf5, 0x44, 0x20,
    0x0, 0x8f, 0x41, 0xef, 0xff, 0xff, 0xff, 0x70,
    0x0, 0x5, 0xa, 0xe1, 0x7, 0xf0, 0x0, 0x0,
    0x0, 0x0, 0x1, 0x30, 0x7, 0xf0, 0x0, 0x0,
    0x5, 0x55, 0xc, 0xee, 0xef, 0xfe, 0xee, 0xe2,
    0x1f, 0xff, 0x25, 0x58, 0xf9, 0x8f, 0x85, 0x51,
    0x0, 0x4f, 0x20, 0x6, 0xf2, 0x3f, 0x30, 0x0,
    0x0, 0x3f, 0x20, 0xd, 0xd0, 0x3f, 0x30, 0x71,
    0x0, 0x3f, 0x21, 0xaf, 0x50, 0x3f, 0x31, 0xf4,
    0x0, 0x3f, 0x3e, 0xf6, 0x0, 0x1f, 0xff, 0xf1,
    0x0, 0x7f, 0xc7, 0x10, 0x0, 0x3, 0x66, 0x30,
    0xa, 0xfb, 0xbf, 0xc7, 0x65, 0x55, 0x67, 0x83,
    0xd, 0x80, 0x4, 0xae, 0xff, 0xff, 0xff, 0xe1,
    0x1, 0x0, 0x0, 0x0, 0x0, 0x10, 0x0, 0x0,

    /* U+9149 "酉" */
    0xff, 0xff, 0xff, 0xff, 0xff, 0xff, 0xff, 0x7,
    0x77, 0x7b, 0xf7, 0x7f, 0xa7, 0x77, 0x70, 0x0,
    0x0, 0x6f, 0x0, 0xf6, 0x0, 0x0, 0x0, 0x33,
    0x38, 0xf3, 0x4f, 0x83, 0x33, 0x0, 0x2f, 0xff,
    0xff, 0xff, 0xff, 0xff, 0xf3, 0x2, 0xf4, 0x18,
    0xf1, 0x2f, 0x71, 0x4f, 0x30, 0x2f, 0x30, 0xdc,
    0x0, 0xf6, 0x3, 0xf3, 0x2, 0xf9, 0xdf, 0x40,
    0xe, 0xfd, 0xef, 0x30, 0x2f, 0xbc, 0x40, 0x0,
    0x25, 0x57, 0xf3, 0x2, 0xf6, 0x44, 0x44, 0x44,
    0x44, 0x7f, 0x30, 0x2f, 0xff, 0xff, 0xff, 0xff,
    0xff, 0xf3, 0x2, 0xf3, 0x0, 0x0, 0x0, 0x0,
    0x3f, 0x30, 0x2f, 0xff, 0xff, 0xff, 0xff, 0xff,
    0xf3, 0x2, 0xf7, 0x55, 0x55, 0x55, 0x55, 0x7f,
    0x30,

    /* U+91D1 "金" */
    0x0, 0x0, 0x0, 0x4, 0x81, 0x0, 0x0, 0x0,
    0x0, 0x0, 0x0, 0x2f, 0xf2, 0x0, 0x0, 0x0,
    0x0, 0x0, 0x4, 0xed, 0xce, 0x40, 0x0, 0x0,
    0x0, 0x1, 0x9f, 0xb0, 0xa, 0xf9, 0x10, 0x0,
    0x2, 0x8e, 0xf8, 0x0, 0x0, 0x6f, 0xf8, 0x20,
    0x2f, 0xfd, 0xff, 0xff, 0xff, 0xff, 0xbf, 0xf4,
    0x6, 0x30, 0x66, 0x6d, 0xe6, 0x66, 0x11, 0x50,
    0x0, 0x0, 0x0, 0xc, 0xc0, 0x0, 0x0, 0x0,
    0x0, 0x66, 0x66, 0x6d, 0xe6, 0x66, 0x66, 0x0,
    0x0, 0xff, 0xff, 0xff, 0xff, 0xff, 0xff, 0x20,
    0x0, 0x6, 0x80, 0xc, 0xc0, 0x8, 0x70, 0x0,
    0x0, 0x5, 0xf3, 0xc, 0xc0, 0x1f, 0x70, 0x0,
    0x0, 0x0, 0xda, 0xc, 0xc0, 0xad, 0x0, 0x0,
    0x4, 0x55, 0x98, 0x5d, 0xd5, 0xa8, 0x55, 0x50,
    0xc, 0xff, 0xff, 0xff, 0xff, 0xff, 0xff, 0xe0,

    /* U+9519 "错" */
    0x0, 0x6b, 0x0, 0x0, 0x7e, 0x2, 0xf2, 0x0,
    0x0, 0xec, 0x77, 0x34, 0xae, 0x46, 0xf6, 0x40,
    0xa, 0xff, 0xff, 0x6f, 0xff, 0xff, 0xff, 0xe0,
    0x4f, 0x50, 0x0, 0x0, 0x7e, 0x2, 0xf2, 0x0,
    0x9, 0xcc, 0xcc, 0x44, 0x9e, 0x46, 0xf6, 0x41,
    0x1, 0x7e, 0xb7, 0x6f, 0xff, 0xff, 0xff, 0xf4,
    0x0, 0xd, 0x70, 0x0, 0x0, 0x0, 0x0, 0x0,
    0x5, 0x5e, 0xa5, 0x33, 0xaa, 0xaa, 0xaa, 0x30,
    0xe, 0xff, 0xff, 0x85, 0xf9, 0x99, 0xaf, 0x40,
    0x0, 0xd, 0x70, 0x5, 0xf3, 0x33, 0x4f, 0x40,
    0x0, 0xd, 0x70, 0x5, 0xff, 0xff, 0xff, 0x40,
    0x0, 0xe, 0xcd, 0x65, 0xf0, 0x0, 0x1f, 0x40,
    0x0, 0x6f, 0xe7, 0x5, 0xfd, 0xdd, 0xdf, 0x40,
    0x0, 0x38, 0x0, 0x5, 0xf5, 0x55, 0x6e, 0x40,

    /* U+957F "长" */
    0x0, 0x2, 0xf6, 0x0, 0x0, 0x3, 0xa2, 0x0,
    0x0, 0x2, 0xf6, 0x0, 0x0, 0x6f, 0xc1, 0x0,
    0x0, 0x2, 0xf6, 0x0, 0x3b, 0xf9, 0x0, 0x0,
    0x0, 0x2, 0xf6, 0x3b, 0xfe, 0x50, 0x0, 0x0,
    0x0, 0x2, 0xf6, 0x1c, 0x70, 0x0, 0x0, 0x0,
    0x4, 0x46, 0xf9, 0x44, 0x44, 0x44, 0x44, 0x40,
    0xf, 0xff, 0xff, 0xff, 0xff, 0xff, 0xff, 0xf1,
    0x2, 0x24, 0xf7, 0x24, 0xf8, 0x22, 0x22, 0x20,
    0x0, 0x2, 0xf6, 0x0, 0xae, 0x10, 0x0, 0x0,
    0x0, 0x2, 0xf6, 0x0, 0x2f, 0xb0, 0x0, 0x0,
    0x0, 0x2, 0xf6, 0x0, 0x5, 0xfb, 0x10, 0x0,
    0x0, 0x2, 0xf7, 0x48, 0xb0, 0x7f, 0xe6, 0x0,
    0x0, 0x7, 0xff, 0xff, 0xb1, 0x4, 0xef, 0xf2,
    0x0, 0x8, 0xd8, 0x30, 0x0, 0x0, 0x6, 0x80,
    0x0, 0x0, 0x0, 0x0, 0x0, 0x0, 0x0, 0x0,

    /* U+963B "阻" */
    0x0, 0x0, 0x0, 0x0, 0x0, 0x0, 0x0, 0x7,
    0xff, 0xff, 0x49, 0xcc, 0xcc, 0xcc, 0x20, 0x7f,
    0x58, 0xf2, 0xbd, 0x88, 0x8a, 0xf3, 0x7, 0xe0,
    0xac, 0xb, 0xb0, 0x0, 0x3f, 0x30, 0x7e, 0xf,
    0x50, 0xbb, 0x0, 0x3, 0xf3, 0x7, 0xe5, 0xf1,
    0xb, 0xfe, 0xee, 0xef, 0x30, 0x7e, 0xd, 0x90,
    0xbd, 0x66, 0x69, 0xf3, 0x7, 0xe0, 0x4f, 0x1b,
    0xb0, 0x0, 0x3f, 0x30, 0x7e, 0x0, 0xf4, 0xbb,
    0x0, 0x3, 0xf3, 0x7, 0xe0, 0x1f, 0x5b, 0xfd,
    0xdd, 0xef, 0x30, 0x7e, 0x8f, 0xf1, 0xbd, 0x88,
    0x8a, 0xf3, 0x7, 0xe3, 0x62, 0xb, 0xb0, 0x0,
    0x3f, 0x30, 0x7e, 0x0, 0x0, 0xbb, 0x0, 0x3,
    0xf3, 0x7, 0xe0, 0x2, 0x6d, 0xd6, 0x66, 0x9f,
    0x83, 0x7e, 0x0, 0x6f, 0xff, 0xff, 0xff, 0xff,
    0x70,

    /* U+9648 "陈" */
    0x0, 0x0, 0x0, 0x7, 0xa0, 0x0, 0x0, 0xe,
    0xff, 0xf8, 0x0, 0xbe, 0x0, 0x0, 0x0, 0xea,
    0x5f, 0x95, 0x5e, 0xd5, 0x55, 0x54, 0xe, 0x63,
    0xf6, 0xff, 0xff, 0xff, 0xff, 0xd0, 0xe6, 0x7d,
    0x0, 0x8f, 0x11, 0x0, 0x0, 0xe, 0x6b, 0x80,
    0xd, 0xa5, 0xf1, 0x0, 0x0, 0xe6, 0xab, 0x3,
    0xf3, 0x5f, 0x10, 0x0, 0xe, 0x62, 0xf4, 0xcf,
    0x69, 0xf7, 0x66, 0x20, 0xe6, 0xd, 0x8c, 0xff,
    0xff, 0xff, 0xf5, 0xe, 0x60, 0xe9, 0x0, 0x5,
    0xf1, 0x0, 0x0, 0xe8, 0xef, 0x54, 0xf3, 0x5f,
    0x19, 0xa0, 0xe, 0x66, 0x40, 0xbd, 0x5, 0xf1,
    0x4f, 0x30, 0xe6, 0x0, 0x6f, 0x40, 0x5f, 0x10,
    0xcb, 0xe, 0x60, 0xb, 0x80, 0x7a, 0xf1, 0x5,
    0xb0, 0xe6, 0x0, 0x0, 0xc, 0xe9, 0x0, 0x0,
    0x0,

    /* U+96C0 "雀" */
    0x0, 0x0, 0x41, 0xe, 0x70, 0x5, 0x0, 0x0,
    0x0, 0x4, 0xf7, 0xe, 0x70, 0x2e, 0xd2, 0x0,
    0x0, 0x2e, 0xc0, 0xe, 0x72, 0xca, 0xce, 0x30,
    0x2, 0xfc, 0x10, 0xe, 0xdf, 0xc2, 0x1d, 0xa0,
    0x0, 0x41, 0x3, 0x9f, 0xe9, 0x0, 0x0, 0x0,
    0x2, 0x69, 0xef, 0xc5, 0x6f, 0x30, 0x0, 0x0,
    0x2f, 0xfe, 0xff, 0xff, 0xff, 0xff, 0xff, 0x90,
    0x2, 0x15, 0xf4, 0x22, 0x5f, 0x72, 0x22, 0x10,
    0x0, 0x5, 0xfc, 0xcc, 0xcf, 0xdc, 0xcb, 0x0,
    0x0, 0x5, 0xf4, 0x33, 0x5f, 0x73, 0x32, 0x0,
    0x0, 0x5, 0xfd, 0xcc, 0xdf, 0xdc, 0xcb, 0x0,
    0x0, 0x5, 0xf4, 0x33, 0x5f, 0x73, 0x33, 0x0,
    0x0, 0x5, 0xf5, 0x33, 0x5f, 0x73, 0x33, 0x20,
    0x0, 0x5, 0xfe, 0xee, 0xee, 0xee, 0xee, 0xb0,

    /* U+9707 "震" */
    0x0, 0xff, 0xff, 0xff, 0xff, 0xff, 0xfa, 0x0,
    0x3, 0x44, 0x44, 0x4f, 0xa4, 0x44, 0x44, 0x20,
    0xe, 0xda, 0xaa, 0xaf, 0xda, 0xaa, 0xae, 0xb0,
    0xe, 0x7a, 0xaa, 0x4e, 0x88, 0xaa, 0x6c, 0xb0,
    0x9, 0x42, 0x22, 0x1e, 0x82, 0x22, 0x18, 0x70,
    0x0, 0x3b, 0xbb, 0x4e, 0x89, 0xbb, 0xb0, 0x0,
    0x0, 0xcc, 0xcc, 0xcc, 0xcc, 0xcc, 0xcc, 0x60,
    0x0, 0xf8, 0x44, 0x44, 0x44, 0x44, 0x44, 0x20,
    0x0, 0xf6, 0xef, 0xff, 0xff, 0xff, 0xf7, 0x0,
    0x1, 0xf7, 0x33, 0x33, 0x33, 0x33, 0x33, 0x20,
    0x3, 0xfe, 0xff, 0xdd, 0xfe, 0xdd, 0xee, 0xd2,
    0x6, 0xf1, 0x9d, 0x0, 0x7e, 0x44, 0xd9, 0x0,
    0xd, 0xc0, 0xcd, 0x24, 0x78, 0xff, 0xb4, 0x10,
    0x6f, 0x33, 0xff, 0xfd, 0xa1, 0x17, 0xcf, 0xf2,
    0x4, 0x0, 0x52, 0x0, 0x0, 0x0, 0x0, 0x10,

    /* U+9752 "青" */
    0xf, 0xff, 0xff, 0xff, 0xff, 0xff, 0xf2, 0x2,
    0x22, 0x22, 0xdb, 0x22, 0x22, 0x20, 0x1, 0x33,
    0x33, 0xdc, 0x33, 0x33, 0x10, 0x6, 0xee, 0xee,
    0xff, 0xee, 0xee, 0x60, 0x33, 0x33, 0x33, 0xdc,
    0x33, 0x33, 0x33, 0xff, 0xff, 0xff, 0xff, 0xff,
    0xff, 0xff, 0x0, 0x22, 0x22, 0x22, 0x22, 0x22,
    0x0, 0x0, 0xdf, 0xff, 0xff, 0xff, 0xff, 0x0,
    0x0, 0xda, 0x0, 0x0, 0x0, 0x9f, 0x0, 0x0,
    0xdf, 0xff, 0xff, 0xff, 0xff, 0x0, 0x0, 0xda,
    0x0, 0x0, 0x0, 0x9f, 0x0, 0x0, 0xdf, 0xee,
    0xee, 0xee, 0xff, 0x0, 0x0, 0xd9, 0x0, 0x0,
    0x33, 0xbf, 0x0, 0x0, 0xd9, 0x0, 0x0, 0xbe,
    0xd8, 0x0,

    /* U+9759 "静" */
    0x0, 0x0, 0x0, 0x0, 0x0, 0x0, 0x0, 0x0,
    0x0, 0x5, 0xf2, 0x0, 0x4, 0xe1, 0x0, 0x0,
    0xe, 0xff, 0xff, 0xfb, 0xc, 0xff, 0xfc, 0x0,
    0x1, 0x36, 0xf4, 0x31, 0x8f, 0x44, 0xf9, 0x0,
    0x7, 0xde, 0xfd, 0xdb, 0xfa, 0x39, 0xf4, 0x20,
    0x4, 0x48, 0xf6, 0x44, 0x9f, 0xff, 0xff, 0xe0,
    0x2e, 0xee, 0xee, 0xed, 0x0, 0x7e, 0x6, 0xe0,
    0x1, 0x33, 0x33, 0x32, 0x44, 0x9f, 0x48, 0xf3,
    0x5, 0xfe, 0xee, 0xf8, 0xff, 0xff, 0xff, 0xfc,
    0x5, 0xf2, 0x24, 0xf3, 0x0, 0x7e, 0x6, 0xe0,
    0x5, 0xfd, 0xdd, 0xf3, 0x37, 0xbf, 0x7b, 0xe0,
    0x5, 0xf3, 0x34, 0xf3, 0x5b, 0xdf, 0xbd, 0xe0,
    0x5, 0xfc, 0xcd, 0xf3, 0x0, 0x7e, 0x2, 0x40,
    0x5, 0xe0, 0x24, 0xf3, 0x16, 0xae, 0x0, 0x0,
    0x5, 0xe0, 0x6f, 0xc0, 0xe, 0xe8, 0x0, 0x0,

    /* U+97F3 "音" */
    0x0, 0x0, 0x0, 0x6, 0x30, 0x0, 0x0, 0x0,
    0x0, 0x0, 0x0, 0xd, 0xd0, 0x0, 0x0, 0x0,
    0x2, 0xff, 0xff, 0xff, 0xff, 0xff, 0xff, 0x50,
    0x0, 0x44, 0xc9, 0x44, 0x44, 0x9d, 0x64, 0x10,
    0x0, 0x0, 0xce, 0x0, 0x0, 0xce, 0x0, 0x0,
    0x5, 0x55, 0xaf, 0x85, 0x57, 0xfb, 0x55, 0x50,
    0x1f, 0xff, 0xff, 0xff, 0xff, 0xff, 0xff, 0xf1,
    0x0, 0x0, 0x0, 0x0, 0x0, 0x0, 0x0, 0x0,
    0x0, 0xf, 0xff, 0xff, 0xff, 0xff, 0xf2, 0x0,
    0x0, 0xf, 0xa4, 0x44, 0x44, 0x48, 0xf2, 0x0,
    0x0, 0xf, 0x92, 0x22, 0x22, 0x28, 0xf2, 0x0,
    0x0, 0xf, 0xff, 0xff, 0xff, 0xff, 0xf2, 0x0,
    0x0, 0xf, 0x70, 0x0, 0x0, 0x6, 0xf2, 0x0,
    0x0, 0xf, 0xa5, 0x55, 0x55, 0x59, 0xf2, 0x0,
    0x0, 0xf, 0xfe, 0xee, 0xee, 0xef, 0xf2, 0x0,

    /* U+9875 "页" */
    0xc, 0xff, 0xff, 0xff, 0xff, 0xff, 0xff, 0xe0,
    0x45, 0x55, 0x57, 0xfb, 0x55, 0x55, 0x55, 0x0,
    0x0, 0x0, 0x5f, 0x30, 0x0, 0x0, 0x0, 0x2,
    0x66, 0x6c, 0xf6, 0x66, 0x66, 0x30, 0x0, 0x5f,
    0xff, 0xff, 0xff, 0xff, 0xf8, 0x0, 0x5, 0xf2,
    0x0, 0x22, 0x0, 0xf, 0x80, 0x0, 0x5f, 0x20,
    0xb, 0xd0, 0x0, 0xf8, 0x0, 0x5, 0xf2, 0x0,
    0xbd, 0x0, 0xf, 0x80, 0x0, 0x5f, 0x20, 0xb,
    0xd0, 0x0, 0xf8, 0x0, 0x5, 0xf2, 0x0, 0xdb,
    0x0, 0xf, 0x80, 0x0, 0x5f, 0x20, 0x5f, 0x76,
    0x20, 0xe8, 0x0, 0x0, 0x0, 0x6f, 0xc2, 0xcf,
    0xb3, 0x0, 0x0, 0x38, 0xef, 0xa0, 0x0, 0x4c,
    0xfa, 0x20, 0xdf, 0xe9, 0x30, 0x0, 0x0, 0x6,
    0xeb, 0x2, 0x20, 0x0, 0x0, 0x0, 0x0, 0x1,
    0x10,

    /* U+987A "顺" */
    0x0, 0x0, 0x0, 0x0, 0x0, 0x0, 0x0, 0x0,
    0xd6, 0x0, 0x5e, 0x7f, 0xff, 0xff, 0xff, 0xd,
    0x69, 0x35, 0xe2, 0x44, 0xce, 0x44, 0x40, 0xd6,
    0xd4, 0x5e, 0x3, 0x3e, 0xa3, 0x31, 0xd, 0x6d,
    0x45, 0xe1, 0xff, 0xff, 0xff, 0x70, 0xd6, 0xd4,
    0x5e, 0x1f, 0x51, 0x11, 0xe7, 0xd, 0x6d, 0x45,
    0xe1, 0xf3, 0x5b, 0xe, 0x70, 0xd6, 0xd4, 0x5e,
    0x1f, 0x37, 0xe0, 0xe7, 0xd, 0x6d, 0x45, 0xe1,
    0xf3, 0x7e, 0xe, 0x70, 0xe5, 0xd4, 0x5e, 0x1f,
    0x37, 0xe0, 0xe7, 0xf, 0x4d, 0x45, 0xe1, 0xf3,
    0x8c, 0xe, 0x70, 0xf4, 0xd4, 0x5e, 0x8, 0x1d,
    0xd2, 0x73, 0x4f, 0x1d, 0x45, 0xe0, 0x6, 0xfc,
    0xe2, 0x8, 0xe0, 0x0, 0x5e, 0x6, 0xf8, 0xb,
    0xe2, 0x99, 0x0, 0x5, 0xea, 0xf8, 0x0, 0xc,
    0xb0, 0x20, 0x0, 0x0, 0x22, 0x0, 0x0, 0x11,

    /* U+9996 "首" */
    0x0, 0x0, 0x40, 0x0, 0x0, 0x5, 0x10, 0x0,
    0x0, 0x2, 0xfb, 0x0, 0x0, 0x9f, 0x40, 0x0,
    0x3, 0x33, 0x9f, 0x63, 0x35, 0xfb, 0x33, 0x30,
    0x1f, 0xff, 0xff, 0xff, 0xff, 0xff, 0xff, 0xf2,
    0x1, 0x11, 0x11, 0x2f, 0xc1, 0x11, 0x11, 0x10,
    0x0, 0x26, 0x66, 0x7f, 0xb6, 0x66, 0x62, 0x0,
    0x0, 0x6f, 0xee, 0xee, 0xee, 0xee, 0xf5, 0x0,
    0x0, 0x6f, 0x10, 0x0, 0x0, 0x2, 0xf5, 0x0,
    0x0, 0x6f, 0xff, 0xff, 0xff, 0xff, 0xf5, 0x0,
    0x0, 0x6f, 0x32, 0x22, 0x22, 0x25, 0xf5, 0x0,
    0x0, 0x6f, 0x53, 0x33, 0x33, 0x36, 0xf5, 0x0,
    0x0, 0x6f, 0xee, 0xee, 0xee, 0xee, 0xf5, 0x0,
    0x0, 0x6f, 0x10, 0x0, 0x0, 0x2, 0xf5, 0x0,
    0x0, 0x6f, 0xff, 0xff, 0xff, 0xff, 0xf5, 0x0,
    0x0, 0x6f, 0x65, 0x55, 0x55, 0x57, 0xf5, 0x0,

    /* U+9B3C "鬼" */
    0x0, 0x0, 0x0, 0x7, 0x30, 0x0, 0x0, 0x0,
    0x0, 0x0, 0x0, 0x6f, 0x40, 0x0, 0x0, 0x0,
    0x0, 0x8f, 0xff, 0xff, 0xff, 0xff, 0xf7, 0x0,
    0x0, 0x8f, 0x44, 0x4d, 0xc4, 0x45, 0xf7, 0x0,
    0x0, 0x8f, 0x22, 0x2d, 0xb2, 0x23, 0xf7, 0x0,
    0x0, 0x8f, 0xff, 0xff, 0xff, 0xff, 0xf7, 0x0,
    0x0, 0x8f, 0x0, 0xe, 0x90, 0x1, 0xf7, 0x0,
    0x0, 0x8f, 0x44, 0x5f, 0xa4, 0x45, 0xf7, 0x0,
    0x0, 0x8f, 0xff, 0xff, 0xff, 0xff, 0xf7, 0x0,
    0x0, 0x0, 0x0, 0xbf, 0x91, 0x1b, 0x10, 0x0,
    0x0, 0x0, 0x5, 0xfa, 0xf3, 0x7c, 0x56, 0x0,
    0x0, 0x0, 0x3f, 0xc4, 0xf5, 0xfa, 0xbf, 0x0,
    0x0, 0x6, 0xfd, 0x14, 0xf5, 0xc8, 0x68, 0xa2,
    0x3, 0xcf, 0xb1, 0x3, 0xf8, 0x43, 0x35, 0xf4,
    0xc, 0xe5, 0x0, 0x0, 0xbf, 0xff, 0xff, 0xb0,
    0x0, 0x0, 0x0, 0x0, 0x0, 0x0, 0x0, 0x0,

    /* U+9ED8 "默" */
    0x8, 0xff, 0xff, 0xfd, 0x0, 0x2f, 0x84, 0x0,
    0x8, 0xa2, 0xc3, 0x7d, 0x0, 0x2f, 0x8e, 0x10,
    0x8, 0xb8, 0xc7, 0xcd, 0x0, 0x2f, 0x1c, 0x90,
    0x8, 0x9b, 0xcb, 0x7d, 0x0, 0x2f, 0x12, 0x10,
    0x8, 0x93, 0xc6, 0x5d, 0xae, 0xef, 0xee, 0xe2,
    0x8, 0xff, 0xff, 0xfd, 0x68, 0xaf, 0x98, 0x81,
    0x0, 0x11, 0xf5, 0x10, 0x0, 0x6f, 0x40, 0x0,
    0x9, 0xff, 0xff, 0xfc, 0x0, 0x8f, 0x80, 0x0,
    0x0, 0x0, 0xf5, 0x11, 0x0, 0xce, 0xd0, 0x0,
    0xc, 0xde, 0xff, 0xff, 0x1, 0xf4, 0xf3, 0x0,
    0x7, 0x75, 0x54, 0x43, 0x8, 0xe0, 0xaa, 0x0,
    0x6, 0xaa, 0x5c, 0x78, 0x1f, 0x80, 0x4f, 0x40,
    0xd, 0x4a, 0x5d, 0x2b, 0xce, 0x0, 0xb, 0xe3,
    0x2c, 0x7, 0x46, 0x12, 0xe4, 0x0, 0x1, 0xd3,
    0x0, 0x0, 0x0, 0x0, 0x0, 0x0, 0x0, 0x0,

    /* U+9F99 "龙" */
    0x0, 0x0, 0x0, 0x0, 0x0, 0x0, 0x0, 0x0,
    0x0, 0x0, 0x6, 0xf2, 0x2, 0x92, 0x0, 0x0,
    0x0, 0x0, 0x7, 0xf1, 0x0, 0x9f, 0x70, 0x0,
    0x0, 0x0, 0x8, 0xf0, 0x0, 0x4, 0x90, 0x0,
    0x1f, 0xff, 0xff, 0xff, 0xff, 0xff, 0xff, 0xf0,
    0x6, 0x66, 0x6e, 0xd6, 0xce, 0x66, 0x66, 0x60,
    0x0, 0x0, 0xf, 0x90, 0x9d, 0x0, 0x48, 0x0,
    0x0, 0x0, 0x2f, 0x60, 0x9d, 0x0, 0xdc, 0x0,
    0x0, 0x0, 0x6f, 0x20, 0x9d, 0x9, 0xf2, 0x0,
    0x0, 0x0, 0xcd, 0x0, 0x9d, 0x6f, 0x70, 0x0,
    0x0, 0x3, 0xf7, 0x0, 0x9f, 0xf9, 0x0, 0x0,
    0x0, 0xd, 0xe1, 0x0, 0xbf, 0xa0, 0x0, 0x10,
    0x0, 0xaf, 0x50, 0x4d, 0xfe, 0x0, 0x0, 0xf3,
    0x1c, 0xfa, 0x9, 0xfe, 0xcf, 0x65, 0x59, 0xf2,
    0x1d, 0x80, 0x4, 0x80, 0x3d, 0xff, 0xff, 0xa0,
    0x0, 0x0, 0x0, 0x0, 0x0, 0x0, 0x0, 0x0,

    /* U+FF0C "，" */
    0x8, 0xc2, 0xf, 0xf9, 0x6, 0xeb, 0x0, 0xe7,
    0x3d, 0xd0, 0x48, 0x0
};


/*---------------------
 *  GLYPH DESCRIPTION
 *--------------------*/

static const lv_font_fmt_txt_glyph_dsc_t glyph_dsc[] = {
    {.bitmap_index = 0, .adv_w = 0, .box_w = 0, .box_h = 0, .ofs_x = 0, .ofs_y = 0} /* id = 0 reserved */,
    {.bitmap_index = 0, .adv_w = 58, .box_w = 0, .box_h = 0, .ofs_x = 0, .ofs_y = 0},
    {.bitmap_index = 0, .adv_w = 88, .box_w = 3, .box_h = 12, .ofs_x = 1, .ofs_y = 0},
    {.bitmap_index = 18, .adv_w = 133, .box_w = 6, .box_h = 6, .ofs_x = 1, .ofs_y = 7},
    {.bitmap_index = 36, .adv_w = 146, .box_w = 9, .box_h = 12, .ofs_x = 0, .ofs_y = 0},
    {.bitmap_index = 90, .adv_w = 240, .box_w = 15, .box_h = 12, .ofs_x = 0, .ofs_y = 0},
    {.bitmap_index = 180, .adv_w = 180, .box_w = 11, .box_h = 12, .ofs_x = 0, .ofs_y = 0},
    {.bitmap_index = 246, .adv_w = 76, .box_w = 3, .box_h = 6, .ofs_x = 1, .ofs_y = 7},
    {.bitmap_index = 255, .adv_w = 91, .box_w = 4, .box_h = 18, .ofs_x = 1, .ofs_y = -4},
    {.bitmap_index = 291, .adv_w = 91, .box_w = 5, .box_h = 18, .ofs_x = 0, .ofs_y = -4},
    {.bitmap_index = 336, .adv_w = 124, .box_w = 7, .box_h = 6, .ofs_x = 0, .ofs_y = 7},
    {.bitmap_index = 357, .adv_w = 146, .box_w = 9, .box_h = 9, .ofs_x = 0, .ofs_y = 2},
    {.bitmap_index = 398, .adv_w = 76, .box_w = 4, .box_h = 7, .ofs_x = 0, .ofs_y = -4},
    {.bitmap_index = 412, .adv_w = 91, .box_w = 5, .box_h = 3, .ofs_x = 0, .ofs_y = 3},
    {.bitmap_index = 420, .adv_w = 76, .box_w = 3, .box_h = 3, .ofs_x = 1, .ofs_y = 0},
    {.bitmap_index = 425, .adv_w = 100, .box_w = 6, .box_h = 16, .ofs_x = 0, .ofs_y = -3},
    {.bitmap_index = 473, .adv_w = 146, .box_w = 9, .box_h = 12, .ofs_x = 0, .ofs_y = 0},
    {.bitmap_index = 527, .adv_w = 146, .box_w = 8, .box_h = 12, .ofs_x = 1, .ofs_y = 0},
    {.bitmap_index = 575, .adv_w = 146, .box_w = 9, .box_h = 12, .ofs_x = 0, .ofs_y = 0},
    {.bitmap_index = 629, .adv_w = 146, .box_w = 9, .box_h = 12, .ofs_x = 0, .ofs_y = 0},
    {.bitmap_index = 683, .adv_w = 146, .box_w = 9, .box_h = 12, .ofs_x = 0, .ofs_y = 0},
    {.bitmap_index = 737, .adv_w = 146, .box_w = 9, .box_h = 12, .ofs_x = 0, .ofs_y = 0},
    {.bitmap_index = 791, .adv_w = 146, .box_w = 9, .box_h = 12, .ofs_x = 0, .ofs_y = 0},
    {.bitmap_index = 845, .adv_w = 146, .box_w = 9, .box_h = 12, .ofs_x = 0, .ofs_y = 0},
    {.bitmap_index = 899, .adv_w = 146, .box_w = 9, .box_h = 12, .ofs_x = 0, .ofs_y = 0},
    {.bitmap_index = 953, .adv_w = 146, .box_w = 9, .box_h = 12, .ofs_x = 0, .ofs_y = 0},
    {.bitmap_index = 1007, .adv_w = 76, .box_w = 3, .box_h = 9, .ofs_x = 1, .ofs_y = 0},
    {.bitmap_index = 1021, .adv_w = 76, .box_w = 4, .box_h = 13, .ofs_x = 0, .ofs_y = -4},
    {.bitmap_index = 1047, .adv_w = 146, .box_w = 9, .box_h = 8, .ofs_x = 0, .ofs_y = 2},
    {.bitmap_index = 1083, .adv_w = 146, .box_w = 9, .box_h = 6, .ofs_x = 0, .ofs_y = 3},
    {.bitmap_index = 1110, .adv_w = 146, .box_w = 9, .box_h = 8, .ofs_x = 0, .ofs_y = 2},
    {.bitmap_index = 1146, .adv_w = 126, .box_w = 8, .box_h = 12, .ofs_x = 0, .ofs_y = 0},
    {.bitmap_index = 1194, .adv_w = 159, .box_w = 10, .box_h = 12, .ofs_x = 0, .ofs_y = 0},
    {.bitmap_index = 1254, .adv_w = 171, .box_w = 9, .box_h = 12, .ofs_x = 1, .ofs_y = 0},
    {.bitmap_index = 1308, .adv_w = 165, .box_w = 10, .box_h = 12, .ofs_x = 0, .ofs_y = 0},
    {.bitmap_index = 1368, .adv_w = 179, .box_w = 10, .box_h = 12, .ofs_x = 1, .ofs_y = 0},
    {.bitmap_index = 1428, .adv_w = 154, .box_w = 8, .box_h = 12, .ofs_x = 1, .ofs_y = 0},
    {.bitmap_index = 1476, .adv_w = 145, .box_w = 8, .box_h = 12, .ofs_x = 1, .ofs_y = 0},
    {.bitmap_index = 1524, .adv_w = 179, .box_w = 11, .box_h = 12, .ofs_x = 0, .ofs_y = 0},
    {.bitmap_index = 1590, .adv_w = 189, .box_w = 10, .box_h = 12, .ofs_x = 1, .ofs_y = 0},
    {.bitmap_index = 1650, .adv_w = 79, .box_w = 3, .box_h = 12, .ofs_x = 1, .ofs_y = 0},
    {.bitmap_index = 1668, .adv_w = 141, .box_w = 8, .box_h = 12, .ofs_x = 0, .ofs_y = 0},
    {.bitmap_index = 1716, .adv_w = 170, .box_w = 10, .box_h = 12, .ofs_x = 1, .ofs_y = 0},
    {.bitmap_index = 1776, .adv_w = 143, .box_w = 8, .box_h = 12, .ofs_x = 1, .ofs_y = 0},
    {.bitmap_index = 1824, .adv_w = 212, .box_w = 11, .box_h = 12, .ofs_x = 1, .ofs_y = 0},
    {.bitmap_index = 1890, .adv_w = 188, .box_w = 10, .box_h = 12, .ofs_x = 1, .ofs_y = 0},
    {.bitmap_index = 1950, .adv_w = 193, .box_w = 12, .box_h = 12, .ofs_x = 0, .ofs_y = 0},
    {.bitmap_index = 2022, .adv_w = 166, .box_w = 9, .box_h = 12, .ofs_x = 1, .ofs_y = 0},
    {.bitmap_index = 2076, .adv_w = 193, .box_w = 12, .box_h = 15, .ofs_x = 0, .ofs_y = -3},
    {.bitmap_index = 2166, .adv_w = 168, .box_w = 10, .box_h = 12, .ofs_x = 1, .ofs_y = 0},
    {.bitmap_index = 2226, .adv_w = 156, .box_w = 10, .box_h = 12, .ofs_x = 0, .ofs_y = 0},
    {.bitmap_index = 2286, .adv_w = 156, .box_w = 10, .box_h = 12, .ofs_x = 0, .ofs_y = 0},
    {.bitmap_index = 2346, .adv_w = 188, .box_w = 10, .box_h = 12, .ofs_x = 1, .ofs_y = 0},
    {.bitmap_index = 2406, .adv_w = 152, .box_w = 11, .box_h = 12, .ofs_x = -1, .ofs_y = 0},
    {.bitmap_index = 2472, .adv_w = 229, .box_w = 14, .box_h = 12, .ofs_x = 0, .ofs_y = 0},
    {.bitmap_index = 2556, .adv_w = 153, .box_w = 10, .box_h = 12, .ofs_x = 0, .ofs_y = 0},
    {.bitmap_index = 2616, .adv_w = 142, .box_w = 10, .box_h = 12, .ofs_x = -1, .ofs_y = 0},
    {.bitmap_index = 2676, .adv_w = 155, .box_w = 10, .box_h = 12, .ofs_x = 0, .ofs_y = 0},
    {.bitmap_index = 2736, .adv_w = 91, .box_w = 5, .box_h = 16, .ofs_x = 1, .ofs_y = -3},
    {.bitmap_index = 2776, .adv_w = 100, .box_w = 7, .box_h = 16, .ofs_x = 0, .ofs_y = -3},
    {.bitmap_index = 2832, .adv_w = 91, .box_w = 5, .box_h = 16, .ofs_x = 0, .ofs_y = -3},
    {.bitmap_index = 2872, .adv_w = 144, .box_w = 9, .box_h = 2, .ofs_x = 0, .ofs_y = -3},
    {.bitmap_index = 2881, .adv_w = 147, .box_w = 8, .box_h = 9, .ofs_x = 0, .ofs_y = 0},
    {.bitmap_index = 2917, .adv_w = 161, .box_w = 9, .box_h = 13, .ofs_x = 1, .ofs_y = 0},
    {.bitmap_index = 2976, .adv_w = 132, .box_w = 8, .box_h = 9, .ofs_x = 0, .ofs_y = 0},
    {.bitmap_index = 3012, .adv_w = 161, .box_w = 9, .box_h = 13, .ofs_x = 0, .ofs_y = 0},
    {.bitmap_index = 3071, .adv_w = 145, .box_w = 9, .box_h = 9, .ofs_x = 0, .ofs_y = 0},
    {.bitmap_index = 3112, .adv_w = 88, .box_w = 7, .box_h = 13, .ofs_x = 0, .ofs_y = 0},
    {.bitmap_index = 3158, .adv_w = 148, .box_w = 10, .box_h = 13, .ofs_x = 0, .ofs_y = -4},
    {.bitmap_index = 3223, .adv_w = 159, .box_w = 8, .box_h = 13, .ofs_x = 1, .ofs_y = 0},
    {.bitmap_index = 3275, .adv_w = 73, .box_w = 3, .box_h = 13, .ofs_x = 1, .ofs_y = 0},
    {.bitmap_index = 3295, .adv_w = 74, .box_w = 5, .box_h = 17, .ofs_x = -1, .ofs_y = -4},
    {.bitmap_index = 3338, .adv_w = 147, .box_w = 9, .box_h = 13, .ofs_x = 1, .ofs_y = 0},
    {.bitmap_index = 3397, .adv_w = 76, .box_w = 4, .box_h = 13, .ofs_x = 1, .ofs_y = 0},
    {.bitmap_index = 3423, .adv_w = 241, .box_w = 13, .box_h = 9, .ofs_x = 1, .ofs_y = 0},
    {.bitmap_index = 3482, .adv_w = 160, .box_w = 8, .box_h = 9, .ofs_x = 1, .ofs_y = 0},
    {.bitmap_index = 3518, .adv_w = 157, .box_w = 10, .box_h = 9, .ofs_x = 0, .ofs_y = 0},
    {.bitmap_index = 3563, .adv_w = 161, .box_w = 9, .box_h = 13, .ofs_x = 1, .ofs_y = -4},
    {.bitmap_index = 3622, .adv_w = 161, .box_w = 9, .box_h = 13, .ofs_x = 0, .ofs_y = -4},
    {.bitmap_index = 3681, .adv_w = 105, .box_w = 6, .box_h = 9, .ofs_x = 1, .ofs_y = 0},
    {.bitmap_index = 3708, .adv_w = 123, .box_w = 8, .box_h = 9, .ofs_x = 0, .ofs_y = 0},
    {.bitmap_index = 3744, .adv_w = 101, .box_w = 7, .box_h = 12, .ofs_x = 0, .ofs_y = 0},
    {.bitmap_index = 3786, .adv_w = 159, .box_w = 8, .box_h = 9, .ofs_x = 1, .ofs_y = 0},
    {.bitmap_index = 3822, .adv_w = 140, .box_w = 9, .box_h = 9, .ofs_x = 0, .ofs_y = 0},
    {.bitmap_index = 3863, .adv_w = 212, .box_w = 13, .box_h = 9, .ofs_x = 0, .ofs_y = 0},
    {.bitmap_index = 3922, .adv_w = 135, .box_w = 9, .box_h = 9, .ofs_x = 0, .ofs_y = 0},
    {.bitmap_index = 3963, .adv_w = 139, .box_w = 9, .box_h = 13, .ofs_x = 0, .ofs_y = -4},
    {.bitmap_index = 4022, .adv_w = 125, .box_w = 8, .box_h = 9, .ofs_x = 0, .ofs_y = 0},
    {.bitmap_index = 4058, .adv_w = 91, .box_w = 6, .box_h = 16, .ofs_x = 0, .ofs_y = -3},
    {.bitmap_index = 4106, .adv_w = 72, .box_w = 2, .box_h = 18, .ofs_x = 1, .ofs_y = -4},
    {.bitmap_index = 4124, .adv_w = 91, .box_w = 6, .box_h = 16, .ofs_x = 0, .ofs_y = -3},
    {.bitmap_index = 4172, .adv_w = 147, .box_w = 3, .box_h = 3, .ofs_x = 3, .ofs_y = 5},
    {.bitmap_index = 4177, .adv_w = 256, .box_w = 14, .box_h = 3, .ofs_x = 1, .ofs_y = 5},
    {.bitmap_index = 4198, .adv_w = 256, .box_w = 16, .box_h = 3, .ofs_x = 0, .ofs_y = 5},
    {.bitmap_index = 4222, .adv_w = 256, .box_w = 16, .box_h = 14, .ofs_x = 0, .ofs_y = -1},
    {.bitmap_index = 4334, .adv_w = 256, .box_w = 14, .box_h = 13, .ofs_x = 1, .ofs_y = -1},
    {.bitmap_index = 4425, .adv_w = 256, .box_w = 16, .box_h = 14, .ofs_x = 0, .ofs_y = -1},
    {.bitmap_index = 4537, .adv_w = 256, .box_w = 16, .box_h = 14, .ofs_x = 0, .ofs_y = -1},
    {.bitmap_index = 4649, .adv_w = 256, .box_w = 16, .box_h = 14, .ofs_x = 0, .ofs_y = -1},
    {.bitmap_index = 4761, .adv_w = 256, .box_w = 15, .box_h = 16, .ofs_x = 0, .ofs_y = -2},
    {.bitmap_index = 4881, .adv_w = 256, .box_w = 16, .box_h = 14, .ofs_x = 0, .ofs_y = -1},
    {.bitmap_index = 4993, .adv_w = 256, .box_w = 16, .box_h = 15, .ofs_x = 0, .ofs_y = -1},
    {.bitmap_index = 5113, .adv_w = 256, .box_w = 14, .box_h = 14, .ofs_x = 1, .ofs_y = -1},
    {.bitmap_index = 5211, .adv_w = 256, .box_w = 16, .box_h = 15, .ofs_x = 0, .ofs_y = -1},
    {.bitmap_index = 5331, .adv_w = 256, .box_w = 14, .box_h = 14, .ofs_x = 1, .ofs_y = -1},
    {.bitmap_index = 5429, .adv_w = 256, .box_w = 15, .box_h = 15, .ofs_x = 0, .ofs_y = -2},
    {.bitmap_index = 5542, .adv_w = 256, .box_w = 16, .box_h = 16, .ofs_x = 0, .ofs_y = -2},
    {.bitmap_index = 5670, .adv_w = 256, .box_w = 16, .box_h = 16, .ofs_x = 0, .ofs_y = -2},
    {.bitmap_index = 5798, .adv_w = 256, .box_w = 15, .box_h = 14, .ofs_x = 1, .ofs_y = -1},
    {.bitmap_index = 5903, .adv_w = 256, .box_w = 16, .box_h = 15, .ofs_x = 0, .ofs_y = -2},
    {.bitmap_index = 6023, .adv_w = 256, .box_w = 16, .box_h = 14, .ofs_x = 0, .ofs_y = -1},
    {.bitmap_index = 6135, .adv_w = 256, .box_w = 16, .box_h = 14, .ofs_x = 0, .ofs_y = -1},
    {.bitmap_index = 6247, .adv_w = 256, .box_w = 16, .box_h = 12, .ofs_x = 0, .ofs_y = 0},
    {.bitmap_index = 6343, .adv_w = 256, .box_w = 16, .box_h = 13, .ofs_x = 0, .ofs_y = -1},
    {.bitmap_index = 6447, .adv_w = 256, .box_w = 16, .box_h = 16, .ofs_x = 0, .ofs_y = -2},
    {.bitmap_index = 6575, .adv_w = 256, .box_w = 16, .box_h = 16, .ofs_x = 0, .ofs_y = -2},
    {.bitmap_index = 6703, .adv_w = 256, .box_w = 16, .box_h = 16, .ofs_x = 0, .ofs_y = -2},
    {.bitmap_index = 6831, .adv_w = 256, .box_w = 16, .box_h = 15, .ofs_x = 0, .ofs_y = -1},
    {.bitmap_index = 6951, .adv_w = 256, .box_w = 16, .box_h = 16, .ofs_x = 0, .ofs_y = -2},
    {.bitmap_index = 7079, .adv_w = 256, .box_w = 16, .box_h = 16, .ofs_x = 0, .ofs_y = -2},
    {.bitmap_index = 7207, .adv_w = 256, .box_w = 16, .box_h = 15, .ofs_x = 0, .ofs_y = -1},
    {.bitmap_index = 7327, .adv_w = 256, .box_w = 16, .box_h = 15, .ofs_x = 0, .ofs_y = -1},
    {.bitmap_index = 7447, .adv_w = 256, .box_w = 15, .box_h = 15, .ofs_x = 0, .ofs_y = -1},
    {.bitmap_index = 7560, .adv_w = 256, .box_w = 16, .box_h = 16, .ofs_x = 0, .ofs_y = -2},
    {.bitmap_index = 7688, .adv_w = 256, .box_w = 16, .box_h = 15, .ofs_x = 0, .ofs_y = -2},
    {.bitmap_index = 7808, .adv_w = 256, .box_w = 16, .box_h = 15, .ofs_x = 0, .ofs_y = -2},
    {.bitmap_index = 7928, .adv_w = 256, .box_w = 16, .box_h = 16, .ofs_x = 0, .ofs_y = -2},
    {.bitmap_index = 8056, .adv_w = 256, .box_w = 16, .box_h = 16, .ofs_x = 0, .ofs_y = -2},
    {.bitmap_index = 8184, .adv_w = 256, .box_w = 16, .box_h = 15, .ofs_x = 0, .ofs_y = -1},
    {.bitmap_index = 8304, .adv_w = 256, .box_w = 16, .box_h = 15, .ofs_x = 0, .ofs_y = -2},
    {.bitmap_index = 8424, .adv_w = 256, .box_w = 14, .box_h = 14, .ofs_x = 1, .ofs_y = -1},
    {.bitmap_index = 8522, .adv_w = 256, .box_w = 16, .box_h = 15, .ofs_x = 0, .ofs_y = -2},
    {.bitmap_index = 8642, .adv_w = 256, .box_w = 14, .box_h = 14, .ofs_x = 1, .ofs_y = -1},
    {.bitmap_index = 8740, .adv_w = 256, .box_w = 15, .box_h = 15, .ofs_x = 0, .ofs_y = -1},
    {.bitmap_index = 8853, .adv_w = 256, .box_w = 15, .box_h = 15, .ofs_x = 0, .ofs_y = -2},
    {.bitmap_index = 8966, .adv_w = 256, .box_w = 16, .box_h = 16, .ofs_x = 0, .ofs_y = -2},
    {.bitmap_index = 9094, .adv_w = 256, .box_w = 15, .box_h = 15, .ofs_x = 0, .ofs_y = -2},
    {.bitmap_index = 9207, .adv_w = 256, .box_w = 16, .box_h = 15, .ofs_x = 0, .ofs_y = -2},
    {.bitmap_index = 9327, .adv_w = 256, .box_w = 15, .box_h = 15, .ofs_x = 0, .ofs_y = -2},
    {.bitmap_index = 9440, .adv_w = 256, .box_w = 15, .box_h = 16, .ofs_x = 0, .ofs_y = -2},
    {.bitmap_index = 9560, .adv_w = 256, .box_w = 16, .box_h = 15, .ofs_x = 0, .ofs_y = -2},
    {.bitmap_index = 9680, .adv_w = 256, .box_w = 15, .box_h = 16, .ofs_x = 0, .ofs_y = -2},
    {.bitmap_index = 9800, .adv_w = 256, .box_w = 16, .box_h = 15, .ofs_x = 0, .ofs_y = -1},
    {.bitmap_index = 9920, .adv_w = 256, .box_w = 10, .box_h = 14, .ofs_x = 5, .ofs_y = -1},
    {.bitmap_index = 9990, .adv_w = 256, .box_w = 13, .box_h = 14, .ofs_x = 2, .ofs_y = -1},
    {.bitmap_index = 10081, .adv_w = 256, .box_w = 16, .box_h = 14, .ofs_x = 0, .ofs_y = -1},
    {.bitmap_index = 10193, .adv_w = 256, .box_w = 14, .box_h = 16, .ofs_x = 1, .ofs_y = -2},
    {.bitmap_index = 10305, .adv_w = 256, .box_w = 15, .box_h = 14, .ofs_x = 0, .ofs_y = -1},
    {.bitmap_index = 10410, .adv_w = 256, .box_w = 16, .box_h = 15, .ofs_x = 0, .ofs_y = -2},
    {.bitmap_index = 10530, .adv_w = 256, .box_w = 16, .box_h = 17, .ofs_x = 0, .ofs_y = -2},
    {.bitmap_index = 10666, .adv_w = 256, .box_w = 16, .box_h = 16, .ofs_x = 0, .ofs_y = -2},
    {.bitmap_index = 10794, .adv_w = 256, .box_w = 16, .box_h = 14, .ofs_x = 0, .ofs_y = -1},
    {.bitmap_index = 10906, .adv_w = 256, .box_w = 15, .box_h = 15, .ofs_x = 0, .ofs_y = -2},
    {.bitmap_index = 11019, .adv_w = 256, .box_w = 15, .box_h = 15, .ofs_x = 0, .ofs_y = -1},
    {.bitmap_index = 11132, .adv_w = 256, .box_w = 14, .box_h = 14, .ofs_x = 1, .ofs_y = -1},
    {.bitmap_index = 11230, .adv_w = 256, .box_w = 14, .box_h = 14, .ofs_x = 1, .ofs_y = -1},
    {.bitmap_index = 11328, .adv_w = 256, .box_w = 14, .box_h = 14, .ofs_x = 1, .ofs_y = -1},
    {.bitmap_index = 11426, .adv_w = 256, .box_w = 14, .box_h = 14, .ofs_x = 1, .ofs_y = -1},
    {.bitmap_index = 11524, .adv_w = 256, .box_w = 16, .box_h = 14, .ofs_x = 0, .ofs_y = -1},
    {.bitmap_index = 11636, .adv_w = 256, .box_w = 15, .box_h = 15, .ofs_x = 0, .ofs_y = -1},
    {.bitmap_index = 11749, .adv_w = 256, .box_w = 16, .box_h = 16, .ofs_x = 0, .ofs_y = -2},
    {.bitmap_index = 11877, .adv_w = 256, .box_w = 15, .box_h = 15, .ofs_x = 0, .ofs_y = -1},
    {.bitmap_index = 11990, .adv_w = 256, .box_w = 16, .box_h = 15, .ofs_x = 0, .ofs_y = -1},
    {.bitmap_index = 12110, .adv_w = 256, .box_w = 16, .box_h = 15, .ofs_x = 0, .ofs_y = -1},
    {.bitmap_index = 12230, .adv_w = 256, .box_w = 16, .box_h = 15, .ofs_x = 0, .ofs_y = -2},
    {.bitmap_index = 12350, .adv_w = 256, .box_w = 16, .box_h = 15, .ofs_x = 0, .ofs_y = -2},
    {.bitmap_index = 12470, .adv_w = 256, .box_w = 15, .box_h = 15, .ofs_x = 0, .ofs_y = -1},
    {.bitmap_index = 12583, .adv_w = 256, .box_w = 16, .box_h = 16, .ofs_x = 0, .ofs_y = -2},
    {.bitmap_index = 12711, .adv_w = 256, .box_w = 16, .box_h = 15, .ofs_x = 0, .ofs_y = -1},
    {.bitmap_index = 12831, .adv_w = 256, .box_w = 15, .box_h = 15, .ofs_x = 1, .ofs_y = -1},
    {.bitmap_index = 12944, .adv_w = 256, .box_w = 15, .box_h = 15, .ofs_x = 1, .ofs_y = -1},
    {.bitmap_index = 13057, .adv_w = 256, .box_w = 14, .box_h = 16, .ofs_x = 1, .ofs_y = -2},
    {.bitmap_index = 13169, .adv_w = 256, .box_w = 14, .box_h = 15, .ofs_x = 1, .ofs_y = -1},
    {.bitmap_index = 13274, .adv_w = 256, .box_w = 14, .box_h = 15, .ofs_x = 1, .ofs_y = -1},
    {.bitmap_index = 13379, .adv_w = 256, .box_w = 14, .box_h = 15, .ofs_x = 1, .ofs_y = -1},
    {.bitmap_index = 13484, .adv_w = 256, .box_w = 15, .box_h = 16, .ofs_x = 1, .ofs_y = -2},
    {.bitmap_index = 13604, .adv_w = 256, .box_w = 16, .box_h = 16, .ofs_x = 0, .ofs_y = -2},
    {.bitmap_index = 13732, .adv_w = 256, .box_w = 16, .box_h = 15, .ofs_x = 0, .ofs_y = -1},
    {.bitmap_index = 13852, .adv_w = 256, .box_w = 15, .box_h = 15, .ofs_x = 0, .ofs_y = -2},
    {.bitmap_index = 13965, .adv_w = 256, .box_w = 16, .box_h = 15, .ofs_x = 0, .ofs_y = -2},
    {.bitmap_index = 14085, .adv_w = 256, .box_w = 16, .box_h = 15, .ofs_x = 0, .ofs_y = -2},
    {.bitmap_index = 14205, .adv_w = 256, .box_w = 14, .box_h = 14, .ofs_x = 2, .ofs_y = -1},
    {.bitmap_index = 14303, .adv_w = 256, .box_w = 15, .box_h = 14, .ofs_x = 1, .ofs_y = -1},
    {.bitmap_index = 14408, .adv_w = 256, .box_w = 14, .box_h = 14, .ofs_x = 2, .ofs_y = -1},
    {.bitmap_index = 14506, .adv_w = 256, .box_w = 16, .box_h = 16, .ofs_x = 0, .ofs_y = -2},
    {.bitmap_index = 14634, .adv_w = 256, .box_w = 16, .box_h = 14, .ofs_x = 0, .ofs_y = -1},
    {.bitmap_index = 14746, .adv_w = 256, .box_w = 16, .box_h = 15, .ofs_x = 0, .ofs_y = -1},
    {.bitmap_index = 14866, .adv_w = 256, .box_w = 16, .box_h = 16, .ofs_x = 0, .ofs_y = -2},
    {.bitmap_index = 14994, .adv_w = 256, .box_w = 16, .box_h = 16, .ofs_x = 0, .ofs_y = -2},
    {.bitmap_index = 15122, .adv_w = 256, .box_w = 16, .box_h = 16, .ofs_x = 0, .ofs_y = -2},
    {.bitmap_index = 15250, .adv_w = 256, .box_w = 16, .box_h = 15, .ofs_x = 0, .ofs_y = -1},
    {.bitmap_index = 15370, .adv_w = 256, .box_w = 16, .box_h = 15, .ofs_x = 0, .ofs_y = -2},
    {.bitmap_index = 15490, .adv_w = 256, .box_w = 15, .box_h = 15, .ofs_x = 0, .ofs_y = -1},
    {.bitmap_index = 15603, .adv_w = 256, .box_w = 15, .box_h = 15, .ofs_x = 0, .ofs_y = -2},
    {.bitmap_index = 15716, .adv_w = 256, .box_w = 14, .box_h = 14, .ofs_x = 1, .ofs_y = -1},
    {.bitmap_index = 15814, .adv_w = 256, .box_w = 16, .box_h = 16, .ofs_x = 0, .ofs_y = -2},
    {.bitmap_index = 15942, .adv_w = 256, .box_w = 16, .box_h = 16, .ofs_x = 0, .ofs_y = -2},
    {.bitmap_index = 16070, .adv_w = 256, .box_w = 16, .box_h = 14, .ofs_x = 0, .ofs_y = -1},
    {.bitmap_index = 16182, .adv_w = 256, .box_w = 16, .box_h = 15, .ofs_x = 0, .ofs_y = -1},
    {.bitmap_index = 16302, .adv_w = 256, .box_w = 16, .box_h = 14, .ofs_x = 0, .ofs_y = -1},
    {.bitmap_index = 16414, .adv_w = 256, .box_w = 16, .box_h = 15, .ofs_x = 0, .ofs_y = -1},
    {.bitmap_index = 16534, .adv_w = 256, .box_w = 16, .box_h = 15, .ofs_x = 0, .ofs_y = -2},
    {.bitmap_index = 16654, .adv_w = 256, .box_w = 16, .box_h = 15, .ofs_x = 0, .ofs_y = -2},
    {.bitmap_index = 16774, .adv_w = 256, .box_w = 16, .box_h = 16, .ofs_x = 0, .ofs_y = -2},
    {.bitmap_index = 16902, .adv_w = 256, .box_w = 16, .box_h = 16, .ofs_x = 0, .ofs_y = -2},
    {.bitmap_index = 17030, .adv_w = 256, .box_w = 16, .box_h = 15, .ofs_x = 0, .ofs_y = -2},
    {.bitmap_index = 17150, .adv_w = 256, .box_w = 16, .box_h = 16, .ofs_x = 0, .ofs_y = -2},
    {.bitmap_index = 17278, .adv_w = 256, .box_w = 16, .box_h = 16, .ofs_x = 0, .ofs_y = -2},
    {.bitmap_index = 17406, .adv_w = 256, .box_w = 16, .box_h = 16, .ofs_x = 0, .ofs_y = -2},
    {.bitmap_index = 17534, .adv_w = 256, .box_w = 16, .box_h = 16, .ofs_x = 0, .ofs_y = -2},
    {.bitmap_index = 17662, .adv_w = 256, .box_w = 16, .box_h = 15, .ofs_x = 0, .ofs_y = -2},
    {.bitmap_index = 17782, .adv_w = 256, .box_w = 15, .box_h = 16, .ofs_x = 1, .ofs_y = -2},
    {.bitmap_index = 17902, .adv_w = 256, .box_w = 16, .box_h = 16, .ofs_x = 0, .ofs_y = -2},
    {.bitmap_index = 18030, .adv_w = 256, .box_w = 16, .box_h = 15, .ofs_x = 0, .ofs_y = -2},
    {.bitmap_index = 18150, .adv_w = 256, .box_w = 12, .box_h = 14, .ofs_x = 2, .ofs_y = -1},
    {.bitmap_index = 18234, .adv_w = 256, .box_w = 15, .box_h = 16, .ofs_x = 0, .ofs_y = -2},
    {.bitmap_index = 18354, .adv_w = 256, .box_w = 15, .box_h = 14, .ofs_x = 1, .ofs_y = -1},
    {.bitmap_index = 18459, .adv_w = 256, .box_w = 15, .box_h = 15, .ofs_x = 0, .ofs_y = -2},
    {.bitmap_index = 18572, .adv_w = 256, .box_w = 14, .box_h = 15, .ofs_x = 0, .ofs_y = -2},
    {.bitmap_index = 18677, .adv_w = 256, .box_w = 16, .box_h = 15, .ofs_x = 0, .ofs_y = -1},
    {.bitmap_index = 18797, .adv_w = 256, .box_w = 15, .box_h = 15, .ofs_x = 0, .ofs_y = -2},
    {.bitmap_index = 18910, .adv_w = 256, .box_w = 16, .box_h = 14, .ofs_x = 0, .ofs_y = -1},
    {.bitmap_index = 19022, .adv_w = 256, .box_w = 16, .box_h = 14, .ofs_x = 0, .ofs_y = -1},
    {.bitmap_index = 19134, .adv_w = 256, .box_w = 16, .box_h = 14, .ofs_x = 0, .ofs_y = -1},
    {.bitmap_index = 19246, .adv_w = 256, .box_w = 16, .box_h = 14, .ofs_x = 0, .ofs_y = -1},
    {.bitmap_index = 19358, .adv_w = 256, .box_w = 16, .box_h = 14, .ofs_x = 0, .ofs_y = -1},
    {.bitmap_index = 19470, .adv_w = 256, .box_w = 16, .box_h = 14, .ofs_x = 0, .ofs_y = -1},
    {.bitmap_index = 19582, .adv_w = 256, .box_w = 16, .box_h = 15, .ofs_x = 0, .ofs_y = -2},
    {.bitmap_index = 19702, .adv_w = 256, .box_w = 16, .box_h = 14, .ofs_x = 0, .ofs_y = -1},
    {.bitmap_index = 19814, .adv_w = 256, .box_w = 16, .box_h = 15, .ofs_x = 0, .ofs_y = -2},
    {.bitmap_index = 19934, .adv_w = 256, .box_w = 16, .box_h = 14, .ofs_x = 0, .ofs_y = -1},
    {.bitmap_index = 20046, .adv_w = 256, .box_w = 16, .box_h = 15, .ofs_x = 0, .ofs_y = -2},
    {.bitmap_index = 20166, .adv_w = 256, .box_w = 16, .box_h = 15, .ofs_x = 0, .ofs_y = -2},
    {.bitmap_index = 20286, .adv_w = 256, .box_w = 15, .box_h = 16, .ofs_x = 1, .ofs_y = -2},
    {.bitmap_index = 20406, .adv_w = 256, .box_w = 16, .box_h = 15, .ofs_x = 0, .ofs_y = -1},
    {.bitmap_index = 20526, .adv_w = 256, .box_w = 16, .box_h = 14, .ofs_x = 0, .ofs_y = -1},
    {.bitmap_index = 20638, .adv_w = 256, .box_w = 16, .box_h = 15, .ofs_x = 0, .ofs_y = -2},
    {.bitmap_index = 20758, .adv_w = 256, .box_w = 16, .box_h = 16, .ofs_x = 0, .ofs_y = -2},
    {.bitmap_index = 20886, .adv_w = 256, .box_w = 16, .box_h = 14, .ofs_x = 0, .ofs_y = -1},
    {.bitmap_index = 20998, .adv_w = 256, .box_w = 16, .box_h = 15, .ofs_x = 0, .ofs_y = -2},
    {.bitmap_index = 21118, .adv_w = 256, .box_w = 16, .box_h = 16, .ofs_x = 0, .ofs_y = -2},
    {.bitmap_index = 21246, .adv_w = 256, .box_w = 16, .box_h = 16, .ofs_x = 0, .ofs_y = -2},
    {.bitmap_index = 21374, .adv_w = 256, .box_w = 15, .box_h = 16, .ofs_x = 1, .ofs_y = -2},
    {.bitmap_index = 21494, .adv_w = 256, .box_w = 16, .box_h = 14, .ofs_x = 0, .ofs_y = -1},
    {.bitmap_index = 21606, .adv_w = 256, .box_w = 15, .box_h = 15, .ofs_x = 0, .ofs_y = -2},
    {.bitmap_index = 21719, .adv_w = 256, .box_w = 13, .box_h = 14, .ofs_x = 2, .ofs_y = -1},
    {.bitmap_index = 21810, .adv_w = 256, .box_w = 14, .box_h = 14, .ofs_x = 1, .ofs_y = -1},
    {.bitmap_index = 21908, .adv_w = 256, .box_w = 16, .box_h = 15, .ofs_x = 0, .ofs_y = -2},
    {.bitmap_index = 22028, .adv_w = 256, .box_w = 16, .box_h = 16, .ofs_x = 0, .ofs_y = -2},
    {.bitmap_index = 22156, .adv_w = 256, .box_w = 12, .box_h = 15, .ofs_x = 2, .ofs_y = -1},
    {.bitmap_index = 22246, .adv_w = 256, .box_w = 16, .box_h = 15, .ofs_x = 0, .ofs_y = -1},
    {.bitmap_index = 22366, .adv_w = 256, .box_w = 15, .box_h = 14, .ofs_x = 0, .ofs_y = -1},
    {.bitmap_index = 22471, .adv_w = 256, .box_w = 15, .box_h = 16, .ofs_x = 0, .ofs_y = -2},
    {.bitmap_index = 22591, .adv_w = 256, .box_w = 15, .box_h = 14, .ofs_x = 0, .ofs_y = -1},
    {.bitmap_index = 22696, .adv_w = 256, .box_w = 14, .box_h = 15, .ofs_x = 1, .ofs_y = -1},
    {.bitmap_index = 22801, .adv_w = 256, .box_w = 16, .box_h = 16, .ofs_x = 0, .ofs_y = -2},
    {.bitmap_index = 22929, .adv_w = 256, .box_w = 16, .box_h = 15, .ofs_x = 0, .ofs_y = -1},
    {.bitmap_index = 23049, .adv_w = 256, .box_w = 14, .box_h = 15, .ofs_x = 1, .ofs_y = -1},
    {.bitmap_index = 23154, .adv_w = 256, .box_w = 16, .box_h = 16, .ofs_x = 0, .ofs_y = -2},
    {.bitmap_index = 23282, .adv_w = 256, .box_w = 16, .box_h = 14, .ofs_x = 0, .ofs_y = -1},
    {.bitmap_index = 23394, .adv_w = 256, .box_w = 16, .box_h = 16, .ofs_x = 0, .ofs_y = -2},
    {.bitmap_index = 23522, .adv_w = 256, .box_w = 16, .box_h = 15, .ofs_x = 0, .ofs_y = -1},
    {.bitmap_index = 23642, .adv_w = 256, .box_w = 15, .box_h = 15, .ofs_x = 0, .ofs_y = -2},
    {.bitmap_index = 23755, .adv_w = 256, .box_w = 16, .box_h = 14, .ofs_x = 0, .ofs_y = -1},
    {.bitmap_index = 23867, .adv_w = 256, .box_w = 16, .box_h = 14, .ofs_x = 0, .ofs_y = -1},
    {.bitmap_index = 23979, .adv_w = 256, .box_w = 16, .box_h = 16, .ofs_x = 0, .ofs_y = -2},
    {.bitmap_index = 24107, .adv_w = 256, .box_w = 15, .box_h = 15, .ofs_x = 1, .ofs_y = -2},
    {.bitmap_index = 24220, .adv_w = 256, .box_w = 16, .box_h = 14, .ofs_x = 0, .ofs_y = -1},
    {.bitmap_index = 24332, .adv_w = 256, .box_w = 16, .box_h = 15, .ofs_x = 0, .ofs_y = -2},
    {.bitmap_index = 24452, .adv_w = 256, .box_w = 15, .box_h = 15, .ofs_x = 1, .ofs_y = -2},
    {.bitmap_index = 24565, .adv_w = 256, .box_w = 15, .box_h = 14, .ofs_x = 1, .ofs_y = -1},
    {.bitmap_index = 24670, .adv_w = 256, .box_w = 16, .box_h = 15, .ofs_x = 0, .ofs_y = -2},
    {.bitmap_index = 24790, .adv_w = 256, .box_w = 16, .box_h = 15, .ofs_x = 0, .ofs_y = -1},
    {.bitmap_index = 24910, .adv_w = 256, .box_w = 16, .box_h = 16, .ofs_x = 0, .ofs_y = -2},
    {.bitmap_index = 25038, .adv_w = 256, .box_w = 16, .box_h = 15, .ofs_x = 0, .ofs_y = -1},
    {.bitmap_index = 25158, .adv_w = 256, .box_w = 16, .box_h = 15, .ofs_x = 0, .ofs_y = -2},
    {.bitmap_index = 25278, .adv_w = 256, .box_w = 16, .box_h = 16, .ofs_x = 0, .ofs_y = -2},
    {.bitmap_index = 25406, .adv_w = 256, .box_w = 16, .box_h = 15, .ofs_x = 0, .ofs_y = -2},
    {.bitmap_index = 25526, .adv_w = 256, .box_w = 16, .box_h = 16, .ofs_x = 0, .ofs_y = -2},
    {.bitmap_index = 25654, .adv_w = 256, .box_w = 16, .box_h = 15, .ofs_x = 0, .ofs_y = -2},
    {.bitmap_index = 25774, .adv_w = 256, .box_w = 16, .box_h = 15, .ofs_x = 0, .ofs_y = -1},
    {.bitmap_index = 25894, .adv_w = 256, .box_w = 15, .box_h = 16, .ofs_x = 0, .ofs_y = -2},
    {.bitmap_index = 26014, .adv_w = 256, .box_w = 16, .box_h = 16, .ofs_x = 0, .ofs_y = -2},
    {.bitmap_index = 26142, .adv_w = 256, .box_w = 16, .box_h = 15, .ofs_x = 0, .ofs_y = -2},
    {.bitmap_index = 26262, .adv_w = 256, .box_w = 16, .box_h = 15, .ofs_x = 0, .ofs_y = -2},
    {.bitmap_index = 26382, .adv_w = 256, .box_w = 16, .box_h = 15, .ofs_x = 0, .ofs_y = -2},
    {.bitmap_index = 26502, .adv_w = 256, .box_w = 16, .box_h = 15, .ofs_x = 0, .ofs_y = -2},
    {.bitmap_index = 26622, .adv_w = 256, .box_w = 16, .box_h = 15, .ofs_x = 0, .ofs_y = -2},
    {.bitmap_index = 26742, .adv_w = 256, .box_w = 16, .box_h = 15, .ofs_x = 0, .ofs_y = -1},
    {.bitmap_index = 26862, .adv_w = 256, .box_w = 16, .box_h = 16, .ofs_x = 0, .ofs_y = -2},
    {.bitmap_index = 26990, .adv_w = 256, .box_w = 16, .box_h = 15, .ofs_x = 0, .ofs_y = -2},
    {.bitmap_index = 27110, .adv_w = 256, .box_w = 16, .box_h = 16, .ofs_x = 0, .ofs_y = -2},
    {.bitmap_index = 27238, .adv_w = 256, .box_w = 16, .box_h = 16, .ofs_x = 0, .ofs_y = -2},
    {.bitmap_index = 27366, .adv_w = 256, .box_w = 16, .box_h = 16, .ofs_x = 0, .ofs_y = -2},
    {.bitmap_index = 27494, .adv_w = 256, .box_w = 16, .box_h = 16, .ofs_x = 0, .ofs_y = -2},
    {.bitmap_index = 27622, .adv_w = 256, .box_w = 16, .box_h = 15, .ofs_x = 0, .ofs_y = -2},
    {.bitmap_index = 27742, .adv_w = 256, .box_w = 15, .box_h = 14, .ofs_x = 1, .ofs_y = -1},
    {.bitmap_index = 27847, .adv_w = 256, .box_w = 16, .box_h = 15, .ofs_x = 0, .ofs_y = -1},
    {.bitmap_index = 27967, .adv_w = 256, .box_w = 16, .box_h = 14, .ofs_x = 0, .ofs_y = -1},
    {.bitmap_index = 28079, .adv_w = 256, .box_w = 16, .box_h = 15, .ofs_x = 0, .ofs_y = -2},
    {.bitmap_index = 28199, .adv_w = 256, .box_w = 15, .box_h = 15, .ofs_x = 1, .ofs_y = -1},
    {.bitmap_index = 28312, .adv_w = 256, .box_w = 15, .box_h = 15, .ofs_x = 1, .ofs_y = -1},
    {.bitmap_index = 28425, .adv_w = 256, .box_w = 16, .box_h = 14, .ofs_x = 0, .ofs_y = -1},
    {.bitmap_index = 28537, .adv_w = 256, .box_w = 16, .box_h = 15, .ofs_x = 0, .ofs_y = -2},
    {.bitmap_index = 28657, .adv_w = 256, .box_w = 14, .box_h = 14, .ofs_x = 1, .ofs_y = -1},
    {.bitmap_index = 28755, .adv_w = 256, .box_w = 16, .box_h = 15, .ofs_x = 0, .ofs_y = -1},
    {.bitmap_index = 28875, .adv_w = 256, .box_w = 16, .box_h = 15, .ofs_x = 0, .ofs_y = -1},
    {.bitmap_index = 28995, .adv_w = 256, .box_w = 15, .box_h = 15, .ofs_x = 0, .ofs_y = -2},
    {.bitmap_index = 29108, .adv_w = 256, .box_w = 15, .box_h = 16, .ofs_x = 0, .ofs_y = -2},
    {.bitmap_index = 29228, .adv_w = 256, .box_w = 16, .box_h = 15, .ofs_x = 0, .ofs_y = -1},
    {.bitmap_index = 29348, .adv_w = 256, .box_w = 16, .box_h = 16, .ofs_x = 0, .ofs_y = -2},
    {.bitmap_index = 29476, .adv_w = 256, .box_w = 16, .box_h = 15, .ofs_x = 0, .ofs_y = -2},
    {.bitmap_index = 29596, .adv_w = 256, .box_w = 16, .box_h = 16, .ofs_x = 0, .ofs_y = -2},
    {.bitmap_index = 29724, .adv_w = 256, .box_w = 4, .box_h = 6, .ofs_x = 2, .ofs_y = -2}
};

/*---------------------
 *  CHARACTER MAPPING
 *--------------------*/

static const uint16_t unicode_list_5[] = {
    0x0, 0x1f6f, 0x4d49, 0x4d4a, 0x4d52, 0x4d53, 0x4d54, 0x4d56,
    0x4d57, 0x4d5a, 0x4d5f, 0x4d62, 0x4d63, 0x4d76, 0x4d83, 0x4d94,
    0x4d97, 0x4da2, 0x4da6, 0x4dc7, 0x4dd4, 0x4dd5, 0x4ddd, 0x4dee,
    0x4df7, 0x4e13, 0x4e1f, 0x4e46, 0x4e5a, 0x4e96, 0x4ec8, 0x4f98,
    0x4fae, 0x508d, 0x5094, 0x509a, 0x50ae, 0x50b6, 0x50bf, 0x50ce,
    0x5129, 0x5143, 0x5166, 0x517f, 0x5196, 0x51e4, 0x51f1, 0x51f2,
    0x51fb, 0x5208, 0x5247, 0x5291, 0x52a5, 0x52a9, 0x52af, 0x52b8,
    0x52bc, 0x531f, 0x5320, 0x5321, 0x5338, 0x53b1, 0x53d5, 0x5623,
    0x5624, 0x5627, 0x563d, 0x5668, 0x5671, 0x5697, 0x56ad, 0x5835,
    0x585f, 0x587d, 0x5904, 0x5944, 0x5a99, 0x5aa2, 0x5aaf, 0x5ace,
    0x5ad2, 0x5ae1, 0x5af4, 0x5afc, 0x5aff, 0x5b0e, 0x5b53, 0x5b89,
    0x5b8e, 0x5b9e, 0x5d3a, 0x5d3b, 0x5d3c, 0x5d46, 0x5dbc, 0x5dbd,
    0x5ddd, 0x5dde, 0x5de3, 0x5e00, 0x5e49, 0x5e68, 0x5e7a, 0x5e9c,
    0x5ed1, 0x5ee0, 0x5f0c, 0x5f3e, 0x600e, 0x6068, 0x6153, 0x6155,
    0x6189, 0x6194, 0x61bf, 0x6232, 0x6252, 0x6390, 0x6491, 0x64b9,
    0x64f6, 0x6506, 0x6529, 0x652e, 0x6535, 0x6543, 0x655c, 0x6651,
    0x6652, 0x6668, 0x6671, 0x6673, 0x6674, 0x6675, 0x667a, 0x66c7,
    0x66ca, 0x66e5, 0x6aad, 0x6aaf, 0x6ac4, 0x6b16, 0x6b1d, 0x6b5d,
    0x6b7d, 0x6b8b, 0x6bea, 0x6c0d, 0x6fb4, 0x717f, 0x7184, 0x72cd,
    0x7468, 0x7471, 0x747b, 0x747c, 0x7495, 0x75c1, 0x75c6, 0x7621,
    0x7641, 0x77b7, 0x78a7, 0x7904, 0x7944, 0x7954, 0x79c3, 0x7ae0,
    0x7e1c, 0x7e61, 0x7f44, 0x7f4c, 0x7f60, 0x813c, 0x813d, 0x81b7,
    0x81cb, 0x824c, 0x8355, 0x840d, 0x8597, 0x8610, 0x86ec, 0x8795,
    0x87b1, 0x892c, 0x8aed, 0x8b07, 0x8b1e, 0x8b26, 0x8b4c, 0x8baa,
    0x8c6b, 0x8c82, 0x8cc0, 0x8cce, 0x8cfc, 0x8ee4, 0x8ee7, 0x8ef9,
    0x8f0a, 0x8f19, 0x8f1a, 0x8f49, 0x8f52, 0x9092, 0x911a, 0x9462,
    0x94c8, 0x9584, 0x9591, 0x9609, 0x9650, 0x969b, 0x96a2, 0x973c,
    0x97be, 0x97c3, 0x98df, 0x9a85, 0x9e21, 0x9ee2, 0xfe55
};

/*Collect the unicode lists and glyph_id offsets*/
static const lv_font_fmt_txt_cmap_t cmaps[] =
{
    {
        .range_start = 32, .range_length = 4, .glyph_id_start = 1,
        .unicode_list = NULL, .glyph_id_ofs_list = NULL, .list_length = 0, .type = LV_FONT_FMT_TXT_CMAP_FORMAT0_TINY
    },
    {
        .range_start = 37, .range_length = 27, .glyph_id_start = 5,
        .unicode_list = NULL, .glyph_id_ofs_list = NULL, .list_length = 0, .type = LV_FONT_FMT_TXT_CMAP_FORMAT0_TINY
    },
    {
        .range_start = 65, .range_length = 29, .glyph_id_start = 32,
        .unicode_list = NULL, .glyph_id_ofs_list = NULL, .list_length = 0, .type = LV_FONT_FMT_TXT_CMAP_FORMAT0_TINY
    },
    {
        .range_start = 95, .range_length = 1, .glyph_id_start = 61,
        .unicode_list = NULL, .glyph_id_ofs_list = NULL, .list_length = 0, .type = LV_FONT_FMT_TXT_CMAP_FORMAT0_TINY
    },
    {
        .range_start = 97, .range_length = 29, .glyph_id_start = 62,
        .unicode_list = NULL, .glyph_id_ofs_list = NULL, .list_length = 0, .type = LV_FONT_FMT_TXT_CMAP_FORMAT0_TINY
    },
    {
        .range_start = 183, .range_length = 65110, .glyph_id_start = 91,
        .unicode_list = unicode_list_5, .glyph_id_ofs_list = NULL, .list_length = 223, .type = LV_FONT_FMT_TXT_CMAP_SPARSE_TINY
    }
};

/*-----------------
 *    KERNING
 *----------------*/


/*Map glyph_ids to kern left classes*/
static const uint8_t kern_left_class_mapping[] =
{
    0, 0, 0, 1, 0, 0, 0, 1,
    2, 0, 0, 0, 3, 4, 3, 5,
    0, 0, 0, 0, 0, 0, 0, 0,
    0, 0, 6, 6, 0, 0, 0, 0,
    7, 8, 9, 10, 11, 12, 13, 0,
    0, 14, 15, 16, 0, 0, 10, 17,
    10, 18, 19, 20, 21, 22, 23, 24,
    25, 26, 2, 27, 0, 0, 28, 29,
    30, 0, 31, 32, 33, 34, 0, 0,
    35, 36, 34, 34, 29, 29, 37, 38,
    39, 40, 37, 41, 42, 43, 44, 45,
    2, 0, 0, 46, 0, 0, 0, 0,
    0, 0, 0, 0, 0, 0, 0, 0,
    0, 0, 0, 0, 0, 0, 0, 0,
    0, 0, 0, 0, 0, 0, 0, 0,
    0, 0, 0, 0, 0, 0, 0, 0,
    0, 0, 0, 0, 0, 0, 0, 0,
    0, 0, 0, 0, 0, 0, 0, 0,
    0, 0, 0, 0, 0, 0, 0, 0,
    0, 0, 0, 0, 0, 0, 0, 0,
    0, 0, 0, 0, 0, 0, 0, 0,
    0, 0, 0, 0, 0, 0, 0, 0,
    0, 0, 0, 0, 0, 0, 0, 0,
    0, 0, 0, 0, 0, 0, 0, 0,
    0, 0, 0, 0, 0, 0, 0, 0,
    0, 0, 0, 0, 0, 0, 0, 0,
    0, 0, 0, 0, 0, 0, 0, 0,
    0, 0, 0, 0, 0, 0, 0, 0,
    0, 0, 0, 0, 0, 0, 0, 0,
    0, 0, 0, 0, 0, 0, 0, 0,
    0, 0, 0, 0, 0, 0, 0, 0,
    0, 0, 0, 0, 0, 0, 0, 0,
    0, 0, 0, 0, 0, 0, 0, 0,
    0, 0, 0, 0, 0, 0, 0, 0,
    0, 0, 0, 0, 0, 0, 0, 0,
    0, 0, 0, 0, 0, 0, 0, 0,
    0, 0, 0, 0, 0, 0, 0, 0,
    0, 0, 0, 0, 0, 0, 0, 0,
    0, 0, 0, 0, 0, 0, 0, 0,
    0, 0
};

/*Map glyph_ids to kern right classes*/
static const uint8_t kern_right_class_mapping[] =
{
    0, 0, 1, 2, 0, 0, 0, 2,
    0, 3, 4, 0, 5, 6, 7, 8,
    0, 0, 0, 0, 0, 0, 0, 0,
    0, 0, 9, 10, 0, 0, 0, 11,
    12, 0, 13, 0, 0, 0, 13, 0,
    0, 14, 0, 0, 0, 0, 13, 0,
    13, 0, 15, 16, 17, 18, 19, 20,
    21, 22, 0, 23, 3, 0, 24, 0,
    25, 25, 25, 26, 27, 0, 28, 29,
    0, 0, 30, 30, 25, 30, 25, 30,
    31, 32, 33, 34, 35, 36, 37, 38,
    0, 0, 3, 39, 0, 0, 0, 0,
    0, 0, 0, 0, 0, 0, 0, 0,
    0, 0, 0, 0, 0, 0, 0, 0,
    0, 0, 0, 0, 0, 0, 0, 0,
    0, 0, 0, 0, 0, 0, 0, 0,
    0, 0, 0, 0, 0, 0, 0, 0,
    0, 0, 0, 0, 0, 0, 0, 0,
    0, 0, 0, 0, 0, 0, 0, 0,
    0, 0, 0, 0, 0, 0, 0, 0,
    0, 0, 0, 0, 0, 0, 0, 0,
    0, 0, 0, 0, 0, 0, 0, 0,
    0, 0, 0, 0, 0, 0, 0, 0,
    0, 0, 0, 0, 0, 0, 0, 0,
    0, 0, 0, 0, 0, 0, 0, 0,
    0, 0, 0, 0, 0, 0, 0, 0,
    0, 0, 0, 0, 0, 0, 0, 0,
    0, 0, 0, 0, 0, 0, 0, 0,
    0, 0, 0, 0, 0, 0, 0, 0,
    0, 0, 0, 0, 0, 0, 0, 0,
    0, 0, 0, 0, 0, 0, 0, 0,
    0, 0, 0, 0, 0, 0, 0, 0,
    0, 0, 0, 0, 0, 0, 0, 0,
    0, 0, 0, 0, 0, 0, 0, 0,
    0, 0, 0, 0, 0, 0, 0, 0,
    0, 0, 0, 0, 0, 0, 0, 0,
    0, 0, 0, 0, 0, 0, 0, 0,
    0, 0, 0, 0, 0, 0, 0, 0,
    0, 0, 0, 0, 0, 0, 0, 0,
    0, 0
};

/*Kern values between classes*/
static const int8_t kern_class_values[] =
{
    0, 0, 0, 0, -35, 0, -35, 0,
    0, 0, 0, -17, 0, -29, -3, 0,
    0, 0, 0, -3, 0, 0, 0, 0,
    -7, 0, 0, 0, 0, 0, -6, 0,
    0, 0, 0, 0, 0, 0, 0, 0,
    0, 0, 0, 0, 0, 0, 0, 0,
    0, 0, 0, 0, -6, 0, 0, 0,
    0, 0, 0, 0, 0, 0, 0, 0,
    0, 0, 0, 23, 0, 0, 0, 0,
    0, 0, 0, 0, 0, 0, 0, -30,
    0, -42, 0, 0, 0, 0, 0, 0,
    0, 0, 0, 0, 0, -28, -6, -20,
    -10, 0, -28, 0, 0, 0, -3, 0,
    0, 0, 8, 0, 0, -15, 0, -12,
    -7, 0, -6, 0, 0, 0, 0, 0,
    0, 0, 0, 0, 0, 0, 0, 0,
    0, 0, -6, -6, -14, 0, -5, -3,
    -9, -20, -6, 0, 0, 0, 0, 0,
    0, 0, 0, 0, -7, 0, -3, 0,
    -4, 0, 0, 0, 0, 0, 0, 0,
    0, 0, 0, 0, 0, 0, 0, -12,
    -3, -23, 0, 0, 0, 0, 0, 0,
    0, 0, 0, -7, -8, 0, -3, 6,
    6, 0, 0, 1, -6, 0, 0, 0,
    0, 0, 0, 0, 0, 0, -12, 0,
    0, 0, 0, 0, 0, 0, 0, 0,
    0, 0, 0, 0, 0, 0, 0, -8,
    0, 0, 0, 0, 0, 0, 0, 1,
    0, 0, 0, 0, 0, 0, 0, 0,
    0, 0, 0, -17, 0, -26, 0, 0,
    0, 0, 0, 0, -8, -2, -3, 0,
    0, -17, -4, -4, 0, 0, -4, -2,
    -12, 6, 0, -3, 0, 0, 0, 0,
    6, -4, -2, -3, -2, -2, -3, 0,
    -7, 0, 0, 0, -9, 0, 0, 0,
    0, 0, 0, 0, 0, 0, -5, -4,
    -7, 0, -2, -2, -2, -4, -2, 0,
    0, 0, 0, 0, 0, 0, 0, 0,
    -3, 0, -4, -3, -3, -4, 0, -6,
    0, 0, 0, 0, 0, -8, 0, 0,
    0, 0, 0, 0, -9, -3, -7, -5,
    -4, -2, -2, -2, -3, -3, 0, 0,
    0, 0, -6, 0, 0, 0, 0, -9,
    -3, -4, -3, 0, -4, 0, -17, 0,
    0, 0, -9, 0, 0, 0, -5, 0,
    0, 0, -3, 0, -13, 0, -7, 0,
    -3, -2, -6, -6, -6, 0, 0, 0,
    0, 0, 0, 0, 0, 0, 0, 0,
    0, 0, -4, 0, -3, 0, 0, 0,
    0, 0, 0, 0, 0, 0, 0, 0,
    0, 0, 0, 0, 0, 0, 0, 0,
    0, 0, 0, 0, 0, 0, -3, 0,
    0, 0, 0, 0, 0, -7, 0, -3,
    0, -10, -3, 0, 0, 0, 0, 0,
    0, -23, 0, -23, -18, 0, 0, 0,
    -11, -3, -39, -6, 0, 0, 0, 0,
    -7, -1, -9, 0, -10, -4, 0, -7,
    0, 0, -6, -6, -3, -5, -7, -6,
    -8, -6, -10, -4, 0, 0, 0, -7,
    0, 0, 0, 0, 0, 0, 0, -2,
    0, 0, 0, -6, 0, -4, -2, 0,
    0, 0, 0, 0, 0, 0, 0, 0,
    0, 0, 0, 0, 0, 0, 0, 0,
    0, 0, 0, 0, 0, 0, 0, -7,
    0, -7, 0, 0, 0, 0, 0, 0,
    -12, 0, 0, 0, 0, 0, 0, 0,
    0, 0, 0, 0, 0, 0, 0, 0,
    0, 0, 0, 0, 0, 0, 0, 0,
    0, 0, 0, -7, 0, -12, 0, -10,
    0, 0, 0, 0, -3, -3, -6, 0,
    -4, -6, -4, -4, -3, 0, -6, 0,
    0, 0, -3, 0, 0, 0, -3, 0,
    0, -11, -4, -7, -6, -6, -7, -4,
    -14, 0, -30, 0, -46, 0, -15, 0,
    0, 0, 0, -11, 0, -8, 0, -7,
    -35, -9, -22, -16, 0, -23, 0, -23,
    0, -4, -4, -2, 0, 0, 0, 0,
    -6, -3, -12, -10, 0, -12, 0, -28,
    0, 0, 0, 0, -34, -9, -34, -19,
    0, 0, 0, -14, 0, -42, -3, -6,
    0, 0, 0, -7, -3, -20, 0, -12,
    -7, 0, -7, 0, 0, 0, -3, 0,
    0, 0, 0, -4, 0, -6, -2, 0,
    0, 0, -3, 0, -9, 0, 0, 0,
    0, 0, -2, 0, -5, -4, -4, 0,
    0, 2, -2, -2, -3, 0, -2, -3,
    0, -2, 0, 0, 0, 0, 0, 0,
    0, 0, -3, 0, -3, -3, 0, 0,
    0, -4, 0, 4, 0, 0, 0, 0,
    0, 0, 0, -4, -4, -6, 0, 0,
    0, 0, -4, 0, 0, 0, 0, 0,
    0, 0, 0, 0, 0, -7, 0, 0,
    0, 0, 0, -1, -3, 0, 0, 0,
    0, -31, -20, -31, -24, -6, -6, 0,
    -12, -7, -36, -10, 0, 0, 0, 0,
    -6, -4, -15, 0, -20, -20, -5, -20,
    0, 0, -13, -17, -5, -13, -9, -9,
    -10, -9, -21, -19, 0, 0, 0, 0,
    -6, 0, -6, -8, 0, 0, 0, -4,
    0, -14, -3, 0, 0, -2, 0, -3,
    -4, 0, 0, -2, 0, 0, -3, 0,
    0, 0, -2, 0, 0, 0, 0, -3,
    0, 0, 0, 0, 0, 0, 0, -20,
    -5, -20, -12, 0, 0, 0, -4, -3,
    -20, -3, 0, -3, 3, 0, 0, 0,
    -5, 0, -7, -5, 0, -6, 0, 0,
    -6, -4, 0, -9, -3, -3, -5, -3,
    -7, -3, 0, 0, 0, 0, -10, -3,
    -10, -7, 0, 0, 0, 0, -2, -17,
    -2, 0, 0, 0, 0, 0, 0, -2,
    0, -4, 0, 0, -3, 0, 0, 0,
    0, 0, 0, 0, 0, 0, 0, -3,
    0, 0, -3, 0, -3, 0, -9, 0,
    0, 0, 0, 0, 0, -6, -2, -4,
    -6, -3, 0, 0, 0, 0, 0, 0,
    -3, -3, -6, 0, 0, 0, 0, 0,
    -6, -3, -6, -4, -3, -6, -4, -12,
    0, 0, 0, 0, -28, -20, -28, -17,
    -8, -8, -3, -4, -4, -29, -5, -4,
    -3, 0, 0, 0, 0, -7, 0, -20,
    -13, 0, -17, 0, 0, -12, -13, -10,
    -10, -4, -7, -10, -4, -14, -14, 0,
    0, 0, 0, 0, -9, 0, 0, 0,
    0, 0, -2, -6, -9, -9, 0, -3,
    -2, -2, 0, -4, -4, 0, -4, -6,
    -6, -4, 0, 0, 0, 0, -4, -6,
    -4, -4, -7, -4, 0, -17, 0, 0,
    0, 0, 0, 0, 0, 0, 0, 0,
    0, 0, 0, 0, 0, -23, -7, -14,
    -7, 0, -20, 0, 0, 0, 0, 0,
    9, 0, 20, 0, 0, 0, 0, -6,
    -3, 0, 3, 0, 0, 0, 0, 0,
    -15, 0, 0, 0, 0, 0, 0, -5,
    0, 0, 0, 0, -7, 0, -6, -2,
    0, -7, 0, 0, 0, 0, 0, 0,
    0, 0, 0, 0, -4, 0, 0, 0,
    0, 0, 0, 0, 0, -7, 0, -6,
    -3, 2, -3, 0, 0, 0, -5, 0,
    0, 0, 0, -17, 0, -5, 0, -2,
    -14, 0, -8, -4, 0, -1, 0, 0,
    0, 0, -1, -6, 0, -2, -2, -6,
    -2, -2, 0, 0, 0, 0, 0, 0,
    -7, 0, 0, 0, 0, 0, 0, 0,
    0, 0, -6, 0, -4, 0, 0, -7,
    0, 0, -3, -7, 0, -3, 0, 0,
    0, 0, -3, 0, 2, 2, 1, 2,
    0, -4, 0, 0, 0, -9, 0, 3,
    0, 0, 0, 0, -3, 0, 0, -6,
    -6, -7, 0, -6, -3, 0, -8, 0,
    -7, -4, 0, -1, -3, 0, 0, 0,
    0, -3, 0, 0, 0, -3, 0, 0,
    -2, 3, 12, 13, 0, -16, -4, -16,
    -3, 0, 0, 7, 0, 0, 0, 0,
    13, 0, 19, 13, 9, 16, 0, 15,
    -6, -3, 0, -4, 0, -3, 0, -2,
    0, 0, 3, 0, -2, 0, -4, -6,
    0, 0, 3, -9, 0, 0, 0, 12,
    0, 0, -11, 0, 0, 0, 0, -8,
    0, 0, 0, 0, -4, 0, 0, -5,
    -4, 0, 0, 0, 12, 0, 0, 0,
    0, -2, -2, 0, 3, -4, -2, 0,
    0, 0, -9, 0, 0, 0, 0, 0,
    0, -3, 0, 0, 0, 0, -7, 0,
    -3, 0, 0, -6, 0, 0, 0, 0,
    0, 0, 0, 0, 0, 0, 0, 0,
    0, 0, 0, 0, 0, 0, 0, 0,
    0, -6, 3, -16, 3, 0, 3, 3,
    -5, 0, 0, 0, 0, -12, 0, 0,
    0, 0, -4, 0, 0, -3, -6, 0,
    -3, 0, -3, 0, 0, -7, -4, 0,
    0, -3, 0, -3, -8, 0, 0, 0,
    0, 0, 0, 0, 0, 0, 0, 0,
    0, 0, 0, 0, 0, 0, 0, 0,
    0, 0, 0, 0, 0, 0, 0, 0,
    0, 3, 0, 0, 0, 0, 0, 0,
    0, 0, 0, 0, 0, 0, 0, -6,
    0, 0, 0, 0, 0, 0, 0, 0,
    0, 0, 0, -6, 0, -4, 0, 0,
    -9, 0, 0, 0, 0, 0, 0, 0,
    0, 0, 0, 0, 0, 0, 0, 0,
    0, 0, 0, 0, 0, 0, 0, -19,
    -7, -19, -9, 6, 6, 0, -4, 0,
    -17, 0, 0, 0, 0, 0, 0, 0,
    -3, 3, -7, -3, 0, -3, 0, 0,
    0, -2, 0, 0, 6, 4, 0, 6,
    -2, -4, 0, 0, 0, -12, 0, 3,
    0, 0, 0, 0, -4, 0, 0, 0,
    0, -7, 0, -3, 0, 0, -6, 0,
    0, 0, 0, 0, 0, 0, 0, 0,
    0, -6, 0, 0, 0, 0, 0, 0,
    0, 0, 0, 0, 0, 0, -8, 0,
    2, 3, 3, -8, 0, 0, 0, 0,
    -4, 0, 0, 0, 0, -2, 0, 0,
    -6, -4, 0, -3, 0, 0, 0, -3,
    -6, 0, 0, 0, -4, 0, 0, -6,
    0, 0, 0, -3, -12, -3, -12, -6,
    0, 0, 0, -3, 0, -12, 0, -6,
    0, -3, 0, 0, -4, -3, 0, -6,
    -2, 0, 0, 0, -3, 0, 0, 0,
    0, 0, 0, 0, 0, -7, 0, 0,
    0, 0, -3, -16, 0, -16, -2, 0,
    0, 0, -2, 0, -9, 0, -7, 0,
    -3, 0, -4, -7, 0, 0, -3, -2,
    0, 0, 0, -3, 0, 0, 0, 0,
    0, 0, 0, 0, -6, 0, -4, 0,
    0, -6, 3, -4, -3, 0, 0, 3,
    0, 0, -3, 0, -2, -9, 0, -5,
    0, -3, -10, 0, 0, -3, -6, 0,
    0, 0, 0, 0, 0, -7, 0, 0,
    0, 0, -2, 0, -6, 0, 0, 0,
    0, -12, 0, -12, -3, 0, 0, 0,
    0, 0, -12, 0, -6, 0, -2, 0,
    -2, -3, 0, 0, -6, -2, 0, 0,
    0, -3, 0, 0, 0, 0, 0, 0,
    -4, 0, -7, 0, 0, 0, 0, 0,
    0, -6, 0, 0, 0, 0, 0, 0,
    0, 0, 0, -7, 0, 0, 0, 0,
    -7, 0, 0, -6, -3, 0, -2, 0,
    0, 0, 0, 0, -3, -2, 0, 0,
    -2, 0, -3, 0, 0, 0, 0, 0,
    0, 0, 0, 0, 0, 0, -7, 0,
    0, -7, -19, 0, -8, 0, -8, -19,
    -10, 0, 0, 0, 0, 0, 0, 0,
    0, 0, 0, 0, 0, 0, -6, 0,
    0, 0
};


/*Collect the kern class' data in one place*/
static const lv_font_fmt_txt_kern_classes_t kern_classes =
{
    .class_pair_values   = kern_class_values,
    .left_class_mapping  = kern_left_class_mapping,
    .right_class_mapping = kern_right_class_mapping,
    .left_class_cnt      = 46,
    .right_class_cnt     = 39,
};

/*--------------------
 *  ALL CUSTOM DATA
 *--------------------*/

#if LVGL_VERSION_MAJOR == 8
/*Store all the custom data of the font*/
static  lv_font_fmt_txt_glyph_cache_t cache;
#endif

#if LVGL_VERSION_MAJOR >= 8
static const lv_font_fmt_txt_dsc_t font_dsc = {
#else
static lv_font_fmt_txt_dsc_t font_dsc = {
#endif
    .glyph_bitmap = glyph_bitmap,
    .glyph_dsc = glyph_dsc,
    .cmaps = cmaps,
    .kern_dsc = &kern_classes,
    .kern_scale = 16,
    .cmap_num = 6,
    .bpp = 4,
    .kern_classes = 1,
    .bitmap_format = 0,
#if LVGL_VERSION_MAJOR == 8
    .cache = &cache
#endif
};



/*-----------------
 *  PUBLIC FONT
 *----------------*/

/*Initialize a public general font descriptor*/
#if LVGL_VERSION_MAJOR >= 8
const lv_font_t lv_font_sans_16 = {
#else
lv_font_t lv_font_sans_16 = {
#endif
    .get_glyph_dsc = lv_font_get_glyph_dsc_fmt_txt,    /*Function pointer to get glyph's data*/
    .get_glyph_bitmap = lv_font_get_bitmap_fmt_txt,    /*Function pointer to get glyph's bitmap*/
    .line_height = 19,          /*The maximum line height required by the font*/
    .base_line = 4,             /*Baseline measured from the bottom of the line*/
#if !(LVGL_VERSION_MAJOR == 6 && LVGL_VERSION_MINOR == 0)
    .subpx = LV_FONT_SUBPX_NONE,
#endif
#if LV_VERSION_CHECK(7, 4, 0) || LVGL_VERSION_MAJOR >= 8
    .underline_position = -2,
    .underline_thickness = 1,
#endif
    .dsc = &font_dsc,          /*The custom font data. Will be accessed by `get_glyph_bitmap/dsc` */
#if LV_VERSION_CHECK(8, 2, 0) || LVGL_VERSION_MAJOR >= 9
    .fallback = NULL,
#endif
    .user_data = NULL,
};



#endif /*#if LV_FONT_SANS_16*/

