/*******************************************************************************
 * Size: 14 px
 * Bpp: 4
 * Opts: --font /Users/luffydz/Desktop/ai passport/liuyao/assets/fonts/SourceHanSansCN-Medium.otf --size 14 --bpp 4 --format lvgl --no-compress --lv-font-name lv_font_sans_14 --lv-include lvgl.h --force-fast-kern-format --symbols  !"#%&'()*+,-./0123456789:;<=>?ABCDEFGHIJKLMNOPQRSTUVWXYZ[\]_abcdefghijklmnopqrstuvwxyz{|}·…一丁三上下不与丑世丙业中为之乎乙九乾事二五亥亮今他份休位使偏健兄克兑入六其内几出初制前力动助劲势勾午卜占卦卯即取受变可周和囚四回围土在坎坤壬外头妻姻子孙学宅安官实宫害家寅尊局居展己已巳巽平年应底庚康开弟弱当很得心念悬情感戊戌所手扶择按摇效数断施无日旬旺易暂月有期木未末本朱松极果此武死母比气水求没泄火父爻玄生用甲申界癸白盘相着确神离移程空算结缘翻考耗至致艮节范萌落蓄虎蛇螣行表解认设试话调象财费起超足辛辞辰迁运近退选酉金错长阻陈难雀震青静音页顺首鬼默龙， -o /Users/luffydz/Desktop/ai passport/liuyao/ui/fonts/lv_font_sans_14.c
 ******************************************************************************/

#ifdef LV_LVGL_H_INCLUDE_SIMPLE
#include "lvgl.h"
#else
#include "lvgl.h"
#endif

#ifndef LV_FONT_SANS_14
#define LV_FONT_SANS_14 1
#endif

#if LV_FONT_SANS_14

/*-----------------
 *    BITMAPS
 *----------------*/

/*Store the image of the glyphs*/
static LV_ATTRIBUTE_LARGE_CONST const uint8_t glyph_bitmap[] = {
    /* U+0020 " " */

    /* U+0021 "!" */
    0x6f, 0x35, 0xf2, 0x5f, 0x14, 0xf1, 0x4f, 0x3,
    0xf0, 0x2f, 0x1, 0x80, 0x8f, 0x55, 0xe3,

    /* U+0022 "\"" */
    0xbe, 0xa, 0xfb, 0xd0, 0xaf, 0x9c, 0x8, 0xd8,
    0xa0, 0x6b, 0x34, 0x2, 0x50,

    /* U+0023 "#" */
    0x0, 0x68, 0x7, 0x80, 0x0, 0x96, 0xa, 0x50,
    0x1f, 0xff, 0xff, 0xf7, 0x1, 0xe3, 0x1f, 0x20,
    0x0, 0xf0, 0xf, 0x0, 0x0, 0xf0, 0x1e, 0x0,
    0x6f, 0xff, 0xff, 0xf2, 0x6, 0xc2, 0x6b, 0x20,
    0x6, 0x90, 0x78, 0x0, 0x8, 0x70, 0x96, 0x0,

    /* U+0025 "%" */
    0x7, 0xee, 0x50, 0x0, 0x69, 0x0, 0x3, 0xf2,
    0x3f, 0x10, 0xd, 0x10, 0x0, 0x6b, 0x0, 0xe4,
    0x8, 0x70, 0x0, 0x6, 0xb0, 0xe, 0x42, 0xd3,
    0xce, 0x70, 0x3f, 0x24, 0xf1, 0xa5, 0xc7, 0x1e,
    0x30, 0x7e, 0xd4, 0x3c, 0x1f, 0x10, 0xa8, 0x0,
    0x0, 0xc, 0x32, 0xf0, 0x8, 0x90, 0x0, 0x5,
    0xa0, 0x1f, 0x10, 0xa8, 0x0, 0x0, 0xd1, 0x0,
    0xc7, 0x1e, 0x30, 0x0, 0x78, 0x0, 0x2, 0xce,
    0x70,

    /* U+0026 "&" */
    0x0, 0x4d, 0xfa, 0x0, 0x0, 0x0, 0xf9, 0x3f,
    0x60, 0x0, 0x2, 0xf3, 0xf, 0x50, 0x0, 0x0,
    0xf9, 0xcc, 0x0, 0x0, 0x0, 0xbf, 0x90, 0x0,
    0x73, 0xa, 0xed, 0xd1, 0x7, 0xf2, 0x5f, 0x41,
    0xdd, 0x2e, 0xa0, 0x7f, 0x10, 0x1d, 0xfe, 0x10,
    0x3f, 0xc6, 0x6d, 0xff, 0xc4, 0x4, 0xcf, 0xd9,
    0x14, 0xb5,

    /* U+0027 "'" */
    0xbe, 0xbd, 0x9c, 0x8a, 0x34,

    /* U+0028 "(" */
    0x0, 0x71, 0x3, 0xf0, 0xa, 0x90, 0x1f, 0x30,
    0x6e, 0x0, 0x9c, 0x0, 0xab, 0x0, 0xb9, 0x0,
    0xba, 0x0, 0x9c, 0x0, 0x6e, 0x0, 0x2f, 0x20,
    0xb, 0x80, 0x4, 0xe0, 0x0, 0x91,

    /* U+0029 ")" */
    0x17, 0x0, 0x1f, 0x30, 0xa, 0xa0, 0x3, 0xf1,
    0x0, 0xf5, 0x0, 0xd9, 0x0, 0xba, 0x0, 0xab,
    0x0, 0xba, 0x0, 0xd9, 0x0, 0xf6, 0x3, 0xf2,
    0x9, 0xb0, 0xf, 0x40, 0x29, 0x0,

    /* U+002A "*" */
    0x0, 0x1e, 0x0, 0x8, 0x6f, 0x56, 0x8, 0xff,
    0xd6, 0x0, 0xee, 0xb0, 0x4, 0xa0, 0xc1, 0x0,
    0x0, 0x0,

    /* U+002B "+" */
    0x0, 0x3, 0x30, 0x0, 0x0, 0x9, 0x90, 0x0,
    0x0, 0x9, 0x90, 0x0, 0x0, 0x9, 0x90, 0x0,
    0x7f, 0xff, 0xff, 0xf7, 0x12, 0x2b, 0xa2, 0x21,
    0x0, 0x9, 0x90, 0x0, 0x0, 0x9, 0x90, 0x0,

    /* U+002C "," */
    0x0, 0x0, 0xb, 0xe1, 0xa, 0xf5, 0x0, 0xe4,
    0xa, 0xc0, 0x1a, 0x10,

    /* U+002D "-" */
    0x0, 0x0, 0x5, 0xff, 0xf5, 0x12, 0x22, 0x10,

    /* U+002E "." */
    0x12, 0xd, 0xf0, 0xac, 0x0,

    /* U+002F "/" */
    0x0, 0x1, 0xf0, 0x0, 0x5, 0xc0, 0x0, 0xa,
    0x70, 0x0, 0xe, 0x30, 0x0, 0x3e, 0x0, 0x0,
    0x7a, 0x0, 0x0, 0xb5, 0x0, 0x0, 0xf1, 0x0,
    0x4, 0xd0, 0x0, 0x9, 0x80, 0x0, 0xd, 0x40,
    0x0, 0x2f, 0x0, 0x0, 0x6b, 0x0, 0x0, 0xb6,
    0x0, 0x0,

    /* U+0030 "0" */
    0x0, 0x8e, 0xe8, 0x0, 0x8, 0xf7, 0x7f, 0x80,
    0xf, 0x90, 0x9, 0xe0, 0x3f, 0x50, 0x5, 0xf2,
    0x4f, 0x30, 0x4, 0xf4, 0x4f, 0x30, 0x4, 0xf4,
    0x2f, 0x50, 0x5, 0xf2, 0xe, 0x90, 0x9, 0xe0,
    0x8, 0xf7, 0x7f, 0x70, 0x0, 0x8e, 0xe8, 0x0,

    /* U+0031 "1" */
    0x17, 0xdf, 0x0, 0x4, 0xbe, 0xf0, 0x0, 0x0,
    0x8f, 0x0, 0x0, 0x8, 0xf0, 0x0, 0x0, 0x8f,
    0x0, 0x0, 0x8, 0xf0, 0x0, 0x0, 0x8f, 0x0,
    0x0, 0x8, 0xf0, 0x0, 0x45, 0xbf, 0x65, 0xc,
    0xff, 0xff, 0xf1,

    /* U+0032 "2" */
    0x4, 0xbe, 0xd7, 0x0, 0x3f, 0x96, 0xbf, 0x60,
    0x2, 0x0, 0xf, 0xb0, 0x0, 0x0, 0xe, 0xa0,
    0x0, 0x0, 0x3f, 0x60, 0x0, 0x0, 0xcd, 0x0,
    0x0, 0xa, 0xf2, 0x0, 0x0, 0xaf, 0x40, 0x0,
    0xb, 0xf9, 0x55, 0x51, 0x6f, 0xff, 0xff, 0xf4,

    /* U+0033 "3" */
    0x4, 0xbf, 0xe9, 0x0, 0xd, 0x95, 0x9f, 0x90,
    0x0, 0x0, 0xd, 0xc0, 0x0, 0x1, 0x6f, 0x60,
    0x0, 0x7f, 0xf6, 0x0, 0x0, 0x14, 0x8f, 0x80,
    0x0, 0x0, 0x8, 0xf1, 0x2, 0x0, 0x8, 0xf1,
    0x5f, 0x96, 0x9f, 0xb0, 0x6, 0xbe, 0xe9, 0x10,

    /* U+0034 "4" */
    0x0, 0x1, 0xef, 0x30, 0x0, 0xa, 0xef, 0x30,
    0x0, 0x4f, 0x7f, 0x30, 0x1, 0xe9, 0x4f, 0x30,
    0xa, 0xd0, 0x4f, 0x30, 0x4f, 0x40, 0x4f, 0x40,
    0xbf, 0xff, 0xff, 0xf8, 0x23, 0x33, 0x6f, 0x61,
    0x0, 0x0, 0x4f, 0x30, 0x0, 0x0, 0x4f, 0x30,

    /* U+0035 "5" */
    0x8, 0xff, 0xff, 0xb0, 0x9, 0xe6, 0x66, 0x40,
    0xa, 0xc0, 0x0, 0x0, 0xb, 0xed, 0xea, 0x10,
    0x6, 0x83, 0x6f, 0xb0, 0x0, 0x0, 0x9, 0xf1,
    0x0, 0x0, 0x7, 0xf2, 0x3, 0x0, 0xa, 0xf0,
    0x6f, 0x96, 0x9f, 0x80, 0x6, 0xbe, 0xd7, 0x0,

    /* U+0036 "6" */
    0x0, 0x3c, 0xfd, 0x70, 0x3, 0xfa, 0x68, 0x80,
    0xc, 0xb0, 0x0, 0x0, 0xf, 0x7b, 0xfc, 0x30,
    0x2f, 0xf6, 0x4c, 0xe0, 0x3f, 0x60, 0x4, 0xf3,
    0x1f, 0x60, 0x2, 0xf5, 0xd, 0xb0, 0x6, 0xf3,
    0x5, 0xf8, 0x5d, 0xc0, 0x0, 0x6d, 0xfa, 0x10,

    /* U+0037 "7" */
    0x4f, 0xff, 0xff, 0xf5, 0x16, 0x66, 0x6c, 0xe1,
    0x0, 0x0, 0x3f, 0x40, 0x0, 0x0, 0xcb, 0x0,
    0x0, 0x3, 0xf4, 0x0, 0x0, 0x9, 0xe0, 0x0,
    0x0, 0xd, 0xb0, 0x0, 0x0, 0xf, 0x80, 0x0,
    0x0, 0x2f, 0x70, 0x0, 0x0, 0x3f, 0x60, 0x0,

    /* U+0038 "8" */
    0x0, 0x9e, 0xea, 0x10, 0x9, 0xf5, 0x5e, 0xa0,
    0xd, 0xa0, 0x8, 0xe0, 0x9, 0xc0, 0x8, 0xa0,
    0x0, 0xcd, 0x6c, 0x10, 0x6, 0xd6, 0xcf, 0x60,
    0x2f, 0x40, 0x9, 0xf2, 0x4f, 0x20, 0x4, 0xf4,
    0x1e, 0xc5, 0x5c, 0xe1, 0x2, 0xbe, 0xeb, 0x30,

    /* U+0039 "9" */
    0x2, 0xbf, 0xd6, 0x0, 0xd, 0xd5, 0x8f, 0x50,
    0x4f, 0x40, 0xa, 0xd0, 0x5f, 0x30, 0x5, 0xf1,
    0x2f, 0xa1, 0x3d, 0xf3, 0x6, 0xff, 0xe8, 0xf1,
    0x0, 0x1, 0x7, 0xf0, 0x0, 0x0, 0xd, 0xb0,
    0xc, 0x86, 0xcf, 0x30, 0x6, 0xdf, 0xc3, 0x0,

    /* U+003A ":" */
    0xac, 0xd, 0xf0, 0x12, 0x0, 0x0, 0x0, 0x1,
    0x20, 0xdf, 0xa, 0xc0,

    /* U+003B ";" */
    0xa, 0xc0, 0xd, 0xf0, 0x1, 0x20, 0x0, 0x0,
    0x0, 0x0, 0x0, 0x0, 0xb, 0xe1, 0xa, 0xf5,
    0x0, 0xe4, 0xa, 0xc0, 0x1a, 0x10,

    /* U+003C "<" */
    0x0, 0x0, 0x0, 0x43, 0x0, 0x1, 0x7d, 0xf6,
    0x4, 0xaf, 0xc7, 0x10, 0x7f, 0xb2, 0x0, 0x0,
    0x3b, 0xfc, 0x61, 0x0, 0x0, 0x17, 0xdf, 0xa2,
    0x0, 0x0, 0x4, 0xa6, 0x0, 0x0, 0x0, 0x0,

    /* U+003D "=" */
    0x7f, 0xff, 0xff, 0xf7, 0x12, 0x22, 0x22, 0x21,
    0x0, 0x0, 0x0, 0x0, 0x0, 0x0, 0x0, 0x0,
    0x7f, 0xff, 0xff, 0xf7, 0x12, 0x22, 0x22, 0x21,

    /* U+003E ">" */
    0x44, 0x0, 0x0, 0x0, 0x6f, 0xd7, 0x10, 0x0,
    0x1, 0x7c, 0xfa, 0x40, 0x0, 0x0, 0x2b, 0xf7,
    0x0, 0x16, 0xcf, 0xb2, 0x3a, 0xfd, 0x71, 0x0,
    0x7a, 0x40, 0x0, 0x0, 0x0, 0x0, 0x0, 0x0,

    /* U+003F "?" */
    0x5, 0xcf, 0xc4, 0x1, 0xe8, 0x7e, 0xf0, 0x0,
    0x0, 0x8f, 0x10, 0x0, 0xd, 0xa0, 0x0, 0xb,
    0xd0, 0x0, 0x5, 0xf3, 0x0, 0x0, 0x4a, 0x0,
    0x0, 0x0, 0x20, 0x0, 0x0, 0xbf, 0x20, 0x0,
    0x8, 0xd1, 0x0,

    /* U+0041 "A" */
    0x0, 0xc, 0xf7, 0x0, 0x0, 0x1, 0xfc, 0xc0,
    0x0, 0x0, 0x6e, 0x4f, 0x20, 0x0, 0xc, 0xa0,
    0xf7, 0x0, 0x1, 0xf5, 0xb, 0xd0, 0x0, 0x7f,
    0x10, 0x7f, 0x20, 0xc, 0xff, 0xff, 0xf8, 0x2,
    0xf8, 0x33, 0x3d, 0xd0, 0x7f, 0x20, 0x0, 0x7f,
    0x3d, 0xc0, 0x0, 0x2, 0xf8,

    /* U+0042 "B" */
    0xaf, 0xff, 0xeb, 0x30, 0xaf, 0x44, 0x6e, 0xe0,
    0xaf, 0x0, 0x7, 0xf1, 0xaf, 0x0, 0x3c, 0xc0,
    0xaf, 0xff, 0xfe, 0x20, 0xaf, 0x33, 0x4b, 0xf4,
    0xaf, 0x0, 0x0, 0xea, 0xaf, 0x0, 0x0, 0xfa,
    0xaf, 0x44, 0x6c, 0xf4, 0xaf, 0xff, 0xeb, 0x40,

    /* U+0043 "C" */
    0x0, 0x8, 0xdf, 0xc5, 0x0, 0xd, 0xfa, 0x7a,
    0xf2, 0x9, 0xf4, 0x0, 0x1, 0x0, 0xfb, 0x0,
    0x0, 0x0, 0x1f, 0x80, 0x0, 0x0, 0x2, 0xf8,
    0x0, 0x0, 0x0, 0xf, 0xb0, 0x0, 0x0, 0x0,
    0xaf, 0x40, 0x0, 0x30, 0x1, 0xef, 0xa7, 0xaf,
    0x40, 0x1, 0x9d, 0xfc, 0x50,

    /* U+0044 "D" */
    0xaf, 0xfe, 0xc7, 0x0, 0xaf, 0x56, 0xaf, 0xc0,
    0xaf, 0x0, 0x6, 0xf7, 0xaf, 0x0, 0x0, 0xec,
    0xaf, 0x0, 0x0, 0xbe, 0xaf, 0x0, 0x0, 0xbe,
    0xaf, 0x0, 0x0, 0xec, 0xaf, 0x0, 0x7, 0xf6,
    0xaf, 0x56, 0xaf, 0xc0, 0xaf, 0xfe, 0xc7, 0x0,

    /* U+0045 "E" */
    0xaf, 0xff, 0xff, 0x7a, 0xf6, 0x66, 0x62, 0xaf,
    0x0, 0x0, 0xa, 0xf1, 0x11, 0x10, 0xaf, 0xff,
    0xfc, 0xa, 0xf4, 0x44, 0x30, 0xaf, 0x0, 0x0,
    0xa, 0xf0, 0x0, 0x0, 0xaf, 0x66, 0x66, 0x3a,
    0xff, 0xff, 0xf9,

    /* U+0046 "F" */
    0xaf, 0xff, 0xff, 0x7a, 0xf6, 0x66, 0x62, 0xaf,
    0x0, 0x0, 0xa, 0xf1, 0x11, 0x10, 0xaf, 0xff,
    0xfc, 0xa, 0xf4, 0x44, 0x30, 0xaf, 0x0, 0x0,
    0xa, 0xf0, 0x0, 0x0, 0xaf, 0x0, 0x0, 0xa,
    0xf0, 0x0, 0x0,

    /* U+0047 "G" */
    0x0, 0x8, 0xcf, 0xc7, 0x0, 0xd, 0xfa, 0x78,
    0xe5, 0x9, 0xf5, 0x0, 0x0, 0x0, 0xeb, 0x0,
    0x1, 0x11, 0x1f, 0x80, 0xa, 0xff, 0xc2, 0xf8,
    0x0, 0x24, 0xbc, 0xf, 0xb0, 0x0, 0xa, 0xc0,
    0x9f, 0x40, 0x0, 0xac, 0x1, 0xdf, 0xa7, 0x9f,
    0xc0, 0x0, 0x8d, 0xfd, 0x91,

    /* U+0048 "H" */
    0xaf, 0x0, 0x0, 0x9f, 0xa, 0xf0, 0x0, 0x9,
    0xf0, 0xaf, 0x0, 0x0, 0x9f, 0xa, 0xf1, 0x11,
    0x1a, 0xf0, 0xaf, 0xff, 0xff, 0xff, 0xa, 0xf4,
    0x44, 0x4b, 0xf0, 0xaf, 0x0, 0x0, 0x9f, 0xa,
    0xf0, 0x0, 0x9, 0xf0, 0xaf, 0x0, 0x0, 0x9f,
    0xa, 0xf0, 0x0, 0x9, 0xf0,

    /* U+0049 "I" */
    0xaf, 0xaf, 0xaf, 0xaf, 0xaf, 0xaf, 0xaf, 0xaf,
    0xaf, 0xaf,

    /* U+004A "J" */
    0x0, 0x0, 0x3f, 0x60, 0x0, 0x3, 0xf6, 0x0,
    0x0, 0x3f, 0x60, 0x0, 0x3, 0xf6, 0x0, 0x0,
    0x3f, 0x60, 0x0, 0x3, 0xf6, 0x0, 0x0, 0x3f,
    0x60, 0x40, 0x5, 0xf4, 0x4f, 0xa8, 0xee, 0x0,
    0x6c, 0xfc, 0x30,

    /* U+004B "K" */
    0xaf, 0x0, 0x7, 0xf5, 0xa, 0xf0, 0x4, 0xf8,
    0x0, 0xaf, 0x2, 0xfa, 0x0, 0xa, 0xf1, 0xdd,
    0x0, 0x0, 0xaf, 0xcf, 0xe0, 0x0, 0xa, 0xff,
    0x7f, 0x80, 0x0, 0xaf, 0x60, 0x9f, 0x20, 0xa,
    0xf0, 0x1, 0xec, 0x0, 0xaf, 0x0, 0x6, 0xf5,
    0xa, 0xf0, 0x0, 0xd, 0xe1,

    /* U+004C "L" */
    0xaf, 0x0, 0x0, 0xa, 0xf0, 0x0, 0x0, 0xaf,
    0x0, 0x0, 0xa, 0xf0, 0x0, 0x0, 0xaf, 0x0,
    0x0, 0xa, 0xf0, 0x0, 0x0, 0xaf, 0x0, 0x0,
    0xa, 0xf0, 0x0, 0x0, 0xaf, 0x66, 0x66, 0x2a,
    0xff, 0xff, 0xf5,

    /* U+004D "M" */
    0xaf, 0x60, 0x0, 0xc, 0xf4, 0xaf, 0xc0, 0x0,
    0x2f, 0xf4, 0xac, 0xf2, 0x0, 0x8c, 0xf4, 0xab,
    0xc8, 0x0, 0xe8, 0xf4, 0xac, 0x6e, 0x4, 0xf4,
    0xf4, 0xac, 0x1f, 0x49, 0xa3, 0xf4, 0xac, 0xa,
    0x9e, 0x43, 0xf4, 0xac, 0x4, 0xfd, 0x3, 0xf4,
    0xac, 0x0, 0xe7, 0x3, 0xf4, 0xac, 0x0, 0x0,
    0x3, 0xf4,

    /* U+004E "N" */
    0xaf, 0x50, 0x0, 0x9e, 0xaf, 0xd0, 0x0, 0x9e,
    0xac, 0xe7, 0x0, 0x9e, 0xac, 0x7f, 0x10, 0x9e,
    0xad, 0xe, 0xa0, 0x9e, 0xae, 0x5, 0xf3, 0x9e,
    0xae, 0x0, 0xcc, 0x8e, 0xae, 0x0, 0x3f, 0xbe,
    0xae, 0x0, 0x9, 0xfe, 0xae, 0x0, 0x1, 0xfe,

    /* U+004F "O" */
    0x0, 0x19, 0xdf, 0xc6, 0x0, 0x1, 0xef, 0x97,
    0xcf, 0x90, 0xa, 0xf3, 0x0, 0xa, 0xf3, 0xf,
    0xb0, 0x0, 0x2, 0xf8, 0x2f, 0x80, 0x0, 0x0,
    0xfb, 0x1f, 0x80, 0x0, 0x0, 0xfa, 0xf, 0xb0,
    0x0, 0x2, 0xf8, 0x9, 0xf4, 0x0, 0xa, 0xf3,
    0x1, 0xef, 0x98, 0xcf, 0x80, 0x0, 0x19, 0xdf,
    0xc5, 0x0,

    /* U+0050 "P" */
    0xaf, 0xff, 0xea, 0x20, 0xaf, 0x55, 0x7e, 0xe1,
    0xaf, 0x0, 0x5, 0xf4, 0xaf, 0x0, 0x4, 0xf4,
    0xaf, 0x1, 0x3c, 0xf1, 0xaf, 0xff, 0xfd, 0x40,
    0xaf, 0x33, 0x20, 0x0, 0xaf, 0x0, 0x0, 0x0,
    0xaf, 0x0, 0x0, 0x0, 0xaf, 0x0, 0x0, 0x0,

    /* U+0051 "Q" */
    0x0, 0x9, 0xdf, 0xb5, 0x0, 0x0, 0x1d, 0xf9,
    0x7c, 0xf7, 0x0, 0x8, 0xf4, 0x0, 0xb, 0xf2,
    0x0, 0xec, 0x0, 0x0, 0x3f, 0x70, 0x1f, 0x90,
    0x0, 0x0, 0xfa, 0x2, 0xf7, 0x0, 0x0, 0xe,
    0xb0, 0xf, 0x90, 0x0, 0x0, 0xf9, 0x0, 0xdd,
    0x0, 0x0, 0x4f, 0x60, 0x6, 0xf7, 0x0, 0x1d,
    0xe0, 0x0, 0xa, 0xfc, 0xae, 0xf4, 0x0, 0x0,
    0x4, 0xcf, 0xa2, 0x0, 0x0, 0x0, 0x1, 0xee,
    0x52, 0x20, 0x0, 0x0, 0x2, 0xcf, 0xff, 0x0,
    0x0, 0x0, 0x0, 0x13, 0x20,

    /* U+0052 "R" */
    0xaf, 0xff, 0xeb, 0x30, 0xaf, 0x55, 0x7e, 0xe1,
    0xaf, 0x0, 0x4, 0xf5, 0xaf, 0x0, 0x3, 0xf6,
    0xaf, 0x1, 0x3c, 0xf2, 0xaf, 0xff, 0xfd, 0x30,
    0xaf, 0x35, 0xf9, 0x0, 0xaf, 0x0, 0x9f, 0x30,
    0xaf, 0x0, 0xe, 0xd0, 0xaf, 0x0, 0x5, 0xf7,

    /* U+0053 "S" */
    0x0, 0x7d, 0xfc, 0x60, 0x8, 0xfb, 0x7a, 0xf5,
    0xd, 0xd0, 0x0, 0x10, 0xa, 0xf5, 0x0, 0x0,
    0x1, 0xbf, 0xd7, 0x0, 0x0, 0x3, 0xaf, 0xe3,
    0x0, 0x0, 0x2, 0xfc, 0x5, 0x0, 0x0, 0xed,
    0x1f, 0xe9, 0x8c, 0xf7, 0x1, 0x9d, 0xfd, 0x60,

    /* U+0054 "T" */
    0x8f, 0xff, 0xff, 0xff, 0x13, 0x66, 0xbf, 0x76,
    0x60, 0x0, 0x8, 0xf1, 0x0, 0x0, 0x0, 0x8f,
    0x10, 0x0, 0x0, 0x8, 0xf1, 0x0, 0x0, 0x0,
    0x8f, 0x10, 0x0, 0x0, 0x8, 0xf1, 0x0, 0x0,
    0x0, 0x8f, 0x10, 0x0, 0x0, 0x8, 0xf1, 0x0,
    0x0, 0x0, 0x8f, 0x10, 0x0,

    /* U+0055 "U" */
    0xbe, 0x0, 0x0, 0x9f, 0xbe, 0x0, 0x0, 0x9f,
    0xbe, 0x0, 0x0, 0x9f, 0xbe, 0x0, 0x0, 0x9f,
    0xbe, 0x0, 0x0, 0x9f, 0xbe, 0x0, 0x0, 0x9f,
    0x9f, 0x0, 0x0, 0xbd, 0x6f, 0x50, 0x1, 0xfa,
    0xe, 0xf8, 0x7d, 0xf3, 0x2, 0xae, 0xfc, 0x40,

    /* U+0056 "V" */
    0xd, 0xd0, 0x0, 0x7, 0xf2, 0x8, 0xf2, 0x0,
    0xc, 0xd0, 0x3, 0xf6, 0x0, 0xf, 0x80, 0x0,
    0xeb, 0x0, 0x5f, 0x30, 0x0, 0x9f, 0x0, 0xae,
    0x0, 0x0, 0x4f, 0x40, 0xe9, 0x0, 0x0, 0xe,
    0x93, 0xf3, 0x0, 0x0, 0x9, 0xe7, 0xe0, 0x0,
    0x0, 0x4, 0xfe, 0x90, 0x0, 0x0, 0x0, 0xef,
    0x40, 0x0,

    /* U+0057 "W" */
    0x9f, 0x10, 0x8, 0xf2, 0x0, 0x7f, 0x15, 0xf4,
    0x0, 0xcf, 0x60, 0xa, 0xe0, 0x2f, 0x70, 0x1f,
    0xca, 0x0, 0xda, 0x0, 0xfa, 0x4, 0xe6, 0xe0,
    0xf, 0x70, 0xb, 0xd0, 0x9b, 0x3f, 0x23, 0xf4,
    0x0, 0x8f, 0xd, 0x70, 0xf6, 0x6f, 0x10, 0x5,
    0xf3, 0xf3, 0xb, 0xa9, 0xd0, 0x0, 0x1f, 0x9f,
    0x0, 0x7d, 0xba, 0x0, 0x0, 0xef, 0xb0, 0x3,
    0xff, 0x70, 0x0, 0xa, 0xf7, 0x0, 0xf, 0xf4,
    0x0,

    /* U+0058 "X" */
    0x4f, 0x70, 0x1, 0xfa, 0x0, 0xbf, 0x10, 0x8f,
    0x20, 0x2, 0xf8, 0x1f, 0x80, 0x0, 0x9, 0xf9,
    0xe0, 0x0, 0x0, 0x1f, 0xf6, 0x0, 0x0, 0x3,
    0xff, 0x80, 0x0, 0x0, 0xcc, 0x9f, 0x20, 0x0,
    0x5f, 0x41, 0xfa, 0x0, 0xe, 0xb0, 0x7, 0xf4,
    0x7, 0xf3, 0x0, 0xe, 0xd0,

    /* U+0059 "Y" */
    0xc, 0xe0, 0x0, 0x2f, 0x80, 0x4f, 0x50, 0x9,
    0xf1, 0x0, 0xcd, 0x1, 0xf8, 0x0, 0x4, 0xf4,
    0x7f, 0x10, 0x0, 0xc, 0xbe, 0x80, 0x0, 0x0,
    0x4f, 0xf1, 0x0, 0x0, 0x0, 0xfa, 0x0, 0x0,
    0x0, 0xf, 0xa0, 0x0, 0x0, 0x0, 0xfa, 0x0,
    0x0, 0x0, 0xf, 0xa0, 0x0,

    /* U+005A "Z" */
    0xd, 0xff, 0xff, 0xfd, 0x5, 0x66, 0x69, 0xf7,
    0x0, 0x0, 0xe, 0xc0, 0x0, 0x0, 0x9f, 0x20,
    0x0, 0x4, 0xf7, 0x0, 0x0, 0x1e, 0xc0, 0x0,
    0x0, 0xaf, 0x20, 0x0, 0x5, 0xf6, 0x0, 0x0,
    0x1e, 0xe6, 0x66, 0x65, 0x5f, 0xff, 0xff, 0xfd,

    /* U+005B "[" */
    0x8f, 0xe5, 0x8a, 0x0, 0x8a, 0x0, 0x8a, 0x0,
    0x8a, 0x0, 0x8a, 0x0, 0x8a, 0x0, 0x8a, 0x0,
    0x8a, 0x0, 0x8a, 0x0, 0x8a, 0x0, 0x8a, 0x0,
    0x8a, 0x0, 0x8e, 0xe5,

    /* U+005C "\\" */
    0x98, 0x0, 0x0, 0x4d, 0x0, 0x0, 0xf, 0x10,
    0x0, 0xb, 0x60, 0x0, 0x7, 0xa0, 0x0, 0x3,
    0xe0, 0x0, 0x0, 0xe3, 0x0, 0x0, 0xa7, 0x0,
    0x0, 0x5c, 0x0, 0x0, 0x1f, 0x0, 0x0, 0xc,
    0x50, 0x0, 0x8, 0x90, 0x0, 0x3, 0xe0, 0x0,
    0x0, 0xf2,

    /* U+005D "]" */
    0x6e, 0xf8, 0x0, 0xa8, 0x0, 0xa8, 0x0, 0xa8,
    0x0, 0xa8, 0x0, 0xa8, 0x0, 0xa8, 0x0, 0xa8,
    0x0, 0xa8, 0x0, 0xa8, 0x0, 0xa8, 0x0, 0xa8,
    0x0, 0xa8, 0x6e, 0xf8,

    /* U+005F "_" */
    0xbe, 0xee, 0xee, 0xea, 0x11, 0x11, 0x11, 0x11,

    /* U+0061 "a" */
    0x3, 0xad, 0xea, 0x10, 0xab, 0x67, 0xf9, 0x0,
    0x0, 0xc, 0xe0, 0x5, 0xbe, 0xff, 0xb, 0xe6,
    0x2a, 0xf2, 0xf6, 0x0, 0xaf, 0x1f, 0xc5, 0x9f,
    0xf0, 0x6e, 0xe8, 0x7f,

    /* U+0062 "b" */
    0xcc, 0x0, 0x0, 0x0, 0xcc, 0x0, 0x0, 0x0,
    0xcc, 0x0, 0x0, 0x0, 0xcc, 0x7d, 0xe9, 0x0,
    0xcf, 0xc6, 0xaf, 0x80, 0xcd, 0x0, 0xc, 0xe0,
    0xcc, 0x0, 0x9, 0xf1, 0xcc, 0x0, 0xa, 0xf0,
    0xcd, 0x0, 0xe, 0xd0, 0xcf, 0xa6, 0xbf, 0x50,
    0xc9, 0x9e, 0xd6, 0x0,

    /* U+0063 "c" */
    0x0, 0x6d, 0xfc, 0x40, 0x7f, 0xb6, 0xa4, 0xf,
    0xb0, 0x0, 0x3, 0xf6, 0x0, 0x0, 0x3f, 0x60,
    0x0, 0x1, 0xfb, 0x0, 0x0, 0x8, 0xfa, 0x6a,
    0x80, 0x7, 0xdf, 0xc3,

    /* U+0064 "d" */
    0x0, 0x0, 0x0, 0xf9, 0x0, 0x0, 0x0, 0xf9,
    0x0, 0x0, 0x0, 0xf9, 0x0, 0x8e, 0xe8, 0xf9,
    0x8, 0xfa, 0x6b, 0xf9, 0xf, 0xb0, 0x0, 0xf9,
    0x3f, 0x60, 0x0, 0xf9, 0x3f, 0x60, 0x0, 0xf9,
    0x1f, 0xa0, 0x0, 0xf9, 0xa, 0xf9, 0x6d, 0xf9,
    0x0, 0xae, 0xd6, 0xc9,

    /* U+0065 "e" */
    0x0, 0x7d, 0xeb, 0x20, 0x8, 0xf8, 0x6d, 0xd0,
    0xf, 0x80, 0x3, 0xf3, 0x3f, 0xff, 0xff, 0xf4,
    0x3f, 0x62, 0x22, 0x20, 0x1f, 0xa0, 0x0, 0x0,
    0x8, 0xf9, 0x57, 0x90, 0x0, 0x6d, 0xfd, 0x70,

    /* U+0066 "f" */
    0x0, 0xae, 0xe2, 0x6, 0xf9, 0x50, 0x8, 0xf1,
    0x0, 0x8f, 0xff, 0xa0, 0x2a, 0xf6, 0x30, 0x8,
    0xf1, 0x0, 0x8, 0xf1, 0x0, 0x8, 0xf1, 0x0,
    0x8, 0xf1, 0x0, 0x8, 0xf1, 0x0, 0x8, 0xf1,
    0x0,

    /* U+0067 "g" */
    0x1, 0xae, 0xff, 0xfb, 0xc, 0xd1, 0x3f, 0x92,
    0xf, 0x80, 0xb, 0xb0, 0xc, 0xd1, 0x2f, 0x90,
    0x4, 0xff, 0xfb, 0x0, 0xb, 0x80, 0x0, 0x0,
    0xd, 0xc5, 0x44, 0x20, 0x7, 0xff, 0xff, 0xf7,
    0x2f, 0x30, 0x1, 0xdc, 0x3f, 0x82, 0x26, 0xf7,
    0x6, 0xdf, 0xec, 0x50,

    /* U+0068 "h" */
    0xcc, 0x0, 0x0, 0xc, 0xc0, 0x0, 0x0, 0xcc,
    0x0, 0x0, 0xc, 0xc5, 0xce, 0x90, 0xcf, 0xd7,
    0xcf, 0x5c, 0xe0, 0x1, 0xf8, 0xcc, 0x0, 0xf,
    0x9c, 0xc0, 0x0, 0xf9, 0xcc, 0x0, 0xf, 0x9c,
    0xc0, 0x0, 0xf9, 0xcc, 0x0, 0xf, 0x90,

    /* U+0069 "i" */
    0xbc, 0xa, 0xb0, 0x0, 0xc, 0xc0, 0xcc, 0xc,
    0xc0, 0xcc, 0xc, 0xc0, 0xcc, 0xc, 0xc0, 0xcc,
    0x0,

    /* U+006A "j" */
    0x0, 0xbc, 0x0, 0xa, 0xb0, 0x0, 0x0, 0x0,
    0xc, 0xd0, 0x0, 0xcd, 0x0, 0xc, 0xd0, 0x0,
    0xcd, 0x0, 0xc, 0xd0, 0x0, 0xcd, 0x0, 0xc,
    0xd0, 0x0, 0xcd, 0x0, 0xd, 0xc0, 0x26, 0xfa,
    0x7, 0xfc, 0x20,

    /* U+006B "k" */
    0xcc, 0x0, 0x0, 0xc, 0xc0, 0x0, 0x0, 0xcc,
    0x0, 0x0, 0xc, 0xc0, 0x8, 0xf3, 0xcc, 0x5,
    0xf6, 0xc, 0xc2, 0xf9, 0x0, 0xcd, 0xdf, 0x30,
    0xc, 0xfe, 0xdc, 0x0, 0xcf, 0x34, 0xf6, 0xc,
    0xc0, 0xb, 0xe1, 0xcc, 0x0, 0x2f, 0x90,

    /* U+006C "l" */
    0xcc, 0xc, 0xc0, 0xcc, 0xc, 0xc0, 0xcc, 0xc,
    0xc0, 0xcc, 0xc, 0xc0, 0xcc, 0xa, 0xe2, 0x4f,
    0x90,

    /* U+006D "m" */
    0xc9, 0x5d, 0xe7, 0x9, 0xed, 0x30, 0xce, 0xd8,
    0xdf, 0xda, 0x8f, 0xc0, 0xce, 0x0, 0x4f, 0x90,
    0xa, 0xf0, 0xcc, 0x0, 0x2f, 0x70, 0x8, 0xf1,
    0xcc, 0x0, 0x2f, 0x70, 0x8, 0xf1, 0xcc, 0x0,
    0x2f, 0x70, 0x8, 0xf1, 0xcc, 0x0, 0x2f, 0x70,
    0x8, 0xf1, 0xcc, 0x0, 0x2f, 0x70, 0x8, 0xf1,

    /* U+006E "n" */
    0xc9, 0x5c, 0xe9, 0xc, 0xed, 0x7c, 0xf5, 0xce,
    0x0, 0x1f, 0x8c, 0xc0, 0x0, 0xf9, 0xcc, 0x0,
    0xf, 0x9c, 0xc0, 0x0, 0xf9, 0xcc, 0x0, 0xf,
    0x9c, 0xc0, 0x0, 0xf9,

    /* U+006F "o" */
    0x0, 0x7d, 0xfb, 0x20, 0x8, 0xf9, 0x6d, 0xf2,
    0x1f, 0xa0, 0x1, 0xfa, 0x3f, 0x60, 0x0, 0xcd,
    0x3f, 0x60, 0x0, 0xcd, 0x1f, 0xa0, 0x1, 0xfa,
    0x8, 0xf9, 0x6d, 0xf2, 0x0, 0x7d, 0xfb, 0x30,

    /* U+0070 "p" */
    0xc9, 0x7d, 0xe9, 0x0, 0xcf, 0xc6, 0xaf, 0x80,
    0xcd, 0x0, 0xc, 0xe0, 0xcc, 0x0, 0x9, 0xf1,
    0xcc, 0x0, 0xa, 0xf0, 0xcd, 0x0, 0xe, 0xd0,
    0xcf, 0xa6, 0xbf, 0x50, 0xcd, 0x9e, 0xd6, 0x0,
    0xcc, 0x0, 0x0, 0x0, 0xcc, 0x0, 0x0, 0x0,
    0xcc, 0x0, 0x0, 0x0,

    /* U+0071 "q" */
    0x0, 0x8e, 0xe9, 0xc9, 0x8, 0xf7, 0x38, 0xf9,
    0xf, 0xa0, 0x0, 0xf9, 0x3f, 0x60, 0x0, 0xf9,
    0x3f, 0x60, 0x0, 0xf9, 0x1f, 0xa0, 0x0, 0xf9,
    0xa, 0xf9, 0x6d, 0xf9, 0x0, 0xae, 0xd6, 0xf9,
    0x0, 0x0, 0x0, 0xf9, 0x0, 0x0, 0x0, 0xf9,
    0x0, 0x0, 0x0, 0xf9,

    /* U+0072 "r" */
    0xc9, 0x5d, 0x9c, 0xde, 0x84, 0xcf, 0x20, 0xc,
    0xd0, 0x0, 0xcc, 0x0, 0xc, 0xc0, 0x0, 0xcc,
    0x0, 0xc, 0xc0, 0x0,

    /* U+0073 "s" */
    0x4, 0xdf, 0xc6, 0x0, 0xfb, 0x57, 0x80, 0x2f,
    0x80, 0x0, 0x0, 0x9f, 0xd5, 0x0, 0x0, 0x2a,
    0xfc, 0x0, 0x0, 0x6, 0xf2, 0x4d, 0x64, 0xcf,
    0x11, 0x8d, 0xfc, 0x40,

    /* U+0074 "t" */
    0x5, 0xf1, 0x0, 0x6, 0xf1, 0x0, 0xaf, 0xff,
    0xf1, 0x3a, 0xf5, 0x40, 0x8, 0xf1, 0x0, 0x8,
    0xf1, 0x0, 0x8, 0xf1, 0x0, 0x8, 0xf2, 0x0,
    0x5, 0xfa, 0x60, 0x0, 0x9f, 0xd2,

    /* U+0075 "u" */
    0xdb, 0x0, 0x2f, 0x7d, 0xb0, 0x2, 0xf7, 0xdb,
    0x0, 0x2f, 0x7d, 0xb0, 0x2, 0xf7, 0xdb, 0x0,
    0x2f, 0x7d, 0xd0, 0x4, 0xf7, 0x9f, 0xa8, 0xef,
    0x71, 0xcf, 0xb2, 0xe7,

    /* U+0076 "v" */
    0xaf, 0x0, 0x4, 0xf4, 0x4f, 0x40, 0x9, 0xe0,
    0xf, 0x90, 0xe, 0x90, 0xa, 0xe0, 0x3f, 0x40,
    0x4, 0xf3, 0x8e, 0x0, 0x0, 0xe7, 0xc9, 0x0,
    0x0, 0x9d, 0xf4, 0x0, 0x0, 0x4f, 0xe0, 0x0,

    /* U+0077 "w" */
    0x7f, 0x10, 0xf, 0xb0, 0x6, 0xf1, 0x3f, 0x50,
    0x4f, 0xf0, 0xa, 0xd0, 0xf, 0x90, 0x89, 0xf3,
    0xd, 0x90, 0xb, 0xd0, 0xc6, 0xc7, 0x1f, 0x50,
    0x7, 0xf1, 0xf2, 0x9b, 0x5f, 0x10, 0x3, 0xf7,
    0xe0, 0x5f, 0x8d, 0x0, 0x0, 0xee, 0xa0, 0x1f,
    0xe9, 0x0, 0x0, 0xaf, 0x70, 0xd, 0xf5, 0x0,

    /* U+0078 "x" */
    0x4f, 0x60, 0xe, 0xa0, 0xb, 0xe0, 0x7f, 0x20,
    0x2, 0xf9, 0xe8, 0x0, 0x0, 0x8f, 0xe0, 0x0,
    0x0, 0xbf, 0xe0, 0x0, 0x4, 0xf5, 0xf9, 0x0,
    0xd, 0xb0, 0x8f, 0x30, 0x7f, 0x20, 0xd, 0xc0,

    /* U+0079 "y" */
    0x9f, 0x0, 0x4, 0xf4, 0x3f, 0x50, 0x9, 0xe0,
    0xd, 0xb0, 0xe, 0x90, 0x6, 0xf1, 0x3f, 0x30,
    0x1, 0xf6, 0x8e, 0x0, 0x0, 0xab, 0xc8, 0x0,
    0x0, 0x3f, 0xf3, 0x0, 0x0, 0xd, 0xd0, 0x0,
    0x0, 0x1f, 0x70, 0x0, 0x6, 0xce, 0x10, 0x0,
    0x4f, 0xc3, 0x0, 0x0,

    /* U+007A "z" */
    0xf, 0xff, 0xff, 0x50, 0x44, 0x5e, 0xe0, 0x0,
    0x7, 0xf4, 0x0, 0x2, 0xfa, 0x0, 0x0, 0xce,
    0x10, 0x0, 0x6f, 0x50, 0x0, 0x2f, 0xd4, 0x44,
    0x27, 0xff, 0xff, 0xf7,

    /* U+007B "{" */
    0x0, 0xbf, 0x50, 0x3f, 0x30, 0x3, 0xf0, 0x0,
    0x3f, 0x10, 0x2, 0xf1, 0x0, 0x7f, 0x0, 0x7f,
    0x60, 0x0, 0x7e, 0x0, 0x2, 0xf1, 0x0, 0x2f,
    0x10, 0x3, 0xf0, 0x0, 0x4f, 0x0, 0x2, 0xf4,
    0x0, 0x9, 0xe5,

    /* U+007C "|" */
    0x97, 0x97, 0x97, 0x97, 0x97, 0x97, 0x97, 0x97,
    0x97, 0x97, 0x97, 0x97, 0x97, 0x97, 0x97, 0x97,

    /* U+007D "}" */
    0x6f, 0xa0, 0x0, 0x4f, 0x20, 0x1, 0xf3, 0x0,
    0x1f, 0x20, 0x2, 0xf2, 0x0, 0xf, 0x60, 0x0,
    0x6f, 0x70, 0xf, 0x70, 0x1, 0xf2, 0x0, 0x1f,
    0x20, 0x1, 0xf3, 0x0, 0x1f, 0x30, 0x5, 0xf2,
    0x6, 0xe9, 0x0,

    /* U+00B7 "·" */
    0x1, 0x10, 0xe, 0xe0, 0xc, 0xb0,

    /* U+2026 "…" */
    0x0, 0x0, 0x0, 0x0, 0x0, 0x0, 0x6e, 0x20,
    0xc, 0xc0, 0x2, 0xe6, 0x6e, 0x20, 0xb, 0xb0,
    0x2, 0xe6,

    /* U+4E00 "一" */
    0x2, 0x22, 0x22, 0x22, 0x22, 0x22, 0x21, 0x2f,
    0xff, 0xff, 0xff, 0xff, 0xff, 0xf9, 0x3, 0x33,
    0x33, 0x33, 0x33, 0x33, 0x32,

    /* U+4E01 "丁" */
    0x6, 0x66, 0x66, 0x66, 0x66, 0x66, 0x60, 0x1f,
    0xff, 0xff, 0xff, 0xff, 0xff, 0xf1, 0x0, 0x0,
    0x0, 0x5f, 0x20, 0x0, 0x0, 0x0, 0x0, 0x0,
    0x5f, 0x20, 0x0, 0x0, 0x0, 0x0, 0x0, 0x5f,
    0x20, 0x0, 0x0, 0x0, 0x0, 0x0, 0x5f, 0x20,
    0x0, 0x0, 0x0, 0x0, 0x0, 0x5f, 0x20, 0x0,
    0x0, 0x0, 0x0, 0x0, 0x5f, 0x20, 0x0, 0x0,
    0x0, 0x0, 0x0, 0x5f, 0x20, 0x0, 0x0, 0x0,
    0x0, 0x0, 0x5f, 0x20, 0x0, 0x0, 0x0, 0x4,
    0x77, 0xbf, 0x10, 0x0, 0x0, 0x0, 0x4, 0xff,
    0xd8, 0x0, 0x0, 0x0,

    /* U+4E09 "三" */
    0x1, 0x55, 0x55, 0x55, 0x55, 0x55, 0x10, 0x3f,
    0xff, 0xff, 0xff, 0xff, 0xf3, 0x0, 0x0, 0x0,
    0x0, 0x0, 0x0, 0x0, 0x0, 0x0, 0x0, 0x0,
    0x0, 0x0, 0x0, 0x0, 0x0, 0x0, 0x0, 0x0,
    0x0, 0x5, 0xff, 0xff, 0xff, 0xff, 0x20, 0x0,
    0x25, 0x55, 0x55, 0x55, 0x50, 0x0, 0x0, 0x0,
    0x0, 0x0, 0x0, 0x0, 0x0, 0x0, 0x0, 0x0,
    0x0, 0x0, 0x0, 0x22, 0x22, 0x22, 0x22, 0x22,
    0x22, 0xf, 0xff, 0xff, 0xff, 0xff, 0xff, 0xf0,
    0x22, 0x22, 0x22, 0x22, 0x22, 0x22,

    /* U+4E0A "上" */
    0x0, 0x0, 0x3, 0xf2, 0x0, 0x0, 0x0, 0x0,
    0x0, 0x3, 0xf2, 0x0, 0x0, 0x0, 0x0, 0x0,
    0x3, 0xf2, 0x0, 0x0, 0x0, 0x0, 0x0, 0x3,
    0xf2, 0x0, 0x0, 0x0, 0x0, 0x0, 0x3, 0xf7,
    0x55, 0x55, 0x10, 0x0, 0x0, 0x3, 0xff, 0xff,
    0xff, 0x50, 0x0, 0x0, 0x3, 0xf2, 0x0, 0x0,
    0x0, 0x0, 0x0, 0x3, 0xf2, 0x0, 0x0, 0x0,
    0x0, 0x0, 0x3, 0xf2, 0x0, 0x0, 0x0, 0x0,
    0x0, 0x3, 0xf2, 0x0, 0x0, 0x0, 0x0, 0x0,
    0x3, 0xf2, 0x0, 0x0, 0x0, 0x6f, 0xff, 0xff,
    0xff, 0xff, 0xff, 0xf1, 0x25, 0x55, 0x55, 0x55,
    0x55, 0x55, 0x50,

    /* U+4E0B "下" */
    0x2e, 0xee, 0xee, 0xee, 0xee, 0xee, 0xe2, 0x15,
    0x55, 0x55, 0xfa, 0x55, 0x55, 0x51, 0x0, 0x0,
    0x0, 0xf6, 0x0, 0x0, 0x0, 0x0, 0x0, 0x0,
    0xfa, 0x10, 0x0, 0x0, 0x0, 0x0, 0x0, 0xff,
    0xf7, 0x0, 0x0, 0x0, 0x0, 0x0, 0xf7, 0x8f,
    0xe4, 0x0, 0x0, 0x0, 0x0, 0xf6, 0x2, 0xcf,
    0x30, 0x0, 0x0, 0x0, 0xf6, 0x0, 0x6, 0x0,
    0x0, 0x0, 0x0, 0xf6, 0x0, 0x0, 0x0, 0x0,
    0x0, 0x0, 0xf6, 0x0, 0x0, 0x0, 0x0, 0x0,
    0x0, 0xf6, 0x0, 0x0, 0x0, 0x0, 0x0, 0x0,
    0xf6, 0x0, 0x0, 0x0,

    /* U+4E0D "不" */
    0xf, 0xff, 0xff, 0xff, 0xff, 0xff, 0xf0, 0x5,
    0x55, 0x55, 0x8f, 0xa5, 0x55, 0x50, 0x0, 0x0,
    0x0, 0xde, 0x0, 0x0, 0x0, 0x0, 0x0, 0xa,
    0xfb, 0x30, 0x0, 0x0, 0x0, 0x0, 0x9f, 0xec,
    0xdd, 0x30, 0x0, 0x0, 0xb, 0xf5, 0xbb, 0x1b,
    0xf7, 0x0, 0x4, 0xdf, 0x50, 0xbb, 0x0, 0x8f,
    0x90, 0x2f, 0xb2, 0x0, 0xbb, 0x0, 0x6, 0xe2,
    0x2, 0x0, 0x0, 0xbb, 0x0, 0x0, 0x10, 0x0,
    0x0, 0x0, 0xbb, 0x0, 0x0, 0x0, 0x0, 0x0,
    0x0, 0xbb, 0x0, 0x0, 0x0, 0x0, 0x0, 0x0,
    0xbb, 0x0, 0x0, 0x0,

    /* U+4E0E "与" */
    0x0, 0x2, 0x60, 0x0, 0x0, 0x0, 0x0, 0x0,
    0x7d, 0x0, 0x0, 0x0, 0x0, 0x0, 0xa, 0xff,
    0xff, 0xff, 0xff, 0x50, 0x0, 0xd9, 0x44, 0x44,
    0x44, 0x41, 0x0, 0xf, 0x40, 0x0, 0x0, 0x0,
    0x0, 0x4, 0xf5, 0x33, 0x33, 0x33, 0x32, 0x0,
    0x7f, 0xff, 0xff, 0xff, 0xff, 0x80, 0x0, 0x0,
    0x0, 0x0, 0x0, 0xd7, 0x4, 0x44, 0x44, 0x44,
    0x42, 0xf, 0x51, 0xff, 0xff, 0xff, 0xff, 0x82,
    0xf2, 0x0, 0x0, 0x0, 0x0, 0x0, 0x6f, 0x0,
    0x0, 0x0, 0x1, 0x43, 0x4d, 0xb0, 0x0, 0x0,
    0x0, 0xe, 0xff, 0xc2, 0x0, 0x0, 0x0, 0x0,
    0x0, 0x0, 0x0,

    /* U+4E11 "丑" */
    0x5, 0xff, 0xff, 0xff, 0xff, 0xfa, 0x0, 0x1,
    0x44, 0x6f, 0x74, 0x44, 0xda, 0x0, 0x0, 0x0,
    0x2f, 0x30, 0x0, 0xc9, 0x0, 0x0, 0x0, 0x3f,
    0x20, 0x0, 0xd9, 0x0, 0x0, 0x0, 0x5f, 0x10,
    0x0, 0xe8, 0x0, 0x0, 0xff, 0xff, 0xff, 0xff,
    0xf7, 0x0, 0x0, 0x44, 0xae, 0x44, 0x44, 0xf6,
    0x0, 0x0, 0x0, 0x9c, 0x0, 0x0, 0xf5, 0x0,
    0x0, 0x0, 0xba, 0x0, 0x1, 0xf4, 0x0, 0x0,
    0x0, 0xc9, 0x0, 0x2, 0xf3, 0x0, 0x5, 0x55,
    0xea, 0x55, 0x58, 0xf7, 0x53, 0x1e, 0xee, 0xee,
    0xee, 0xee, 0xee, 0xe8,

    /* U+4E16 "世" */
    0x0, 0x0, 0x0, 0x11, 0x0, 0x0, 0x0, 0x0,
    0x1d, 0x20, 0x9a, 0x0, 0xf4, 0x0, 0x0, 0x2f,
    0x20, 0x9a, 0x0, 0xf4, 0x0, 0x0, 0x2f, 0x20,
    0x9a, 0x0, 0xf4, 0x0, 0x4, 0x6f, 0x64, 0xbc,
    0x44, 0xf8, 0x42, 0x1f, 0xff, 0xff, 0xff, 0xff,
    0xff, 0xf6, 0x0, 0x2f, 0x20, 0x9a, 0x0, 0xf4,
    0x0, 0x0, 0x2f, 0x20, 0x9a, 0x0, 0xf4, 0x0,
    0x0, 0x2f, 0x20, 0x9a, 0x0, 0xf4, 0x0, 0x0,
    0x2f, 0x20, 0x9f, 0xff, 0xf4, 0x0, 0x0, 0x2f,
    0x20, 0x23, 0x33, 0x31, 0x0, 0x0, 0x2f, 0x20,
    0x0, 0x0, 0x0, 0x0, 0x0, 0x2f, 0xff, 0xff,
    0xff, 0xff, 0xe0, 0x0, 0x4, 0x44, 0x44, 0x44,
    0x44, 0x30,

    /* U+4E19 "丙" */
    0xf, 0xff, 0xff, 0xff, 0xff, 0xff, 0xf0, 0x44,
    0x44, 0x4d, 0xb4, 0x44, 0x44, 0x0, 0x0, 0x0,
    0xba, 0x0, 0x0, 0x0, 0x7e, 0xee, 0xef, 0xfe,
    0xee, 0xe8, 0x8, 0xd5, 0x55, 0xea, 0x55, 0x5c,
    0x90, 0x8c, 0x0, 0x2f, 0xa0, 0x0, 0xb9, 0x8,
    0xc0, 0xa, 0xee, 0xc1, 0xb, 0x90, 0x8c, 0x8,
    0xf4, 0x1c, 0xe2, 0xb9, 0x8, 0xcb, 0xf6, 0x0,
    0xc, 0xbb, 0x90, 0x8c, 0x42, 0x0, 0x0, 0x1,
    0xb9, 0x8, 0xc0, 0x0, 0x0, 0x5, 0x4d, 0x80,
    0x8c, 0x0, 0x0, 0x0, 0xde, 0xc3,

    /* U+4E1A "业" */
    0x0, 0x0, 0x0, 0x0, 0x0, 0x0, 0x0, 0x0,
    0x0, 0x5f, 0x0, 0xe6, 0x0, 0x0, 0x0, 0x0,
    0x5f, 0x0, 0xe6, 0x0, 0x0, 0x0, 0x0, 0x5f,
    0x0, 0xe6, 0x0, 0x0, 0x9, 0x80, 0x5f, 0x0,
    0xe6, 0x6, 0x80, 0x7, 0xe0, 0x5f, 0x0, 0xe6,
    0xc, 0x90, 0x1, 0xf5, 0x5f, 0x0, 0xe6, 0x3f,
    0x20, 0x0, 0xba, 0x5f, 0x0, 0xe6, 0xab, 0x0,
    0x0, 0x6f, 0x6f, 0x0, 0xe8, 0xf3, 0x0, 0x0,
    0x15, 0x6f, 0x0, 0xe7, 0x70, 0x0, 0x0, 0x0,
    0x5f, 0x0, 0xe6, 0x0, 0x0, 0x0, 0x0, 0x5f,
    0x0, 0xe6, 0x0, 0x0, 0x2f, 0xff, 0xff, 0xff,
    0xff, 0xff, 0xf2, 0x5, 0x55, 0x55, 0x55, 0x55,
    0x55, 0x50,

    /* U+4E2D "中" */
    0x0, 0x0, 0x6, 0xe0, 0x0, 0x0, 0x0, 0x0,
    0x6, 0xe0, 0x0, 0x0, 0x24, 0x44, 0x49, 0xf4,
    0x44, 0x44, 0x6f, 0xff, 0xff, 0xff, 0xff, 0xfe,
    0x6d, 0x0, 0x6, 0xe0, 0x0, 0x7e, 0x6d, 0x0,
    0x6, 0xe0, 0x0, 0x7e, 0x6d, 0x0, 0x6, 0xe0,
    0x0, 0x7e, 0x6e, 0x66, 0x6a, 0xf6, 0x66, 0xae,
    0x6f, 0xdd, 0xde, 0xfd, 0xdd, 0xee, 0x36, 0x0,
    0x6, 0xe0, 0x0, 0x25, 0x0, 0x0, 0x6, 0xe0,
    0x0, 0x0, 0x0, 0x0, 0x6, 0xe0, 0x0, 0x0,
    0x0, 0x0, 0x6, 0xe0, 0x0, 0x0,

    /* U+4E3A "为" */
    0x0, 0x34, 0x5, 0xf0, 0x0, 0x0, 0x0, 0x6,
    0xf2, 0x6f, 0x0, 0x0, 0x0, 0x0, 0xd, 0x86,
    0xe0, 0x0, 0x0, 0x0, 0x45, 0x75, 0x9f, 0x55,
    0x55, 0x53, 0xc, 0xff, 0xff, 0xff, 0xff, 0xff,
    0x90, 0x0, 0x0, 0xba, 0x0, 0x0, 0xc9, 0x0,
    0x0, 0xe, 0x74, 0x10, 0xd, 0x80, 0x0, 0x5,
    0xf2, 0xbc, 0x0, 0xe7, 0x0, 0x0, 0xcb, 0x1,
    0xe7, 0xf, 0x60, 0x0, 0x8f, 0x30, 0x4, 0x30,
    0xf5, 0x0, 0x6f, 0x70, 0x0, 0x0, 0x3f, 0x30,
    0x9f, 0x80, 0x0, 0x5, 0x5b, 0xf0, 0x9, 0x50,
    0x0, 0x0, 0xef, 0xe6, 0x0, 0x0, 0x0, 0x0,
    0x0, 0x0, 0x0,

    /* U+4E4B "之" */
    0x0, 0x0, 0x1, 0xa2, 0x0, 0x0, 0x0, 0x0,
    0x0, 0x0, 0xdc, 0x0, 0x0, 0x0, 0x0, 0x0,
    0x0, 0x4e, 0x30, 0x0, 0x0, 0x9, 0xff, 0xff,
    0xff, 0xff, 0xfe, 0x10, 0x2, 0x33, 0x33, 0x33,
    0x36, 0xf9, 0x0, 0x0, 0x0, 0x0, 0x0, 0x1e,
    0xc0, 0x0, 0x0, 0x0, 0x0, 0x1, 0xdd, 0x10,
    0x0, 0x0, 0x0, 0x0, 0x2d, 0xd1, 0x0, 0x0,
    0x0, 0x0, 0x3, 0xec, 0x10, 0x0, 0x0, 0x0,
    0x0, 0x7f, 0xa0, 0x0, 0x0, 0x0, 0x0, 0x8e,
    0xf6, 0x0, 0x0, 0x0, 0x0, 0xb, 0xe8, 0xfb,
    0x65, 0x44, 0x56, 0x73, 0xc, 0x30, 0x28, 0xde,
    0xff, 0xee, 0xd2, 0x0, 0x0, 0x0, 0x0, 0x0,
    0x0, 0x0,

    /* U+4E4E "乎" */
    0x0, 0x0, 0x0, 0x0, 0x0, 0x22, 0x0, 0x1,
    0x56, 0x79, 0xab, 0xdf, 0xfd, 0x0, 0x2, 0xdc,
    0xba, 0xde, 0x64, 0x20, 0x0, 0x0, 0x57, 0x0,
    0x8d, 0x0, 0x7c, 0x0, 0x0, 0x4f, 0x10, 0x8d,
    0x0, 0xd9, 0x0, 0x0, 0xd, 0x70, 0x8d, 0x6,
    0xe1, 0x0, 0x3, 0x36, 0x43, 0xae, 0x34, 0x63,
    0x30, 0x3f, 0xff, 0xff, 0xff, 0xff, 0xff, 0xf4,
    0x1, 0x11, 0x11, 0x9d, 0x11, 0x11, 0x10, 0x0,
    0x0, 0x0, 0x8d, 0x0, 0x0, 0x0, 0x0, 0x0,
    0x0, 0x8d, 0x0, 0x0, 0x0, 0x0, 0x2, 0x44,
    0xcc, 0x0, 0x0, 0x0, 0x0, 0x2, 0xff, 0xd5,
    0x0, 0x0, 0x0, 0x0, 0x0, 0x0, 0x0, 0x0,
    0x0, 0x0,

    /* U+4E59 "乙" */
    0x36, 0x66, 0x66, 0x66, 0x66, 0x0, 0x7, 0xee,
    0xee, 0xee, 0xff, 0xe2, 0x0, 0x0, 0x0, 0x0,
    0x5f, 0xb1, 0x0, 0x0, 0x0, 0x0, 0x8f, 0x70,
    0x0, 0x0, 0x0, 0x0, 0xbf, 0x40, 0x0, 0x0,
    0x0, 0x1, 0xcd, 0x20, 0x0, 0x0, 0x0, 0x1,
    0xdc, 0x10, 0x0, 0x0, 0x0, 0x0, 0xdc, 0x0,
    0x0, 0x0, 0x1, 0x81, 0x7f, 0x10, 0x0, 0x0,
    0x0, 0x3f, 0x29, 0xe2, 0x0, 0x0, 0x0, 0x7,
    0xf0, 0x3e, 0xff, 0xff, 0xff, 0xff, 0xf8, 0x0,
    0x4, 0x56, 0x66, 0x66, 0x53, 0x0,

    /* U+4E5D "九" */
    0x0, 0x0, 0x5f, 0x10, 0x0, 0x0, 0x0, 0x0,
    0x0, 0x5f, 0x10, 0x0, 0x0, 0x0, 0x0, 0x0,
    0x5f, 0x0, 0x0, 0x0, 0x0, 0xe, 0xee, 0xff,
    0xee, 0xee, 0x10, 0x0, 0x5, 0x55, 0xaf, 0x55,
    0x8f, 0x10, 0x0, 0x0, 0x0, 0x9c, 0x0, 0x4f,
    0x10, 0x0, 0x0, 0x0, 0xba, 0x0, 0x4f, 0x10,
    0x0, 0x0, 0x0, 0xf6, 0x0, 0x4f, 0x10, 0x0,
    0x0, 0x5, 0xf2, 0x0, 0x4f, 0x10, 0x0, 0x0,
    0xd, 0xc0, 0x0, 0x4f, 0x10, 0x61, 0x0, 0x7f,
    0x30, 0x0, 0x4f, 0x10, 0xd5, 0x7, 0xf9, 0x0,
    0x0, 0x3f, 0x54, 0xf3, 0x2f, 0x80, 0x0, 0x0,
    0xc, 0xff, 0xc0, 0x1, 0x0, 0x0, 0x0, 0x0,
    0x0, 0x0,

    /* U+4E7E "乾" */
    0x0, 0xb, 0x80, 0x0, 0x78, 0x0, 0x0, 0x1c,
    0xcf, 0xec, 0xb0, 0xd7, 0x0, 0x0, 0x4, 0x4c,
    0xa4, 0x33, 0xff, 0xee, 0xe3, 0x1, 0x2c, 0x92,
    0x1c, 0xda, 0xaa, 0xa2, 0xb, 0xed, 0xdf, 0xcf,
    0x20, 0x0, 0x0, 0xb, 0x60, 0x9, 0x95, 0x77,
    0x77, 0x20, 0xb, 0xec, 0xce, 0x93, 0xaa, 0xfe,
    0x10, 0xb, 0x60, 0xa, 0x90, 0x5, 0xf3, 0x0,
    0xb, 0xff, 0xff, 0x90, 0x2f, 0x50, 0x0, 0x1,
    0x1b, 0x91, 0x10, 0xc9, 0x0, 0x0, 0x2f, 0xff,
    0xff, 0xd5, 0xe0, 0x0, 0xb5, 0x0, 0xb, 0x80,
    0x9, 0xc5, 0x45, 0xe4, 0x0, 0xb, 0x80, 0x2,
    0xce, 0xee, 0xb0,

    /* U+4E8B "事" */
    0x0, 0x0, 0x0, 0x9b, 0x0, 0x0, 0x0, 0xb,
    0xdd, 0xdd, 0xff, 0xdd, 0xdd, 0xd3, 0x3, 0x44,
    0x44, 0xbc, 0x44, 0x44, 0x41, 0x0, 0x8e, 0xdd,
    0xff, 0xdd, 0xed, 0x0, 0x0, 0x9c, 0x55, 0xbc,
    0x55, 0xad, 0x0, 0x0, 0x47, 0x77, 0xcd, 0x77,
    0x76, 0x0, 0x0, 0xbc, 0xcc, 0xef, 0xcc, 0xcc,
    0x10, 0x0, 0x22, 0x22, 0xac, 0x22, 0x5f, 0x10,
    0x1f, 0xff, 0xff, 0xff, 0xff, 0xff, 0xf9, 0x1,
    0x11, 0x11, 0xab, 0x11, 0x5f, 0x31, 0x1, 0xff,
    0xff, 0xff, 0xff, 0xff, 0x10, 0x0, 0x0, 0x11,
    0xbb, 0x0, 0x26, 0x0, 0x0, 0x0, 0x9f, 0xe6,
    0x0, 0x0, 0x0,

    /* U+4E8C "二" */
    0x0, 0xff, 0xff, 0xff, 0xff, 0xff, 0x0, 0x0,
    0x77, 0x77, 0x77, 0x77, 0x77, 0x0, 0x0, 0x0,
    0x0, 0x0, 0x0, 0x0, 0x0, 0x0, 0x0, 0x0,
    0x0, 0x0, 0x0, 0x0, 0x0, 0x0, 0x0, 0x0,
    0x0, 0x0, 0x0, 0x0, 0x0, 0x0, 0x0, 0x0,
    0x0, 0x0, 0x0, 0x0, 0x0, 0x0, 0x0, 0x0,
    0x0, 0x0, 0x0, 0x0, 0x0, 0x0, 0x0, 0x0,
    0x18, 0x88, 0x88, 0x88, 0x88, 0x88, 0x81, 0x2f,
    0xff, 0xff, 0xff, 0xff, 0xff, 0xf2,

    /* U+4E94 "五" */
    0x1, 0x55, 0x55, 0x55, 0x55, 0x55, 0x10, 0x4,
    0xff, 0xff, 0xff, 0xff, 0xff, 0x30, 0x0, 0x0,
    0x8, 0xe0, 0x0, 0x0, 0x0, 0x0, 0x0, 0xa,
    0xc0, 0x0, 0x0, 0x0, 0x0, 0x24, 0x4d, 0xb4,
    0x45, 0x40, 0x0, 0x0, 0x8f, 0xff, 0xff, 0xff,
    0xd0, 0x0, 0x0, 0x0, 0x2f, 0x40, 0x9, 0xc0,
    0x0, 0x0, 0x0, 0x5f, 0x10, 0xa, 0xb0, 0x0,
    0x0, 0x0, 0x8e, 0x0, 0xc, 0x90, 0x0, 0x0,
    0x0, 0xbb, 0x0, 0xe, 0x70, 0x0, 0x2f, 0xff,
    0xff, 0xff, 0xff, 0xff, 0xf3, 0x5, 0x55, 0x55,
    0x55, 0x55, 0x55, 0x51,

    /* U+4EA5 "亥" */
    0x0, 0x0, 0x0, 0xa5, 0x0, 0x0, 0x0, 0x0,
    0x0, 0x0, 0xbe, 0x10, 0x0, 0x0, 0x2f, 0xff,
    0xff, 0xff, 0xff, 0xff, 0xf3, 0x3, 0x33, 0x8f,
    0x63, 0x33, 0x33, 0x30, 0x0, 0x5, 0xf6, 0x0,
    0x4e, 0x20, 0x0, 0x0, 0xaf, 0xfe, 0xff, 0xf9,
    0x0, 0x0, 0x0, 0x58, 0x67, 0xdf, 0x80, 0x9e,
    0x0, 0x0, 0x1, 0x8f, 0xe4, 0x7, 0xf6, 0x0,
    0x5, 0xcf, 0xf7, 0x1, 0xaf, 0x70, 0x0, 0x5,
    0xb5, 0x0, 0x5e, 0xf9, 0x0, 0x0, 0x0, 0x1,
    0x7e, 0xf9, 0x9f, 0xb2, 0x0, 0x8, 0xcf, 0xf9,
    0x10, 0x3, 0xdf, 0x60, 0x9, 0x94, 0x0, 0x0,
    0x0, 0x9, 0x50,

    /* U+4EAE "亮" */
    0x0, 0x0, 0x0, 0xb8, 0x0, 0x0, 0x0, 0x1a,
    0xaa, 0xaa, 0xdf, 0xaa, 0xaa, 0xa1, 0x16, 0x66,
    0x66, 0x66, 0x66, 0x66, 0x60, 0x0, 0x2d, 0xdd,
    0xdd, 0xdd, 0xd3, 0x0, 0x0, 0x2f, 0x10, 0x0,
    0x1, 0xf4, 0x0, 0x0, 0x2f, 0xed, 0xdd, 0xde,
    0xf4, 0x0, 0x0, 0x12, 0x22, 0x22, 0x22, 0x21,
    0x0, 0xf, 0xff, 0xff, 0xff, 0xff, 0xff, 0xe0,
    0xf, 0x40, 0x22, 0x22, 0x22, 0x5, 0xe0, 0x5,
    0x10, 0xff, 0xee, 0xfd, 0x2, 0x50, 0x0, 0x3,
    0xf3, 0x0, 0x8d, 0x0, 0x50, 0x0, 0x5e, 0xc0,
    0x0, 0x8e, 0x24, 0xf1, 0xe, 0xf9, 0x10, 0x0,
    0x4e, 0xff, 0xb0, 0x1, 0x0, 0x0, 0x0, 0x0,
    0x0, 0x0,

    /* U+4ECA "今" */
    0x0, 0x0, 0x0, 0x68, 0x0, 0x0, 0x0, 0x0,
    0x0, 0x4, 0xff, 0x40, 0x0, 0x0, 0x0, 0x0,
    0x5f, 0xa8, 0xf5, 0x0, 0x0, 0x0, 0x9, 0xf9,
    0x0, 0x6f, 0x91, 0x0, 0x5, 0xef, 0x74, 0xd3,
    0x4, 0xef, 0x70, 0x3f, 0xc2, 0x0, 0x9f, 0x50,
    0x1a, 0xf3, 0x3, 0x0, 0x0, 0x7, 0x90, 0x0,
    0x10, 0x0, 0xbf, 0xff, 0xff, 0xff, 0xfc, 0x0,
    0x0, 0x45, 0x55, 0x55, 0x5a, 0xf5, 0x0, 0x0,
    0x0, 0x0, 0x0, 0x3f, 0x90, 0x0, 0x0, 0x0,
    0x0, 0x1, 0xec, 0x0, 0x0, 0x0, 0x0, 0x0,
    0xc, 0xe1, 0x0, 0x0, 0x0, 0x0, 0x0, 0x5f,
    0x40, 0x0, 0x0, 0x0, 0x0, 0x0, 0x0, 0x0,
    0x0, 0x0,

    /* U+4ED6 "他" */
    0x0, 0x8, 0x70, 0x0, 0x4e, 0x0, 0x0, 0x0,
    0x1f, 0x52, 0x50, 0x4e, 0x0, 0x0, 0x0, 0x8d,
    0x5, 0xe0, 0x4e, 0x3, 0x40, 0x2, 0xf6, 0x5,
    0xe0, 0x5f, 0xcf, 0xc0, 0xd, 0xf5, 0x5, 0xf9,
    0xef, 0x99, 0xc0, 0x9f, 0xf6, 0x6d, 0xfc, 0xae,
    0x7, 0xc0, 0x54, 0xe6, 0xdc, 0xe0, 0x4e, 0x7,
    0xb0, 0x0, 0xe5, 0x5, 0xe0, 0x4e, 0x8, 0xa0,
    0x0, 0xe5, 0x5, 0xe0, 0x4e, 0x9f, 0x70, 0x0,
    0xe5, 0x5, 0xe0, 0x39, 0x22, 0x40, 0x0, 0xe5,
    0x5, 0xe0, 0x0, 0x0, 0xe4, 0x0, 0xe5, 0x4,
    0xf7, 0x55, 0x57, 0xf1, 0x0, 0xe5, 0x0, 0x8c,
    0xcc, 0xcc, 0x60,

    /* U+4EFD "份" */
    0x0, 0x5, 0x20, 0x1, 0x1, 0x20, 0x0, 0x0,
    0x1f, 0x50, 0x7e, 0x7, 0xc0, 0x0, 0x0, 0x7e,
    0x0, 0xe8, 0x2, 0xf2, 0x0, 0x1, 0xe7, 0x5,
    0xf2, 0x0, 0xc9, 0x0, 0xb, 0xf5, 0x2e, 0x90,
    0x0, 0x3f, 0x40, 0x6f, 0xf6, 0xdf, 0x54, 0x44,
    0x4c, 0xf4, 0x48, 0xe5, 0x9a, 0xff, 0xff, 0xfd,
    0x80, 0x0, 0xe5, 0x0, 0xf, 0x30, 0x7c, 0x0,
    0x0, 0xe5, 0x0, 0x3f, 0x0, 0x8b, 0x0, 0x0,
    0xe5, 0x0, 0x9c, 0x0, 0x9a, 0x0, 0x0, 0xe5,
    0x2, 0xf5, 0x0, 0xb9, 0x0, 0x0, 0xe5, 0x3e,
    0xb0, 0x34, 0xf6, 0x0, 0x0, 0xe5, 0x89, 0x0,
    0xae, 0xa0, 0x0, 0x0, 0x0, 0x0, 0x0, 0x0,
    0x0, 0x0,

    /* U+4F11 "休" */
    0x0, 0x0, 0x0, 0x0, 0x0, 0x0, 0x0, 0x0,
    0x3, 0xe2, 0x0, 0xe5, 0x0, 0x0, 0x0, 0xb,
    0xd0, 0x0, 0xe5, 0x0, 0x0, 0x0, 0x2f, 0x60,
    0x0, 0xe5, 0x0, 0x0, 0x0, 0xbf, 0x34, 0x44,
    0xf8, 0x44, 0x40, 0x6, 0xfe, 0x7f, 0xff, 0xff,
    0xff, 0xf3, 0x4f, 0xee, 0x0, 0xb, 0xff, 0x50,
    0x0, 0x2b, 0x6e, 0x0, 0x3f, 0xfd, 0xd0, 0x0,
    0x0, 0x5e, 0x0, 0xc9, 0xe6, 0xe5, 0x0, 0x0,
    0x5e, 0x5, 0xf1, 0xe5, 0x7e, 0x10, 0x0, 0x5e,
    0x3f, 0x70, 0xe5, 0xc, 0xc0, 0x0, 0x5e, 0xca,
    0x0, 0xe5, 0x1, 0xe5, 0x0, 0x5e, 0x10, 0x0,
    0xe5, 0x0, 0x10, 0x0, 0x5e, 0x0, 0x0, 0xe5,
    0x0, 0x0, 0x0, 0x0, 0x0, 0x0, 0x0, 0x0,
    0x0,

    /* U+4F4D "位" */
    0x0, 0x1, 0x81, 0x0, 0x95, 0x0, 0x0, 0x0,
    0x8, 0xe0, 0x0, 0xab, 0x0, 0x0, 0x0, 0x1f,
    0x63, 0x44, 0x8a, 0x44, 0x40, 0x0, 0x9f, 0xa,
    0xff, 0xff, 0xff, 0xe0, 0x5, 0xfe, 0x0, 0x22,
    0x0, 0x15, 0x0, 0x1f, 0xee, 0x0, 0xa8, 0x0,
    0x4f, 0x10, 0x9, 0x6e, 0x0, 0x8c, 0x0, 0x6e,
    0x0, 0x0, 0x6e, 0x0, 0x5f, 0x0, 0x9a, 0x0,
    0x0, 0x6e, 0x0, 0x2f, 0x20, 0xc7, 0x0, 0x0,
    0x6e, 0x0, 0xf, 0x40, 0xf3, 0x0, 0x0, 0x6e,
    0x0, 0x6, 0x13, 0xf0, 0x0, 0x0, 0x6e, 0x3e,
    0xee, 0xef, 0xfe, 0xe7, 0x0, 0x6e, 0x14, 0x44,
    0x44, 0x44, 0x42,

    /* U+4F7F "使" */
    0x0, 0x0, 0x0, 0x0, 0x0, 0x0, 0x0, 0x0,
    0x4, 0xd0, 0x0, 0x5e, 0x0, 0x0, 0x0, 0xc,
    0xb3, 0x33, 0x8f, 0x33, 0x32, 0x0, 0x4f, 0x7f,
    0xff, 0xff, 0xff, 0xf9, 0x0, 0xde, 0x0, 0x0,
    0x5e, 0x0, 0x0, 0xa, 0xfd, 0xe, 0xff, 0xff,
    0xff, 0xf3, 0x4f, 0xcd, 0xe, 0x51, 0x7e, 0x11,
    0xf3, 0x7, 0x6d, 0xe, 0x40, 0x6e, 0x0, 0xf3,
    0x0, 0x6d, 0xe, 0xff, 0xff, 0xff, 0xf3, 0x0,
    0x6d, 0x7, 0x60, 0x9b, 0x0, 0x0, 0x0, 0x6d,
    0x2, 0xe7, 0xe7, 0x0, 0x0, 0x0, 0x6d, 0x0,
    0x4f, 0xf5, 0x0, 0x0, 0x0, 0x6d, 0x27, 0xed,
    0x9e, 0xe9, 0x63, 0x0, 0x6d, 0x5c, 0x60, 0x0,
    0x69, 0xd5,

    /* U+504F "偏" */
    0x0, 0x4, 0x20, 0x1, 0x70, 0x0, 0x0, 0x0,
    0xe7, 0x11, 0x2f, 0x61, 0x11, 0x0, 0x7e, 0x4f,
    0xff, 0xff, 0xff, 0xb0, 0x1e, 0x73, 0xf0, 0x0,
    0x0, 0x8b, 0xc, 0xf5, 0x4f, 0xaa, 0xaa, 0xad,
    0xb9, 0xff, 0x54, 0xf4, 0x44, 0x44, 0x43, 0x54,
    0xe5, 0x4d, 0xff, 0xff, 0xff, 0xe0, 0xe, 0x55,
    0xcf, 0x1d, 0xd, 0x2e, 0x0, 0xe5, 0x7b, 0xf1,
    0xd0, 0xd2, 0xe0, 0xe, 0x59, 0x8f, 0xff, 0xff,
    0xfe, 0x0, 0xe5, 0xd4, 0xf0, 0xd0, 0xd1, 0xe0,
    0xe, 0x7f, 0xf, 0xd, 0xd, 0x3e, 0x0, 0xe6,
    0x80, 0xf0, 0x80, 0x7c, 0x80,

    /* U+5065 "健" */
    0x0, 0x4c, 0x0, 0x0, 0xb, 0x50, 0x0, 0x0,
    0x9a, 0xff, 0xc5, 0xdf, 0xed, 0x60, 0x0, 0xe5,
    0x1c, 0x70, 0x1b, 0x79, 0x70, 0x6, 0xf1, 0x1f,
    0x1f, 0xff, 0xff, 0xf5, 0xe, 0xf1, 0x6b, 0x1,
    0x1b, 0x79, 0x80, 0x6f, 0xf1, 0xde, 0xb6, 0xef,
    0xff, 0x70, 0x16, 0xf1, 0x45, 0xf1, 0x1b, 0x71,
    0x10, 0x0, 0xf2, 0x43, 0xd9, 0xff, 0xff, 0xa0,
    0x0, 0xf3, 0xe7, 0xa1, 0x1b, 0x61, 0x10, 0x0,
    0xf1, 0xaf, 0x5e, 0xff, 0xff, 0xf1, 0x0, 0xf1,
    0x4f, 0x70, 0xb, 0x50, 0x0, 0x0, 0xf3, 0xd5,
    0xbd, 0x88, 0x54, 0x41, 0x0, 0xf8, 0x70, 0x4,
    0x8a, 0xbc, 0xc2, 0x0, 0x0, 0x0, 0x0, 0x0,
    0x0, 0x0,

    /* U+5144 "兄" */
    0x0, 0xef, 0xff, 0xff, 0xff, 0xfe, 0x0, 0x0,
    0xe8, 0x44, 0x44, 0x44, 0x9e, 0x0, 0x0, 0xe6,
    0x0, 0x0, 0x0, 0x7e, 0x0, 0x0, 0xe6, 0x0,
    0x0, 0x0, 0x7e, 0x0, 0x0, 0xe9, 0x55, 0x55,
    0x55, 0xae, 0x0, 0x0, 0xef, 0xff, 0xff, 0xff,
    0xfe, 0x0, 0x0, 0x0, 0xf7, 0x3, 0xf1, 0x0,
    0x0, 0x0, 0x1, 0xf5, 0x3, 0xf1, 0x0, 0x0,
    0x0, 0x7, 0xf1, 0x3, 0xf1, 0x0, 0x61, 0x0,
    0x2e, 0xa0, 0x3, 0xf1, 0x0, 0xd5, 0x18, 0xec,
    0x0, 0x3, 0xf5, 0x34, 0xf3, 0x5e, 0x80, 0x0,
    0x0, 0xcf, 0xff, 0xb0, 0x0, 0x0, 0x0, 0x0,
    0x0, 0x0, 0x0,

    /* U+514B "克" */
    0x0, 0x0, 0x0, 0xb9, 0x0, 0x0, 0x0, 0x3,
    0x33, 0x33, 0xcb, 0x33, 0x33, 0x30, 0xf, 0xff,
    0xff, 0xff, 0xff, 0xff, 0xf0, 0x0, 0x0, 0x0,
    0xb9, 0x0, 0x0, 0x0, 0x0, 0x7f, 0xff, 0xff,
    0xff, 0xf8, 0x0, 0x0, 0x7d, 0x22, 0x22, 0x22,
    0xc9, 0x0, 0x0, 0x7c, 0x0, 0x0, 0x0, 0xc9,
    0x0, 0x0, 0x7f, 0xff, 0xff, 0xff, 0xf9, 0x0,
    0x0, 0x13, 0xae, 0x35, 0xf5, 0x31, 0x0, 0x0,
    0x0, 0xca, 0x2, 0xf2, 0x0, 0x10, 0x0, 0x6,
    0xf4, 0x2, 0xf2, 0x0, 0xd5, 0x4, 0xaf, 0x80,
    0x2, 0xf6, 0x34, 0xf3, 0x1f, 0xb5, 0x0, 0x0,
    0xcf, 0xff, 0xc0, 0x0, 0x0, 0x0, 0x0, 0x0,
    0x0, 0x0,

    /* U+5151 "兑" */
    0x0, 0x7, 0x40, 0x0, 0x8, 0x40, 0x0, 0x0,
    0x8, 0xe1, 0x0, 0x3f, 0x30, 0x0, 0x0, 0x0,
    0xe6, 0x0, 0xc9, 0x0, 0x0, 0x0, 0xef, 0xff,
    0xff, 0xff, 0xf7, 0x0, 0x0, 0xe8, 0x22, 0x22,
    0x22, 0xe7, 0x0, 0x0, 0xe6, 0x0, 0x0, 0x0,
    0xe7, 0x0, 0x0, 0xe8, 0x33, 0x33, 0x33, 0xf7,
    0x0, 0x0, 0xef, 0xff, 0xff, 0xff, 0xf7, 0x0,
    0x0, 0x0, 0x8d, 0x4, 0xf1, 0x0, 0x0, 0x0,
    0x0, 0xca, 0x4, 0xf1, 0x0, 0x0, 0x0, 0x5,
    0xf3, 0x4, 0xf1, 0x1, 0xb0, 0x2, 0x9f, 0x80,
    0x3, 0xf5, 0x37, 0xf0, 0x1f, 0xd5, 0x0, 0x0,
    0xdf, 0xff, 0x80, 0x1, 0x0, 0x0, 0x0, 0x0,
    0x0, 0x0,

    /* U+5165 "入" */
    0x0, 0x0, 0x21, 0x0, 0x0, 0x0, 0x0, 0x0,
    0x0, 0xcd, 0x20, 0x0, 0x0, 0x0, 0x0, 0x0,
    0x2e, 0xd0, 0x0, 0x0, 0x0, 0x0, 0x0, 0x2,
    0xe9, 0x0, 0x0, 0x0, 0x0, 0x0, 0x0, 0xff,
    0x20, 0x0, 0x0, 0x0, 0x0, 0x4, 0xfe, 0xb0,
    0x0, 0x0, 0x0, 0x0, 0xa, 0xe3, 0xf5, 0x0,
    0x0, 0x0, 0x0, 0x2f, 0x80, 0xae, 0x0, 0x0,
    0x0, 0x0, 0xae, 0x10, 0x2f, 0x80, 0x0, 0x0,
    0x7, 0xf6, 0x0, 0x9, 0xf4, 0x0, 0x0, 0x6f,
    0xa0, 0x0, 0x0, 0xcf, 0x40, 0x1a, 0xfb, 0x0,
    0x0, 0x0, 0x2d, 0xf4, 0xb, 0x70, 0x0, 0x0,
    0x0, 0x1, 0xa1,

    /* U+516D "六" */
    0x0, 0x0, 0x1, 0x81, 0x0, 0x0, 0x0, 0x0,
    0x0, 0x1, 0xf8, 0x0, 0x0, 0x0, 0x0, 0x0,
    0x0, 0xaf, 0x0, 0x0, 0x0, 0x2, 0x22, 0x22,
    0x59, 0x32, 0x22, 0x20, 0x2f, 0xff, 0xff, 0xff,
    0xff, 0xff, 0xf3, 0x3, 0x33, 0x33, 0x33, 0x33,
    0x33, 0x30, 0x0, 0x0, 0x30, 0x0, 0x4, 0x0,
    0x0, 0x0, 0x4, 0xf7, 0x0, 0x7f, 0x30, 0x0,
    0x0, 0xc, 0xd0, 0x0, 0xc, 0xd0, 0x0, 0x0,
    0x5f, 0x50, 0x0, 0x3, 0xf8, 0x0, 0x2, 0xfb,
    0x0, 0x0, 0x0, 0x8f, 0x30, 0xd, 0xe1, 0x0,
    0x0, 0x0, 0xe, 0xd0, 0x1b, 0x40, 0x0, 0x0,
    0x0, 0x5, 0x90, 0x0, 0x0, 0x0, 0x0, 0x0,
    0x0, 0x0,

    /* U+5176 "其" */
    0x0, 0xb, 0x80, 0x0, 0x9, 0xb0, 0x0, 0x2,
    0x3c, 0xa3, 0x33, 0x3a, 0xc3, 0x30, 0xc, 0xff,
    0xff, 0xff, 0xff, 0xff, 0xd0, 0x0, 0xb, 0x80,
    0x0, 0x9, 0xb0, 0x0, 0x0, 0xb, 0xff, 0xff,
    0xff, 0xb0, 0x0, 0x0, 0xb, 0xa2, 0x22, 0x2a,
    0xb0, 0x0, 0x0, 0xb, 0xa4, 0x44, 0x4b, 0xb0,
    0x0, 0x0, 0xb, 0xed, 0xdd, 0xde, 0xb0, 0x0,
    0x1, 0x1b, 0x91, 0x11, 0x1a, 0xb1, 0x10, 0x2f,
    0xff, 0xff, 0xff, 0xff, 0xff, 0xf3, 0x1, 0x12,
    0x98, 0x21, 0x78, 0x21, 0x10, 0x3, 0x8e, 0xd6,
    0x0, 0x6d, 0xf9, 0x20, 0x1e, 0xb5, 0x0, 0x0,
    0x0, 0x4c, 0xb0, 0x0, 0x0, 0x0, 0x0, 0x0,
    0x0, 0x0,

    /* U+5185 "内" */
    0x0, 0x0, 0x6, 0xe0, 0x0, 0x0, 0x0, 0x0,
    0x6, 0xe0, 0x0, 0x0, 0x14, 0x44, 0x49, 0xe4,
    0x44, 0x43, 0x6f, 0xff, 0xff, 0xff, 0xff, 0xfc,
    0x6e, 0x0, 0x8, 0xd0, 0x0, 0x7c, 0x6e, 0x0,
    0xb, 0xc0, 0x0, 0x7c, 0x6e, 0x0, 0x1f, 0xf9,
    0x0, 0x7c, 0x6e, 0x0, 0xbd, 0x3e, 0xa0, 0x7c,
    0x6e, 0x1a, 0xf3, 0x2, 0xe9, 0x7c, 0x6e, 0x9e,
    0x30, 0x0, 0x3c, 0x9c, 0x6e, 0x0, 0x0, 0x0,
    0x0, 0x7c, 0x6e, 0x0, 0x0, 0x0, 0x44, 0xbc,
    0x6e, 0x0, 0x0, 0x0, 0x9f, 0xd5,

    /* U+51E0 "几" */
    0x0, 0x7, 0xff, 0xff, 0xff, 0x50, 0x0, 0x0,
    0x7, 0xf4, 0x44, 0x4f, 0x50, 0x0, 0x0, 0x7,
    0xe0, 0x0, 0xf, 0x50, 0x0, 0x0, 0x7, 0xe0,
    0x0, 0xf, 0x50, 0x0, 0x0, 0x7, 0xe0, 0x0,
    0xf, 0x50, 0x0, 0x0, 0x8, 0xd0, 0x0, 0xf,
    0x50, 0x0, 0x0, 0x9, 0xc0, 0x0, 0xf, 0x50,
    0x0, 0x0, 0xd, 0x90, 0x0, 0xf, 0x50, 0x0,
    0x0, 0x2f, 0x50, 0x0, 0xf, 0x50, 0x93, 0x0,
    0xae, 0x0, 0x0, 0xf, 0x50, 0xc6, 0x7, 0xf6,
    0x0, 0x0, 0xf, 0x94, 0xf4, 0x1f, 0x80, 0x0,
    0x0, 0x9, 0xff, 0xc0, 0x1, 0x0, 0x0, 0x0,
    0x0, 0x0, 0x0,

    /* U+51FA "出" */
    0x0, 0x0, 0x8, 0xe0, 0x0, 0x0, 0x8, 0x50,
    0x8, 0xe0, 0x3, 0x90, 0xd, 0x80, 0x8, 0xe0,
    0x5, 0xf1, 0xd, 0x80, 0x8, 0xe0, 0x5, 0xf1,
    0xd, 0x80, 0x8, 0xe0, 0x5, 0xf1, 0xd, 0xff,
    0xff, 0xff, 0xff, 0xf1, 0x4, 0x44, 0x4a, 0xf4,
    0x44, 0x40, 0x7d, 0x0, 0x8, 0xe0, 0x0, 0xc9,
    0x8e, 0x0, 0x8, 0xe0, 0x0, 0xd9, 0x8e, 0x0,
    0x8, 0xe0, 0x0, 0xd9, 0x8e, 0x0, 0x8, 0xe0,
    0x0, 0xd9, 0x8f, 0xff, 0xff, 0xff, 0xff, 0xf9,
    0x25, 0x55, 0x55, 0x55, 0x55, 0xe9,

    /* U+521D "初" */
    0x0, 0x44, 0x0, 0x0, 0x0, 0x0, 0x0, 0x6,
    0xe1, 0x7, 0x77, 0x77, 0x77, 0x3, 0x3d, 0x51,
    0xbc, 0xfd, 0xbd, 0xe2, 0xff, 0xff, 0x80, 0x1f,
    0x30, 0x5e, 0x0, 0x4, 0xf1, 0x2, 0xf2, 0x6,
    0xd0, 0x1, 0xe7, 0x40, 0x3f, 0x0, 0x6d, 0x0,
    0xbf, 0x9d, 0x16, 0xe0, 0x7, 0xc0, 0xbf, 0xff,
    0x50, 0x9b, 0x0, 0x8c, 0x4e, 0x7f, 0x6e, 0xd,
    0x80, 0x9, 0xb0, 0x24, 0xf0, 0x34, 0xf3, 0x0,
    0xaa, 0x0, 0x4f, 0x0, 0xcc, 0x0, 0xc, 0x80,
    0x4, 0xf0, 0xaf, 0x32, 0x46, 0xf5, 0x0, 0x4f,
    0x9, 0x50, 0x3e, 0xea, 0x0,

    /* U+5236 "制" */
    0x0, 0xa2, 0xd6, 0x0, 0x0, 0x0, 0xe2, 0x3,
    0xf1, 0xd6, 0x0, 0x5, 0x70, 0xf3, 0x8, 0xff,
    0xff, 0xff, 0x18, 0xa0, 0xf3, 0x1f, 0x72, 0xd8,
    0x22, 0x8, 0xa0, 0xf3, 0x1d, 0x88, 0xeb, 0x88,
    0x58, 0xa0, 0xf3, 0x1a, 0xaa, 0xfc, 0xaa, 0x68,
    0xa0, 0xf3, 0x0, 0x11, 0xd7, 0x11, 0x8, 0xa0,
    0xf3, 0x8, 0xff, 0xff, 0xff, 0x38, 0xa0, 0xf3,
    0x8, 0xa0, 0xd7, 0xf, 0x38, 0xa0, 0xf3, 0x8,
    0xa0, 0xd6, 0xf, 0x30, 0x0, 0xf3, 0x8, 0xa0,
    0xd6, 0x1f, 0x30, 0x0, 0xf3, 0x8, 0xa0, 0xd7,
    0xfd, 0x0, 0x46, 0xf2, 0x0, 0x0, 0xd6, 0x0,
    0x0, 0xef, 0xb0, 0x0, 0x0, 0x0, 0x0, 0x0,
    0x0, 0x0,

    /* U+524D "前" */
    0x0, 0x0, 0x0, 0x0, 0x0, 0x0, 0x0, 0x0,
    0xc, 0x60, 0x0, 0x5, 0xd1, 0x0, 0x0, 0x7,
    0xf2, 0x0, 0xe, 0x90, 0x0, 0x3d, 0xdd, 0xfd,
    0xdd, 0xef, 0xed, 0xd3, 0x15, 0x55, 0x55, 0x55,
    0x55, 0x55, 0x51, 0x1, 0x33, 0x33, 0x30, 0x0,
    0x8, 0x30, 0x6, 0xfe, 0xef, 0xd0, 0xa8, 0xe,
    0x60, 0x6, 0xc0, 0x6, 0xd0, 0xa8, 0xe, 0x60,
    0x6, 0xfe, 0xef, 0xd0, 0xa8, 0xe, 0x60, 0x6,
    0xd1, 0x17, 0xd0, 0xa8, 0xe, 0x60, 0x6, 0xfb,
    0xbd, 0xd0, 0xa8, 0xe, 0x60, 0x6, 0xd4, 0x49,
    0xd0, 0x75, 0xe, 0x60, 0x6, 0xc0, 0x17, 0xd0,
    0x2, 0x3e, 0x50, 0x6, 0xc0, 0xdf, 0x80, 0xb,
    0xfd, 0x20, 0x0, 0x0, 0x0, 0x0, 0x0, 0x0,
    0x0,

    /* U+529B "力" */
    0x0, 0x0, 0x6, 0xf0, 0x0, 0x0, 0x0, 0x0,
    0x0, 0x6f, 0x0, 0x0, 0x0, 0x0, 0x0, 0x6,
    0xf0, 0x0, 0x0, 0x0, 0xcf, 0xff, 0xff, 0xff,
    0xff, 0xfa, 0x4, 0x55, 0x5b, 0xe5, 0x55, 0x5d,
    0x90, 0x0, 0x0, 0xab, 0x0, 0x0, 0xc9, 0x0,
    0x0, 0xd, 0x80, 0x0, 0xd, 0x70, 0x0, 0x3,
    0xf4, 0x0, 0x0, 0xe6, 0x0, 0x0, 0xae, 0x0,
    0x0, 0xf, 0x50, 0x0, 0x5f, 0x50, 0x0, 0x2,
    0xf3, 0x0, 0x3f, 0xa0, 0x0, 0x0, 0x5f, 0x10,
    0x7f, 0xc1, 0x0, 0x25, 0x5c, 0xd0, 0xd, 0xa0,
    0x0, 0x3, 0xff, 0xe4, 0x0, 0x0, 0x0, 0x0,
    0x0, 0x0, 0x0,

    /* U+52A8 "动" */
    0x0, 0x0, 0x0, 0x0, 0x1f, 0x30, 0x0, 0x9,
    0xdd, 0xdd, 0x90, 0x1f, 0x20, 0x0, 0x3, 0x44,
    0x44, 0x30, 0x1f, 0x20, 0x0, 0x0, 0x0, 0x0,
    0xa, 0xbf, 0xcb, 0xb2, 0x3, 0x33, 0x33, 0x3b,
    0xcf, 0xcc, 0xf2, 0x3f, 0xff, 0xff, 0xe0, 0x3f,
    0x1, 0xf2, 0x0, 0x8c, 0x0, 0x0, 0x5f, 0x2,
    0xf1, 0x0, 0xc7, 0xd, 0x10, 0x7d, 0x2, 0xf1,
    0x1, 0xf1, 0xb, 0x70, 0xa9, 0x3, 0xf0, 0x7,
    0xd4, 0x8d, 0xd0, 0xf6, 0x5, 0xf0, 0xe, 0xfe,
    0xa6, 0xe8, 0xf0, 0x7, 0xd0, 0x5, 0x20, 0x0,
    0x2f, 0x83, 0x3c, 0xb0, 0x0, 0x0, 0x0, 0x5c,
    0xb, 0xfe, 0x30, 0x0, 0x0, 0x0, 0x0, 0x0,
    0x0, 0x0,

    /* U+52A9 "助" */
    0x0, 0x0, 0x0, 0x0, 0x1f, 0x20, 0x0, 0x4,
    0xff, 0xff, 0x40, 0x1f, 0x20, 0x0, 0x4, 0xe2,
    0x2e, 0x40, 0x2f, 0x20, 0x0, 0x4, 0xe2, 0x2e,
    0x69, 0xaf, 0xa9, 0x92, 0x4, 0xff, 0xff, 0x68,
    0xaf, 0x99, 0xf2, 0x4, 0xd0, 0xe, 0x40, 0x4f,
    0x1, 0xf2, 0x4, 0xe2, 0x2e, 0x40, 0x6d, 0x1,
    0xf2, 0x4, 0xff, 0xff, 0x40, 0x9b, 0x2, 0xf1,
    0x4, 0xd0, 0xe, 0x40, 0xe6, 0x3, 0xf0, 0x4,
    0xd1, 0x5f, 0xd6, 0xf2, 0x4, 0xf0, 0x2c, 0xff,
    0xea, 0x7e, 0x90, 0x6, 0xe0, 0x19, 0x62, 0x1,
    0xde, 0x13, 0x3b, 0xc0, 0x0, 0x0, 0x4, 0xd1,
    0x9, 0xfe, 0x40, 0x0, 0x0, 0x0, 0x0, 0x0,
    0x0, 0x0,

    /* U+52B2 "劲" */
    0x0, 0x0, 0x0, 0x0, 0xf, 0x40, 0x0, 0xff,
    0xff, 0xf8, 0x0, 0xf3, 0x0, 0x2, 0x22, 0x8f,
    0x20, 0xf, 0x30, 0x0, 0x0, 0x4f, 0x90, 0x45,
    0xf8, 0x55, 0x0, 0x6f, 0xfa, 0x19, 0xdf, 0xee,
    0xf2, 0xcf, 0x73, 0xbe, 0x21, 0xf2, 0x3f, 0x8,
    0x10, 0x0, 0x40, 0x2f, 0x14, 0xf0, 0xef, 0xff,
    0xfa, 0x4, 0xf0, 0x4f, 0x3, 0x3c, 0xa3, 0x20,
    0x7c, 0x4, 0xe0, 0x0, 0xb8, 0x0, 0xb, 0x90,
    0x5e, 0x0, 0xb, 0xb8, 0xa2, 0xf3, 0x6, 0xd2,
    0xcf, 0xfe, 0xb8, 0xcb, 0x3, 0xab, 0x18, 0x52,
    0x0, 0x7d, 0x10, 0xee, 0x50, 0x0, 0x0, 0x0,
    0x10, 0x0, 0x0,

    /* U+52BF "势" */
    0x0, 0x1f, 0x10, 0x0, 0xf3, 0x0, 0x0, 0x3,
    0x4f, 0x42, 0x33, 0xf5, 0x32, 0x0, 0x1e, 0xef,
    0xeb, 0xce, 0xfe, 0xec, 0x0, 0x0, 0x1f, 0x44,
    0x45, 0xf0, 0x6c, 0x0, 0x2c, 0xef, 0xea, 0x8f,
    0xd0, 0x5c, 0x0, 0x5, 0x4f, 0x10, 0x4f, 0xdd,
    0x6e, 0x85, 0x7, 0xcf, 0x3, 0xf6, 0x6, 0xd,
    0xf3, 0x1, 0x41, 0x3, 0xf1, 0x0, 0x0, 0x0,
    0xb, 0xff, 0xff, 0xff, 0xff, 0xff, 0x10, 0x1,
    0x22, 0x3e, 0x92, 0x22, 0x7f, 0x0, 0x0, 0x0,
    0xbe, 0x10, 0x0, 0x7d, 0x0, 0x3, 0x7e, 0xd2,
    0x1, 0x22, 0xda, 0x0, 0x1f, 0xc7, 0x0, 0x6,
    0xff, 0xd2, 0x0, 0x0, 0x0, 0x0, 0x0, 0x0,
    0x0, 0x0,

    /* U+52FE "勾" */
    0x0, 0x3, 0xc2, 0x0, 0x0, 0x0, 0x0, 0x0,
    0xad, 0x0, 0x0, 0x0, 0x0, 0x0, 0x2f, 0xfe,
    0xee, 0xee, 0xee, 0xd0, 0xa, 0xd5, 0x55, 0x55,
    0x55, 0xae, 0x4, 0xf5, 0x1d, 0x40, 0x0, 0x8,
    0xd1, 0xeb, 0x8, 0xf1, 0x10, 0x0, 0x8d, 0x19,
    0x11, 0xf8, 0xd, 0x70, 0x9, 0xc0, 0x0, 0xad,
    0x0, 0x6f, 0x10, 0xab, 0x0, 0x5f, 0x63, 0x56,
    0xfa, 0xc, 0xa0, 0xe, 0xff, 0xfe, 0xcb, 0xf3,
    0xd8, 0x0, 0x44, 0x20, 0x0, 0x5, 0x1f, 0x60,
    0x0, 0x0, 0x0, 0x55, 0x5a, 0xf2, 0x0, 0x0,
    0x0, 0x8, 0xff, 0xe7, 0x0, 0x0, 0x0, 0x0,
    0x0, 0x0, 0x0,

    /* U+5348 "午" */
    0x0, 0x8, 0x70, 0x0, 0x0, 0x0, 0x0, 0x0,
    0x1f, 0x70, 0x0, 0x0, 0x0, 0x0, 0x0, 0x7f,
    0xff, 0xff, 0xff, 0xff, 0x20, 0x2, 0xfa, 0x55,
    0xcc, 0x55, 0x55, 0x0, 0xc, 0xe1, 0x0, 0xaa,
    0x0, 0x0, 0x0, 0xa, 0x40, 0x0, 0xaa, 0x0,
    0x0, 0x0, 0x15, 0x55, 0x55, 0xcc, 0x55, 0x55,
    0x51, 0x3f, 0xff, 0xff, 0xff, 0xff, 0xff, 0xf3,
    0x0, 0x0, 0x0, 0xaa, 0x0, 0x0, 0x0, 0x0,
    0x0, 0x0, 0xaa, 0x0, 0x0, 0x0, 0x0, 0x0,
    0x0, 0xaa, 0x0, 0x0, 0x0, 0x0, 0x0, 0x0,
    0xaa, 0x0, 0x0, 0x0, 0x0, 0x0, 0x0, 0xaa,
    0x0, 0x0, 0x0,

    /* U+535C "卜" */
    0xf8, 0x0, 0x0, 0x0, 0xf8, 0x0, 0x0, 0x0,
    0xf8, 0x0, 0x0, 0x0, 0xf8, 0x0, 0x0, 0x0,
    0xfc, 0x60, 0x0, 0x0, 0xfd, 0xfe, 0x70, 0x0,
    0xf8, 0x19, 0xfe, 0x60, 0xf8, 0x0, 0x2b, 0xf7,
    0xf8, 0x0, 0x0, 0x40, 0xf8, 0x0, 0x0, 0x0,
    0xf8, 0x0, 0x0, 0x0, 0xf8, 0x0, 0x0, 0x0,
    0xf8, 0x0, 0x0, 0x0,

    /* U+5360 "占" */
    0x0, 0x0, 0xe6, 0x0, 0x0, 0x0, 0x0, 0xe,
    0x60, 0x0, 0x0, 0x0, 0x0, 0xe9, 0x33, 0x33,
    0x30, 0x0, 0xe, 0xff, 0xff, 0xfe, 0x0, 0x0,
    0xe6, 0x0, 0x0, 0x0, 0x0, 0xe, 0x60, 0x0,
    0x0, 0x34, 0x44, 0xf9, 0x44, 0x43, 0xe, 0xff,
    0xff, 0xff, 0xff, 0xe0, 0xe5, 0x0, 0x0, 0x0,
    0x6e, 0xe, 0x50, 0x0, 0x0, 0x6, 0xe0, 0xe5,
    0x0, 0x0, 0x0, 0x6e, 0xe, 0xff, 0xff, 0xff,
    0xff, 0xe0, 0xe8, 0x44, 0x44, 0x44, 0x8d, 0x0,

    /* U+5366 "卦" */
    0x0, 0x3, 0xf1, 0x0, 0x1e, 0x30, 0x0, 0x2,
    0x25, 0xf4, 0x21, 0x1f, 0x30, 0x0, 0xb, 0xff,
    0xff, 0xf7, 0x1f, 0x30, 0x0, 0x0, 0x3, 0xf2,
    0x0, 0x1f, 0x30, 0x0, 0x3, 0x36, 0xf5, 0x33,
    0x1f, 0xa0, 0x0, 0x2f, 0xff, 0xff, 0xfe, 0x1f,
    0xfc, 0x0, 0x0, 0x1, 0x80, 0x0, 0x1f, 0x5e,
    0x90, 0x2, 0x36, 0xf5, 0x31, 0x1f, 0x34, 0xf3,
    0xc, 0xff, 0xff, 0xf8, 0x1f, 0x30, 0x20, 0x0,
    0x3, 0xf1, 0x0, 0x1f, 0x30, 0x0, 0x0, 0x4,
    0xf5, 0x57, 0x2f, 0x30, 0x0, 0x3e, 0xff, 0xff,
    0xdb, 0x3f, 0x30, 0x0, 0x15, 0x42, 0x0, 0x0,
    0x1f, 0x30, 0x0,

    /* U+536F "卯" */
    0x0, 0x0, 0x40, 0x0, 0x0, 0x0, 0x1, 0x7e,
    0xe4, 0x3, 0x33, 0x33, 0x4f, 0xa4, 0x0, 0x3f,
    0xff, 0xfe, 0x5e, 0x0, 0xd4, 0x3f, 0x0, 0x5e,
    0x5e, 0x0, 0xe5, 0x3f, 0x0, 0x5e, 0x5e, 0x0,
    0xe5, 0x3f, 0x0, 0x5e, 0x5e, 0x0, 0xe5, 0x3f,
    0x0, 0x5e, 0x5e, 0x0, 0xf4, 0x3f, 0x0, 0x5e,
    0x6f, 0x8d, 0xf2, 0x3f, 0x0, 0x5e, 0xbf, 0xaa,
    0xd0, 0x3f, 0x16, 0x9e, 0x21, 0x2e, 0x60, 0x3f,
    0xd, 0xd7, 0x6, 0xe8, 0x0, 0x3f, 0x0, 0x0,
    0x4d, 0x50, 0x0, 0x3f, 0x0, 0x0, 0x0, 0x0,
    0x0, 0x0, 0x0, 0x0,

    /* U+5373 "即" */
    0x6, 0xff, 0xff, 0xf2, 0xbe, 0xee, 0xd0, 0x6e,
    0x22, 0x4f, 0x2c, 0xa4, 0x8e, 0x6, 0xf3, 0x35,
    0xf2, 0xc7, 0x5, 0xe0, 0x6f, 0xff, 0xff, 0x2c,
    0x70, 0x5e, 0x6, 0xe0, 0x2, 0xf2, 0xc7, 0x5,
    0xe0, 0x6f, 0x44, 0x6f, 0x2c, 0x70, 0x5e, 0x6,
    0xfd, 0xdd, 0xd2, 0xc7, 0x5, 0xe0, 0x6e, 0x2,
    0x70, 0xc, 0x70, 0x5e, 0x6, 0xe0, 0x1f, 0x50,
    0xc7, 0xbe, 0xd0, 0x7f, 0x8d, 0xfe, 0xc, 0x73,
    0x41, 0xd, 0xfc, 0x72, 0xf4, 0xc7, 0x0, 0x0,
    0x52, 0x0, 0x1, 0xc, 0x70, 0x0,

    /* U+53D6 "取" */
    0x1f, 0xff, 0xff, 0xf4, 0x11, 0x11, 0x10, 0x5,
    0xf2, 0x2f, 0x6b, 0xff, 0xff, 0xf1, 0x3, 0xf2,
    0x2f, 0x41, 0xf3, 0x15, 0xe0, 0x3, 0xff, 0xff,
    0x40, 0xd5, 0x7, 0xb0, 0x3, 0xf0, 0xf, 0x40,
    0x98, 0xa, 0x80, 0x3, 0xf2, 0x2f, 0x40, 0x5d,
    0xf, 0x40, 0x3, 0xff, 0xff, 0x40, 0xf, 0x9d,
    0x0, 0x3, 0xf0, 0xf, 0x40, 0xa, 0xf7, 0x0,
    0x3, 0xf4, 0x6f, 0xd6, 0x8, 0xf4, 0x0, 0x1f,
    0xfe, 0xbf, 0x81, 0x4f, 0xce, 0x10, 0x3, 0x0,
    0xf, 0x46, 0xf7, 0xc, 0xe3, 0x0, 0x0, 0xf,
    0x4b, 0x60, 0x0, 0xa3, 0x0, 0x0, 0x0, 0x0,
    0x0, 0x0, 0x0,

    /* U+53D7 "受" */
    0x0, 0x1, 0x23, 0x46, 0x79, 0xcb, 0x0, 0xb,
    0xff, 0xfe, 0xec, 0xa9, 0x74, 0x0, 0x1, 0x7a,
    0x0, 0xd6, 0x0, 0xba, 0x0, 0x0, 0x2f, 0x20,
    0x8a, 0x3, 0xf2, 0x0, 0xf, 0xff, 0xff, 0xff,
    0xff, 0xff, 0xf0, 0xf, 0x62, 0x22, 0x22, 0x22,
    0x26, 0xf0, 0xe, 0x43, 0x33, 0x33, 0x33, 0x34,
    0xe0, 0x0, 0x2f, 0xff, 0xff, 0xff, 0xe1, 0x0,
    0x0, 0x7, 0xe2, 0x0, 0x3f, 0x60, 0x0, 0x0,
    0x0, 0x9e, 0x55, 0xe9, 0x0, 0x0, 0x0, 0x0,
    0xa, 0xff, 0xb0, 0x0, 0x0, 0x4, 0x6a, 0xef,
    0x99, 0xff, 0xa7, 0x50, 0xd, 0xd9, 0x50, 0x0,
    0x6, 0x9d, 0xc0, 0x0, 0x0, 0x0, 0x0, 0x0,
    0x0, 0x0,

    /* U+53D8 "变" */
    0x0, 0x0, 0x0, 0x84, 0x0, 0x0, 0x0, 0x2,
    0x22, 0x22, 0xbd, 0x32, 0x22, 0x20, 0xf, 0xff,
    0xff, 0xff, 0xff, 0xff, 0xf0, 0x0, 0x16, 0x5f,
    0x0, 0xf4, 0x50, 0x0, 0x0, 0xab, 0x4f, 0x0,
    0xf6, 0xe9, 0x0, 0x7, 0xf2, 0x4f, 0x0, 0xf4,
    0x2e, 0x80, 0x3, 0x40, 0x4f, 0x0, 0xf4, 0x3,
    0x30, 0x2, 0xff, 0xff, 0xff, 0xff, 0xf5, 0x0,
    0x0, 0x2b, 0xd3, 0x22, 0x3c, 0xd0, 0x0, 0x0,
    0x0, 0xcc, 0x22, 0xcd, 0x20, 0x0, 0x0, 0x0,
    0x1c, 0xff, 0xc0, 0x0, 0x0, 0x5, 0x9c, 0xfe,
    0x9a, 0xfe, 0xa7, 0x40, 0xd, 0xb8, 0x40, 0x0,
    0x5, 0x9c, 0xd0,

    /* U+53EF "可" */
    0x3f, 0xff, 0xff, 0xff, 0xff, 0xff, 0xf3, 0x15,
    0x55, 0x55, 0x55, 0x55, 0xdb, 0x51, 0x0, 0x0,
    0x0, 0x0, 0x0, 0xc8, 0x0, 0x0, 0xbd, 0xdd,
    0xdc, 0x0, 0xc8, 0x0, 0x0, 0xda, 0x55, 0x9e,
    0x0, 0xc8, 0x0, 0x0, 0xd6, 0x0, 0x5e, 0x0,
    0xc8, 0x0, 0x0, 0xd6, 0x0, 0x5e, 0x0, 0xc8,
    0x0, 0x0, 0xda, 0x66, 0x9e, 0x0, 0xc8, 0x0,
    0x0, 0xde, 0xdd, 0xdc, 0x0, 0xc8, 0x0, 0x0,
    0x63, 0x0, 0x0, 0x0, 0xc8, 0x0, 0x0, 0x0,
    0x0, 0x4, 0x55, 0xe8, 0x0, 0x0, 0x0, 0x0,
    0x6, 0xff, 0xc2, 0x0,

    /* U+5468 "周" */
    0x0, 0xff, 0xff, 0xff, 0xff, 0xff, 0x50, 0xf,
    0x73, 0x35, 0x83, 0x33, 0xf5, 0x0, 0xf4, 0x8c,
    0xdf, 0xcc, 0x2e, 0x50, 0xf, 0x42, 0x38, 0xd3,
    0x30, 0xe5, 0x0, 0xf4, 0x22, 0x7d, 0x22, 0x1e,
    0x50, 0xf, 0x4e, 0xee, 0xee, 0xe7, 0xe5, 0x2,
    0xf2, 0x1, 0x11, 0x11, 0xe, 0x50, 0x3f, 0x5,
    0xfe, 0xef, 0xe0, 0xe5, 0x5, 0xe0, 0x5c, 0x0,
    0x4e, 0xe, 0x50, 0x9a, 0x5, 0xfd, 0xde, 0xe0,
    0xe5, 0x1f, 0x50, 0x5d, 0x22, 0x25, 0x3f, 0x54,
    0xc0, 0x2, 0x50, 0x0, 0xcf, 0xc1, 0x0, 0x0,
    0x0, 0x0, 0x0, 0x0, 0x0,

    /* U+548C "和" */
    0x0, 0x0, 0x4, 0x10, 0x0, 0x0, 0x0, 0x68,
    0xbf, 0xe7, 0x24, 0x44, 0x44, 0xa, 0x8c, 0xb0,
    0x9, 0xff, 0xff, 0xe0, 0x0, 0xaa, 0x0, 0x9b,
    0x0, 0x6e, 0x3d, 0xdf, 0xfd, 0xc9, 0xb0, 0x6,
    0xe1, 0x56, 0xfd, 0x55, 0x9b, 0x0, 0x6e, 0x0,
    0x7f, 0xf6, 0x9, 0xb0, 0x6, 0xe0, 0xe, 0xed,
    0xf3, 0x9b, 0x0, 0x6e, 0x8, 0xca, 0xa7, 0xb9,
    0xb0, 0x6, 0xe3, 0xf4, 0xaa, 0x2, 0x9b, 0x0,
    0x6e, 0x49, 0xa, 0xa0, 0x9, 0xff, 0xff, 0xe0,
    0x0, 0xaa, 0x0, 0x9c, 0x44, 0x9e, 0x0, 0xa,
    0xa0, 0x6, 0x70, 0x3, 0x70,

    /* U+56DA "囚" */
    0xef, 0xff, 0xff, 0xff, 0xff, 0xfe, 0xe8, 0x33,
    0x39, 0xd3, 0x33, 0x9e, 0xe5, 0x0, 0x9, 0xa0,
    0x0, 0x6e, 0xe5, 0x0, 0xb, 0x80, 0x0, 0x6e,
    0xe5, 0x0, 0xf, 0x70, 0x0, 0x6e, 0xe5, 0x0,
    0x4f, 0xf3, 0x0, 0x6e, 0xe5, 0x0, 0xd9, 0x8e,
    0x20, 0x6e, 0xe5, 0x9, 0xe1, 0xa, 0xd0, 0x6e,
    0xe6, 0xcd, 0x20, 0x0, 0xd9, 0x6e, 0xe5, 0x41,
    0x0, 0x0, 0x21, 0x6e, 0xef, 0xff, 0xff, 0xff,
    0xff, 0xfe, 0xe8, 0x44, 0x44, 0x44, 0x44, 0x9e,

    /* U+56DB "四" */
    0x55, 0x55, 0x55, 0x55, 0x55, 0x52, 0xef, 0xef,
    0xfe, 0xff, 0xee, 0xf6, 0xe5, 0x5, 0xe0, 0x4e,
    0x0, 0xe6, 0xe5, 0x6, 0xd0, 0x4e, 0x0, 0xe6,
    0xe5, 0x8, 0xb0, 0x4e, 0x0, 0xe6, 0xe5, 0xd,
    0x80, 0x4e, 0x0, 0xe6, 0xe6, 0x8f, 0x30, 0x2f,
    0xdc, 0xf6, 0xeb, 0xf8, 0x0, 0x3, 0x44, 0xf6,
    0xe6, 0x40, 0x0, 0x0, 0x0, 0xe6, 0xe9, 0x55,
    0x55, 0x55, 0x55, 0xf6, 0xee, 0xdd, 0xdd, 0xdd,
    0xdd, 0xf6, 0xc5, 0x0, 0x0, 0x0, 0x0, 0xb5,

    /* U+56DE "回" */
    0xef, 0xff, 0xff, 0xff, 0xff, 0xfe, 0xe9, 0x55,
    0x55, 0x55, 0x55, 0xae, 0xe6, 0x0, 0x0, 0x0,
    0x0, 0x7e, 0xe6, 0xe, 0xff, 0xff, 0x60, 0x7e,
    0xe6, 0xe, 0x72, 0x2e, 0x60, 0x7e, 0xe6, 0xe,
    0x40, 0xe, 0x60, 0x7e, 0xe6, 0xe, 0x40, 0xe,
    0x60, 0x7e, 0xe6, 0xe, 0xff, 0xff, 0x60, 0x7e,
    0xe6, 0x2, 0x22, 0x22, 0x10, 0x7e, 0xe6, 0x0,
    0x0, 0x0, 0x0, 0x7e, 0xef, 0xff, 0xff, 0xff,
    0xff, 0xfe, 0xe9, 0x44, 0x44, 0x44, 0x44, 0x9e,

    /* U+56F4 "围" */
    0xef, 0xff, 0xff, 0xff, 0xff, 0xfe, 0xe6, 0x22,
    0x2a, 0x62, 0x22, 0x6e, 0xe4, 0xcf, 0xff, 0xff,
    0xfb, 0x5e, 0xe4, 0x11, 0x1c, 0x71, 0x11, 0x5e,
    0xe4, 0x4e, 0xef, 0xfe, 0xe2, 0x5e, 0xe4, 0x1,
    0x1c, 0x71, 0x10, 0x5e, 0xe5, 0xee, 0xef, 0xfe,
    0xed, 0x5e, 0xe4, 0x11, 0x1c, 0x71, 0x8c, 0x5e,
    0xe4, 0x0, 0xc, 0x6a, 0xe7, 0x5e, 0xe4, 0x0,
    0x9, 0x42, 0x20, 0x5e, 0xee, 0xdd, 0xdd, 0xdd,
    0xdd, 0xee, 0xe7, 0x33, 0x33, 0x33, 0x33, 0x7e,

    /* U+571F "土" */
    0x0, 0x0, 0x0, 0x8d, 0x0, 0x0, 0x0, 0x0,
    0x0, 0x0, 0x8d, 0x0, 0x0, 0x0, 0x0, 0x0,
    0x0, 0x8d, 0x0, 0x0, 0x0, 0x0, 0x0, 0x0,
    0x8d, 0x0, 0x0, 0x0, 0x0, 0x44, 0x44, 0xbe,
    0x44, 0x44, 0x20, 0x2, 0xff, 0xff, 0xff, 0xff,
    0xff, 0x70, 0x0, 0x0, 0x0, 0x8d, 0x0, 0x0,
    0x0, 0x0, 0x0, 0x0, 0x8d, 0x0, 0x0, 0x0,
    0x0, 0x0, 0x0, 0x8d, 0x0, 0x0, 0x0, 0x0,
    0x0, 0x0, 0x8d, 0x0, 0x0, 0x0, 0x0, 0x0,
    0x0, 0x8d, 0x0, 0x0, 0x0, 0x1f, 0xff, 0xff,
    0xff, 0xff, 0xff, 0xf6, 0x4, 0x44, 0x44, 0x44,
    0x44, 0x44, 0x42,

    /* U+5728 "在" */
    0x0, 0x0, 0xb, 0x70, 0x0, 0x0, 0x0, 0x0,
    0x0, 0x2f, 0x50, 0x0, 0x0, 0x0, 0x1e, 0xee,
    0xff, 0xee, 0xee, 0xee, 0xe1, 0x5, 0x56, 0xf9,
    0x55, 0x55, 0x55, 0x50, 0x0, 0x9, 0xe0, 0x0,
    0x65, 0x0, 0x0, 0x0, 0x3f, 0x60, 0x0, 0xb9,
    0x0, 0x0, 0x2, 0xef, 0x2, 0x33, 0xcb, 0x33,
    0x20, 0x2e, 0xfe, 0xa, 0xff, 0xff, 0xff, 0x80,
    0x2c, 0x7e, 0x0, 0x0, 0xb9, 0x0, 0x0, 0x0,
    0x6e, 0x0, 0x0, 0xb9, 0x0, 0x0, 0x0, 0x6e,
    0x0, 0x0, 0xb9, 0x0, 0x0, 0x0, 0x6e, 0x3,
    0x33, 0xca, 0x33, 0x30, 0x0, 0x6e, 0x3f, 0xff,
    0xff, 0xff, 0xf1,

    /* U+574E "坎" */
    0x0, 0x0, 0x0, 0x1, 0x0, 0x0, 0x0, 0x0,
    0xa8, 0x0, 0xf, 0x70, 0x0, 0x0, 0x0, 0xa8,
    0x0, 0x4f, 0x30, 0x0, 0x0, 0x0, 0xa8, 0x0,
    0x8f, 0x76, 0x66, 0x62, 0x14, 0xca, 0x40, 0xcf,
    0xff, 0xff, 0xf6, 0x4f, 0xff, 0xf4, 0xf5, 0x0,
    0x2, 0xf2, 0x0, 0xa8, 0xc, 0xd0, 0x5c, 0x6,
    0xd0, 0x0, 0xa8, 0xa, 0x30, 0x5e, 0x5, 0x60,
    0x0, 0xa8, 0x0, 0x0, 0x7f, 0x10, 0x0, 0x0,
    0xac, 0xd3, 0x0, 0xaf, 0x50, 0x0, 0x29, 0xfe,
    0x81, 0x2, 0xfc, 0xd0, 0x0, 0x3d, 0x60, 0x0,
    0xd, 0xd0, 0xd8, 0x0, 0x0, 0x0, 0x2, 0xde,
    0x20, 0x4f, 0x91, 0x0, 0x0, 0x2f, 0xb1, 0x0,
    0x3, 0xd6, 0x0, 0x0, 0x1, 0x0, 0x0, 0x0,
    0x0,

    /* U+5764 "坤" */
    0x0, 0x0, 0x0, 0x0, 0x2, 0x0, 0x0, 0xc,
    0x70, 0x0, 0x5, 0xe0, 0x0, 0x0, 0xc7, 0x0,
    0x0, 0x5e, 0x0, 0x0, 0xc, 0x70, 0x7f, 0xff,
    0xff, 0xfe, 0x27, 0xeb, 0x78, 0xc3, 0x7f, 0x37,
    0xe4, 0xbf, 0xdb, 0x8b, 0x5, 0xe0, 0x4e, 0x0,
    0xc7, 0x8, 0xff, 0xff, 0xff, 0xe0, 0xc, 0x70,
    0x8c, 0x37, 0xf3, 0x7e, 0x0, 0xc7, 0x18, 0xb0,
    0x5e, 0x4, 0xe0, 0xc, 0xef, 0x8f, 0xff, 0xff,
    0xfe, 0x3d, 0xfa, 0x37, 0xb3, 0x7f, 0x36, 0xb1,
    0x81, 0x0, 0x0, 0x5, 0xe0, 0x0, 0x0, 0x0,
    0x0, 0x0, 0x5e, 0x0, 0x0, 0x0, 0x0, 0x0,
    0x5, 0xe0, 0x0,

    /* U+58EC "壬" */
    0x0, 0x0, 0x0, 0x0, 0x2, 0x71, 0x0, 0x0,
    0x2, 0x46, 0x8b, 0xef, 0xe7, 0x0, 0x9, 0xff,
    0xfe, 0xfc, 0x63, 0x0, 0x0, 0x2, 0x32, 0x0,
    0xe7, 0x0, 0x0, 0x0, 0x0, 0x0, 0x0, 0xe7,
    0x0, 0x0, 0x0, 0x0, 0x0, 0x0, 0xe7, 0x0,
    0x0, 0x0, 0x7f, 0xff, 0xff, 0xff, 0xff, 0xff,
    0xf1, 0x14, 0x44, 0x44, 0xe9, 0x44, 0x44, 0x40,
    0x0, 0x0, 0x0, 0xe7, 0x0, 0x0, 0x0, 0x0,
    0x0, 0x0, 0xe7, 0x0, 0x0, 0x0, 0x0, 0x0,
    0x0, 0xe7, 0x0, 0x0, 0x0, 0x3, 0x66, 0x66,
    0xfa, 0x66, 0x66, 0x10, 0x7, 0xee, 0xee, 0xee,
    0xee, 0xee, 0x30,

    /* U+5916 "外" */
    0x0, 0x0, 0x0, 0x0, 0x0, 0x0, 0x0, 0x0,
    0xd, 0x60, 0x0, 0x6e, 0x0, 0x0, 0x0, 0x2f,
    0x30, 0x0, 0x6e, 0x0, 0x0, 0x0, 0x7f, 0xee,
    0xe6, 0x6e, 0x0, 0x0, 0x0, 0xcb, 0x55, 0xf6,
    0x6e, 0x0, 0x0, 0x3, 0xf3, 0x2, 0xf2, 0x6f,
    0x80, 0x0, 0xd, 0xb3, 0x6, 0xf0, 0x6f, 0xec,
    0x0, 0x1c, 0x6f, 0x8c, 0xa0, 0x6e, 0x2e, 0xc0,
    0x0, 0x4, 0xef, 0x40, 0x6e, 0x2, 0xf6, 0x0,
    0x0, 0xcd, 0x0, 0x6e, 0x0, 0x10, 0x0, 0x8,
    0xf4, 0x0, 0x6e, 0x0, 0x0, 0x0, 0x7f, 0x80,
    0x0, 0x6e, 0x0, 0x0, 0x1c, 0xf9, 0x0, 0x0,
    0x6e, 0x0, 0x0, 0x9, 0x50, 0x0, 0x0, 0x6e,
    0x0, 0x0,

    /* U+5934 "头" */
    0x0, 0x5, 0x0, 0xb, 0xa0, 0x0, 0x0, 0x0,
    0x2e, 0xf7, 0xb, 0xa0, 0x0, 0x0, 0x0, 0x0,
    0x7f, 0x4b, 0x90, 0x0, 0x0, 0x1, 0x81, 0x2,
    0xb, 0x90, 0x0, 0x0, 0x4, 0xdf, 0x70, 0xd,
    0x80, 0x0, 0x0, 0x0, 0x7, 0xe1, 0xe, 0x60,
    0x0, 0x0, 0x3, 0x33, 0x53, 0x4f, 0x83, 0x33,
    0x30, 0x2f, 0xff, 0xff, 0xff, 0xff, 0xff, 0xf3,
    0x0, 0x0, 0x0, 0xbc, 0x0, 0x0, 0x0, 0x0,
    0x0, 0x5, 0xf6, 0xb3, 0x0, 0x0, 0x0, 0x0,
    0x6f, 0x81, 0x9f, 0xb2, 0x0, 0x1, 0x6d, 0xf7,
    0x0, 0x2, 0xbf, 0x70, 0xe, 0xe9, 0x20, 0x0,
    0x0, 0x7, 0xd0, 0x1, 0x0, 0x0, 0x0, 0x0,
    0x0, 0x0,

    /* U+59BB "妻" */
    0x0, 0x0, 0x0, 0xa9, 0x0, 0x0, 0x0, 0xb,
    0xff, 0xff, 0xff, 0xff, 0xff, 0xf0, 0x0, 0x11,
    0x11, 0xba, 0x11, 0x11, 0x0, 0x0, 0xcf, 0xff,
    0xff, 0xff, 0xfe, 0x0, 0x0, 0x11, 0x11, 0xba,
    0x11, 0x7e, 0x0, 0x1f, 0xff, 0xff, 0xff, 0xff,
    0xff, 0xf6, 0x0, 0x56, 0x66, 0xdc, 0x66, 0xae,
    0x0, 0x0, 0x55, 0x5d, 0xd6, 0x55, 0x55, 0x0,
    0xe, 0xee, 0xef, 0xfe, 0xee, 0xee, 0xe5, 0x2,
    0x25, 0xf6, 0x22, 0x4e, 0x92, 0x20, 0x0, 0xa,
    0xfd, 0x96, 0xeb, 0x0, 0x0, 0x1, 0x23, 0x6c,
    0xff, 0xfd, 0x84, 0x0, 0xe, 0xfe, 0xc9, 0x40,
    0x4, 0x9e, 0x80, 0x0, 0x0, 0x0, 0x0, 0x0,
    0x0, 0x0,

    /* U+59FB "姻" */
    0x0, 0x0, 0x0, 0x0, 0x0, 0x0, 0x0, 0x1f,
    0x10, 0x0, 0x0, 0x0, 0x0, 0x2, 0xf0, 0x6,
    0xff, 0xff, 0xff, 0xc0, 0x4d, 0x0, 0x6c, 0x24,
    0x52, 0x8c, 0x6d, 0xeb, 0xb7, 0xc0, 0x69, 0x6,
    0xc4, 0xcb, 0x8f, 0x6c, 0x17, 0xa1, 0x7c, 0xc,
    0x53, 0xe6, 0xce, 0xff, 0xfa, 0xc0, 0xf1, 0x6d,
    0x6c, 0x9, 0x90, 0x6c, 0x4f, 0x1a, 0x96, 0xc0,
    0xdf, 0x26, 0xc0, 0xbe, 0xe4, 0x6c, 0x3e, 0x5c,
    0x6c, 0x0, 0xbf, 0x36, 0xcd, 0x60, 0xca, 0xc0,
    0x1e, 0xde, 0x7c, 0x60, 0x2, 0x7c, 0x3d, 0xb0,
    0x86, 0xff, 0xff, 0xff, 0xc4, 0xa0, 0x0, 0x6d,
    0x33, 0x33, 0x7b,

    /* U+5B50 "子" */
    0x0, 0x0, 0x0, 0x0, 0x0, 0x0, 0x0, 0x0,
    0xaf, 0xff, 0xff, 0xff, 0xfe, 0x20, 0x0, 0x24,
    0x44, 0x44, 0x4c, 0xf8, 0x0, 0x0, 0x0, 0x0,
    0x2, 0xcf, 0x60, 0x0, 0x0, 0x0, 0x0, 0x4f,
    0xc2, 0x0, 0x0, 0x0, 0x0, 0x0, 0x6e, 0x0,
    0x0, 0x0, 0x6, 0x66, 0x66, 0xaf, 0x66, 0x66,
    0x63, 0x1d, 0xdd, 0xdd, 0xef, 0xdd, 0xdd, 0xd6,
    0x0, 0x0, 0x0, 0x6e, 0x0, 0x0, 0x0, 0x0,
    0x0, 0x0, 0x6e, 0x0, 0x0, 0x0, 0x0, 0x0,
    0x0, 0x6e, 0x0, 0x0, 0x0, 0x0, 0x0, 0x44,
    0xae, 0x0, 0x0, 0x0, 0x0, 0x0, 0xef, 0xe7,
    0x0, 0x0, 0x0, 0x0, 0x0, 0x0, 0x0, 0x0,
    0x0, 0x0,

    /* U+5B59 "孙" */
    0x0, 0x0, 0x0, 0x0, 0xf, 0x40, 0x0, 0xf,
    0xff, 0xfe, 0x0, 0xf, 0x40, 0x0, 0x2, 0x22,
    0xd8, 0x0, 0xf, 0x40, 0x0, 0x0, 0x7, 0xc0,
    0x6, 0x1f, 0x47, 0x10, 0x0, 0x3f, 0x20, 0x3f,
    0x1f, 0x4d, 0x60, 0x0, 0x4e, 0x1, 0x7d, 0xf,
    0x49, 0xb0, 0x0, 0x5f, 0xe8, 0xa9, 0xf, 0x44,
    0xf0, 0x1c, 0xff, 0x51, 0xf5, 0xf, 0x40, 0xf4,
    0x9, 0x7e, 0x6, 0xf0, 0xf, 0x40, 0xd7, 0x0,
    0x4e, 0x3, 0x60, 0xf, 0x40, 0x52, 0x0, 0x4e,
    0x0, 0x0, 0xf, 0x40, 0x0, 0x1, 0x6e, 0x0,
    0x3, 0x5f, 0x30, 0x0, 0x7, 0xf9, 0x0, 0xb,
    0xfb, 0x0, 0x0,

    /* U+5B66 "学" */
    0x0, 0x12, 0x0, 0x72, 0x0, 0x22, 0x0, 0x0,
    0x7e, 0x10, 0xcb, 0x0, 0xdb, 0x0, 0x3, 0x4e,
    0x94, 0x8e, 0x48, 0xf5, 0x40, 0xe, 0xee, 0xee,
    0xee, 0xee, 0xee, 0xf0, 0xe, 0x50, 0x0, 0x0,
    0x0, 0x4, 0xf0, 0x8, 0x3b, 0xff, 0xff, 0xff,
    0x93, 0x90, 0x0, 0x1, 0x11, 0x29, 0xfa, 0x10,
    0x0, 0x0, 0x0, 0x0, 0xad, 0x30, 0x0, 0x0,
    0x1f, 0xff, 0xff, 0xff, 0xff, 0xff, 0xf2, 0x3,
    0x33, 0x33, 0xcb, 0x33, 0x33, 0x30, 0x0, 0x0,
    0x0, 0xb9, 0x0, 0x0, 0x0, 0x0, 0x0, 0x33,
    0xd9, 0x0, 0x0, 0x0, 0x0, 0x0, 0xef, 0xd4,
    0x0, 0x0, 0x0,

    /* U+5B85 "宅" */
    0x0, 0x0, 0x0, 0x94, 0x0, 0x0, 0x0, 0x4,
    0x44, 0x44, 0xdc, 0x44, 0x44, 0x40, 0xe, 0xff,
    0xff, 0xff, 0xff, 0xff, 0xe0, 0xe, 0x60, 0x0,
    0x0, 0x16, 0x7, 0xe0, 0xa, 0x41, 0x36, 0x9c,
    0xff, 0x75, 0xa0, 0x0, 0xdf, 0xfe, 0xf8, 0x40,
    0x0, 0x0, 0x0, 0x22, 0x5, 0xf0, 0x0, 0x0,
    0x0, 0x0, 0x0, 0x17, 0xf7, 0x8a, 0xcd, 0xf1,
    0x2c, 0xef, 0xff, 0xfc, 0xa9, 0x75, 0x30, 0x17,
    0x53, 0x25, 0xf0, 0x0, 0x0, 0x10, 0x0, 0x0,
    0x5, 0xf0, 0x0, 0x2, 0xf1, 0x0, 0x0, 0x4,
    0xf7, 0x44, 0x49, 0xf0, 0x0, 0x0, 0x0, 0xbf,
    0xff, 0xfe, 0x60,

    /* U+5B89 "安" */
    0x0, 0x0, 0x1, 0xa2, 0x0, 0x0, 0x0, 0x2,
    0x22, 0x23, 0xea, 0x22, 0x22, 0x20, 0xb, 0xff,
    0xff, 0xff, 0xff, 0xff, 0xb0, 0xb, 0x90, 0x3,
    0x61, 0x0, 0xa, 0xb0, 0x8, 0x70, 0xb, 0xd0,
    0x0, 0x7, 0x80, 0x4, 0x44, 0x5f, 0xa4, 0x44,
    0x44, 0x40, 0xf, 0xff, 0xff, 0xff, 0xff, 0xff,
    0xf1, 0x0, 0x5, 0xf4, 0x0, 0x5f, 0x30, 0x0,
    0x0, 0x1e, 0xe4, 0x1, 0xeb, 0x0, 0x0, 0x0,
    0x5, 0xbf, 0xed, 0xe1, 0x0, 0x0, 0x0, 0x0,
    0x7, 0xff, 0xfa, 0x30, 0x0, 0x2, 0x59, 0xee,
    0x70, 0x5d, 0xfb, 0x30, 0x8, 0xfa, 0x61, 0x0,
    0x0, 0x5e, 0x60, 0x0, 0x0, 0x0, 0x0, 0x0,
    0x0, 0x0,

    /* U+5B98 "官" */
    0x0, 0x0, 0x5, 0x50, 0x0, 0x0, 0x44, 0x44,
    0x4b, 0xe4, 0x44, 0x44, 0xff, 0xff, 0xff, 0xff,
    0xff, 0xff, 0xf6, 0x22, 0x22, 0x22, 0x22, 0x7f,
    0x45, 0xff, 0xff, 0xff, 0xff, 0x44, 0x3, 0xf1,
    0x0, 0x0, 0x1f, 0x20, 0x3, 0xfd, 0xdd, 0xdd,
    0xef, 0x20, 0x3, 0xf5, 0x44, 0x44, 0x44, 0x0,
    0x3, 0xf4, 0x33, 0x33, 0x33, 0x20, 0x3, 0xff,
    0xff, 0xff, 0xff, 0xa0, 0x3, 0xf1, 0x0, 0x0,
    0xa, 0xa0, 0x3, 0xfe, 0xdd, 0xdd, 0xdf, 0xa0,
    0x3, 0xf5, 0x44, 0x44, 0x4b, 0x90,

    /* U+5B9E "实" */
    0x0, 0x0, 0x9, 0x50, 0x0, 0x0, 0x3, 0x44,
    0x44, 0xce, 0x44, 0x44, 0x30, 0xcf, 0xff, 0xff,
    0xff, 0xff, 0xfc, 0xc, 0x82, 0x70, 0xa, 0x20,
    0x8, 0xc0, 0x86, 0x4e, 0xb2, 0xf3, 0x0, 0x69,
    0x0, 0x31, 0x28, 0x3f, 0x20, 0x0, 0x0, 0xa,
    0xf5, 0x5, 0xf0, 0x0, 0x0, 0x0, 0x5, 0x50,
    0x8e, 0x0, 0x0, 0x0, 0xee, 0xee, 0xef, 0xfe,
    0xee, 0xee, 0x2, 0x22, 0x29, 0xf4, 0x73, 0x22,
    0x20, 0x0, 0x19, 0xf6, 0x3e, 0xe8, 0x10, 0x4,
    0xaf, 0xe5, 0x0, 0x5, 0xcf, 0x80, 0x5a, 0x50,
    0x0, 0x0, 0x0, 0x66, 0x0,

    /* U+5BAB "宫" */
    0x0, 0x0, 0x1b, 0x30, 0x0, 0x0, 0x33, 0x33,
    0x4e, 0xb3, 0x33, 0x33, 0xef, 0xff, 0xff, 0xff,
    0xff, 0xfc, 0xe6, 0x0, 0x0, 0x0, 0x0, 0x8c,
    0xb5, 0xff, 0xff, 0xff, 0xfe, 0x6a, 0x0, 0xf3,
    0x11, 0x11, 0x6e, 0x0, 0x0, 0xf6, 0x44, 0x44,
    0x8e, 0x0, 0x0, 0xcc, 0xcc, 0xcc, 0xcb, 0x0,
    0x2, 0x22, 0x22, 0x22, 0x22, 0x20, 0xe, 0xff,
    0xff, 0xff, 0xff, 0xd0, 0xe, 0x50, 0x0, 0x0,
    0x6, 0xd0, 0xe, 0x84, 0x44, 0x44, 0x49, 0xd0,
    0xe, 0xed, 0xdd, 0xdd, 0xde, 0xd0,

    /* U+5BB3 "害" */
    0x0, 0x0, 0x0, 0x63, 0x0, 0x0, 0x0, 0x4,
    0x44, 0x44, 0xdd, 0x44, 0x44, 0x40, 0xd, 0xed,
    0xdd, 0xff, 0xdd, 0xde, 0xd0, 0xd, 0x71, 0x11,
    0xab, 0x11, 0x18, 0xd0, 0x4, 0x5e, 0xee, 0xff,
    0xee, 0xe6, 0x40, 0x0, 0x34, 0x44, 0xbc, 0x44,
    0x44, 0x0, 0x0, 0x8b, 0xbb, 0xee, 0xbb, 0xba,
    0x0, 0x9, 0x99, 0x99, 0xde, 0x99, 0x99, 0x90,
    0x5, 0x55, 0x55, 0xcd, 0x55, 0x55, 0x50, 0x0,
    0x6f, 0xff, 0xff, 0xff, 0xf8, 0x0, 0x0, 0x6d,
    0x11, 0x11, 0x11, 0xc9, 0x0, 0x0, 0x6e, 0x22,
    0x22, 0x22, 0xc9, 0x0, 0x0, 0x6f, 0xdd, 0xdd,
    0xdd, 0xf8, 0x0,

    /* U+5BB6 "家" */
    0x0, 0x0, 0x0, 0x73, 0x0, 0x0, 0x0, 0x5,
    0x55, 0x55, 0xfc, 0x55, 0x55, 0x50, 0xe, 0xed,
    0xdd, 0xdd, 0xdd, 0xde, 0xe0, 0xe, 0x52, 0x22,
    0x22, 0x22, 0x26, 0xe0, 0x9, 0x4f, 0xff, 0xff,
    0xff, 0xe4, 0x90, 0x0, 0x0, 0x7e, 0xe1, 0x0,
    0x53, 0x0, 0x6, 0xbe, 0xa5, 0xf4, 0x8, 0xf7,
    0x0, 0x5, 0x60, 0x3b, 0xde, 0xcf, 0x40, 0x0,
    0x3, 0x8d, 0xd5, 0x3f, 0xad, 0x80, 0x0, 0xa,
    0xa4, 0x18, 0xee, 0x84, 0xf2, 0x0, 0x0, 0x49,
    0xfa, 0x1c, 0x90, 0xae, 0x30, 0xe, 0xf9, 0x43,
    0x6f, 0x50, 0xb, 0xf3, 0x3, 0x0, 0x1f, 0xf9,
    0x0, 0x0, 0x30, 0x0, 0x0, 0x0, 0x0, 0x0,
    0x0, 0x0,

    /* U+5BC5 "寅" */
    0x0, 0x0, 0x0, 0x0, 0x0, 0x0, 0x0, 0x0,
    0x0, 0x1f, 0x50, 0x0, 0x0, 0xc, 0xdd, 0xdd,
    0xff, 0xdd, 0xdd, 0x90, 0xe8, 0x44, 0x44, 0x44,
    0x44, 0xca, 0xd, 0x44, 0x44, 0x44, 0x44, 0x29,
    0x90, 0x0, 0xcc, 0xcf, 0xdc, 0xc7, 0x0, 0x0,
    0x23, 0x33, 0xf7, 0x33, 0x31, 0x0, 0x9, 0xec,
    0xcf, 0xdc, 0xcf, 0x50, 0x0, 0x9b, 0x33, 0xf7,
    0x33, 0xf5, 0x0, 0x9, 0xec, 0xcf, 0xdc, 0xcf,
    0x50, 0x0, 0x9b, 0x22, 0xe7, 0x22, 0xe5, 0x0,
    0x7, 0xde, 0xdd, 0xde, 0xdd, 0x40, 0x0, 0x3a,
    0xf5, 0x0, 0xce, 0x93, 0x1, 0xef, 0xa2, 0x0,
    0x0, 0x4a, 0xf9, 0x3, 0x0, 0x0, 0x0, 0x0,
    0x2, 0x10,

    /* U+5C0A "尊" */
    0x0, 0x0, 0x0, 0x0, 0x0, 0x0, 0x0, 0x0,
    0x2, 0xd2, 0x0, 0xa, 0x80, 0x0, 0x6, 0x88,
    0xec, 0x88, 0x9f, 0xa8, 0x81, 0x6, 0x88, 0x8c,
    0xca, 0xf8, 0x88, 0x81, 0x0, 0x8c, 0xce, 0xed,
    0xfc, 0xcc, 0x20, 0x0, 0xb7, 0x1d, 0x53, 0xe3,
    0x3f, 0x30, 0x0, 0xb9, 0xe9, 0x0, 0x89, 0x9f,
    0x30, 0x0, 0xbe, 0xdc, 0xcc, 0xcc, 0xcf, 0x30,
    0x0, 0xbb, 0x66, 0x66, 0x66, 0x7f, 0x30, 0x0,
    0x35, 0x55, 0x55, 0x5e, 0x95, 0x10, 0x1f, 0xff,
    0xff, 0xff, 0xff, 0xff, 0xf8, 0x1, 0x17, 0xe4,
    0x11, 0x1d, 0x71, 0x10, 0x0, 0x0, 0x8f, 0x32,
    0x2e, 0x60, 0x0, 0x0, 0x0, 0x4, 0xb, 0xfd,
    0x20, 0x0,

    /* U+5C40 "局" */
    0x0, 0xef, 0xff, 0xff, 0xff, 0xfd, 0x0, 0xe,
    0x71, 0x11, 0x11, 0x17, 0xd0, 0x0, 0xe8, 0x22,
    0x22, 0x22, 0x7d, 0x0, 0xe, 0xff, 0xff, 0xff,
    0xff, 0xc0, 0x0, 0xf8, 0x33, 0x33, 0x33, 0x33,
    0x20, 0xf, 0xff, 0xff, 0xff, 0xff, 0xfd, 0x1,
    0xf3, 0x1, 0x11, 0x11, 0x8, 0xc0, 0x4f, 0xa,
    0xff, 0xff, 0xe0, 0x8b, 0x8, 0xd0, 0xa9, 0x0,
    0x5e, 0x9, 0xa0, 0xd7, 0xa, 0xb3, 0x37, 0xe0,
    0xb9, 0x6f, 0x10, 0xae, 0xdd, 0xdd, 0x2e, 0x71,
    0x50, 0x4, 0x40, 0x0, 0xcf, 0xd1, 0x0, 0x0,
    0x0, 0x0, 0x0, 0x0, 0x0,

    /* U+5C45 "居" */
    0x0, 0xff, 0xff, 0xff, 0xff, 0xff, 0x50, 0x0,
    0xf6, 0x22, 0x22, 0x22, 0x2f, 0x50, 0x0, 0xfd,
    0xcc, 0xcc, 0xcc, 0xcf, 0x50, 0x0, 0xf8, 0x55,
    0x59, 0xf5, 0x55, 0x10, 0x0, 0xf5, 0x0, 0x6,
    0xe0, 0x0, 0x0, 0x1, 0xff, 0xff, 0xff, 0xff,
    0xff, 0xf1, 0x2, 0xf4, 0x11, 0x17, 0xe1, 0x11,
    0x10, 0x3, 0xf0, 0x23, 0x38, 0xf3, 0x33, 0x0,
    0x5, 0xe0, 0xbf, 0xee, 0xee, 0xef, 0x10, 0x9,
    0xa0, 0xb8, 0x0, 0x0, 0x2f, 0x10, 0xe, 0x40,
    0xba, 0x44, 0x44, 0x6f, 0x10, 0x4d, 0x0, 0xbe,
    0xdd, 0xdd, 0xef, 0x10, 0x0, 0x0, 0x0, 0x0,
    0x0, 0x0, 0x0,

    /* U+5C55 "展" */
    0x0, 0xff, 0xff, 0xff, 0xff, 0xff, 0x60, 0x0,
    0xf5, 0x11, 0x11, 0x11, 0x1f, 0x60, 0x0, 0xff,
    0xff, 0xff, 0xff, 0xff, 0x60, 0x0, 0xf6, 0x26,
    0xa2, 0x2c, 0x52, 0x10, 0x1, 0xf5, 0x38, 0xc3,
    0x3f, 0x73, 0x20, 0x2, 0xf8, 0xde, 0xfd, 0xdf,
    0xed, 0x90, 0x3, 0xf3, 0x17, 0xc1, 0x1e, 0x51,
    0x10, 0x4, 0xfb, 0xff, 0xff, 0xff, 0xff, 0xf4,
    0x7, 0xd0, 0x4e, 0x3, 0xe1, 0x5d, 0x30, 0xb,
    0xa0, 0x4e, 0x0, 0x8e, 0xd4, 0x0, 0x1f, 0x50,
    0x8f, 0x9c, 0x69, 0xf9, 0x30, 0x4d, 0x0, 0xcc,
    0x84, 0x0, 0x4b, 0xe2, 0x0, 0x0, 0x0, 0x0,
    0x0, 0x0, 0x0,

    /* U+5DF1 "己" */
    0xf, 0xff, 0xff, 0xff, 0xff, 0x60, 0x0, 0x55,
    0x55, 0x55, 0x55, 0xf6, 0x0, 0x0, 0x0, 0x0,
    0x0, 0xe, 0x60, 0x0, 0x0, 0x0, 0x0, 0x0,
    0xe6, 0x0, 0x4, 0x44, 0x44, 0x44, 0x4f, 0x60,
    0x0, 0xdf, 0xff, 0xff, 0xff, 0xf6, 0x0, 0xd,
    0x70, 0x0, 0x0, 0x8, 0x40, 0x0, 0xd7, 0x0,
    0x0, 0x0, 0x0, 0x0, 0xd, 0x70, 0x0, 0x0,
    0x0, 0x2a, 0x0, 0xd8, 0x0, 0x0, 0x0, 0x5,
    0xf0, 0xb, 0xd5, 0x44, 0x44, 0x45, 0xdc, 0x0,
    0x3c, 0xff, 0xff, 0xff, 0xfc, 0x30,

    /* U+5DF2 "已" */
    0xcf, 0xff, 0xff, 0xff, 0xff, 0x60, 0x3, 0x44,
    0x44, 0x44, 0x44, 0xf6, 0x0, 0x1, 0x0, 0x0,
    0x0, 0xe, 0x60, 0x0, 0xf5, 0x0, 0x0, 0x0,
    0xe6, 0x0, 0xf, 0x84, 0x44, 0x44, 0x4f, 0x60,
    0x0, 0xff, 0xff, 0xff, 0xff, 0xf6, 0x0, 0xf,
    0x50, 0x0, 0x0, 0x8, 0x30, 0x0, 0xf5, 0x0,
    0x0, 0x0, 0x0, 0x0, 0xf, 0x50, 0x0, 0x0,
    0x0, 0x2d, 0x10, 0xf5, 0x0, 0x0, 0x0, 0x5,
    0xf0, 0xe, 0xc5, 0x44, 0x44, 0x45, 0xdc, 0x0,
    0x4d, 0xff, 0xff, 0xff, 0xfc, 0x20,

    /* U+5DF3 "巳" */
    0x2f, 0xff, 0xff, 0xff, 0xff, 0xe0, 0x2, 0xf6,
    0x44, 0x44, 0x44, 0x9e, 0x0, 0x2f, 0x20, 0x0,
    0x0, 0x6, 0xe0, 0x2, 0xf2, 0x0, 0x0, 0x0,
    0x6e, 0x0, 0x2f, 0x75, 0x55, 0x55, 0x59, 0xe0,
    0x2, 0xff, 0xff, 0xff, 0xff, 0xfe, 0x0, 0x2f,
    0x20, 0x0, 0x0, 0x3, 0x80, 0x2, 0xf2, 0x0,
    0x0, 0x0, 0x0, 0x0, 0x2f, 0x20, 0x0, 0x0,
    0x0, 0x8, 0x12, 0xf3, 0x0, 0x0, 0x0, 0x1,
    0xf4, 0xf, 0xa4, 0x44, 0x44, 0x45, 0xbf, 0x10,
    0x5d, 0xff, 0xff, 0xff, 0xfd, 0x50,

    /* U+5DFD "巽" */
    0x0, 0x0, 0x0, 0x0, 0x0, 0x0, 0x0, 0x8,
    0xfe, 0xef, 0x49, 0xff, 0xff, 0x50, 0x8, 0xc2,
    0x2e, 0x49, 0xb2, 0x2d, 0x50, 0x8, 0xfd, 0xdd,
    0x49, 0xfd, 0xdd, 0x40, 0x7, 0xd3, 0x26, 0x99,
    0xc2, 0x14, 0x90, 0x3, 0xde, 0xfe, 0x74, 0xef,
    0xfe, 0x80, 0x0, 0x0, 0xf6, 0x0, 0x5f, 0x0,
    0x0, 0x4, 0xff, 0xff, 0xff, 0xff, 0xff, 0x50,
    0x0, 0x11, 0xf7, 0x11, 0x6f, 0x11, 0x0, 0x2d,
    0xdd, 0xfe, 0xdd, 0xef, 0xdd, 0xd2, 0x4, 0x45,
    0xa9, 0x44, 0xab, 0x64, 0x40, 0x5, 0xaf, 0xe8,
    0x0, 0x6c, 0xfc, 0x50, 0x9, 0x94, 0x0, 0x0,
    0x0, 0x28, 0x80,

    /* U+5E73 "平" */
    0x5, 0xff, 0xff, 0xff, 0xff, 0xff, 0x90, 0x1,
    0x55, 0x55, 0xad, 0x55, 0x55, 0x30, 0x0, 0x3e,
    0x0, 0x8c, 0x0, 0xba, 0x0, 0x0, 0xe, 0x70,
    0x8c, 0x1, 0xf4, 0x0, 0x0, 0x8, 0xc0, 0x8c,
    0x9, 0xc0, 0x0, 0x0, 0x2, 0x20, 0x8c, 0x2,
    0x20, 0x0, 0x1f, 0xff, 0xff, 0xff, 0xff, 0xff,
    0xf6, 0x5, 0x55, 0x55, 0xbe, 0x55, 0x55, 0x52,
    0x0, 0x0, 0x0, 0x8c, 0x0, 0x0, 0x0, 0x0,
    0x0, 0x0, 0x8c, 0x0, 0x0, 0x0, 0x0, 0x0,
    0x0, 0x8c, 0x0, 0x0, 0x0, 0x0, 0x0, 0x0,
    0x8c, 0x0, 0x0, 0x0,

    /* U+5E74 "年" */
    0x0, 0x3, 0xa0, 0x0, 0x0, 0x0, 0x0, 0x0,
    0xb, 0xd2, 0x22, 0x22, 0x22, 0x10, 0x0, 0x2f,
    0xff, 0xff, 0xff, 0xff, 0xb0, 0x0, 0xdc, 0x21,
    0x1d, 0x81, 0x11, 0x10, 0xb, 0xf2, 0x0, 0xd,
    0x70, 0x0, 0x0, 0x6, 0x4d, 0xff, 0xff, 0xff,
    0xff, 0x40, 0x0, 0xd, 0x84, 0x4e, 0x94, 0x44,
    0x10, 0x0, 0xd, 0x60, 0xd, 0x70, 0x0, 0x0,
    0x3, 0x3e, 0x83, 0x3e, 0x93, 0x33, 0x32, 0x1f,
    0xff, 0xff, 0xff, 0xff, 0xff, 0xf8, 0x0, 0x0,
    0x0, 0xd, 0x70, 0x0, 0x0, 0x0, 0x0, 0x0,
    0xd, 0x70, 0x0, 0x0, 0x0, 0x0, 0x0, 0xd,
    0x70, 0x0, 0x0,

    /* U+5E94 "应" */
    0x0, 0x0, 0x0, 0x3b, 0x0, 0x0, 0x0, 0x0,
    0x0, 0x0, 0x1f, 0x60, 0x0, 0x0, 0x4, 0xff,
    0xff, 0xff, 0xff, 0xff, 0xf3, 0x4, 0xf3, 0x22,
    0x22, 0x22, 0x23, 0x20, 0x4, 0xf0, 0x20, 0x3d,
    0x0, 0xd, 0x60, 0x4, 0xf2, 0xf2, 0xf, 0x40,
    0x2f, 0x40, 0x5, 0xf0, 0xc9, 0xc, 0x80, 0x7e,
    0x0, 0x6, 0xf0, 0x6e, 0x8, 0xc0, 0xd8, 0x0,
    0x7, 0xd0, 0x2f, 0x35, 0xb4, 0xf1, 0x0, 0x9,
    0xc0, 0x8, 0x20, 0xc, 0x80, 0x0, 0xc, 0x80,
    0x0, 0x0, 0x5f, 0x10, 0x0, 0x2f, 0x4e, 0xff,
    0xff, 0xff, 0xff, 0xf5, 0x2b, 0x4, 0x44, 0x44,
    0x44, 0x44, 0x41,

    /* U+5E95 "底" */
    0x0, 0x0, 0x0, 0x27, 0x0, 0x0, 0x0, 0x0,
    0x33, 0x33, 0x6f, 0x63, 0x33, 0x31, 0x4, 0xff,
    0xff, 0xff, 0xff, 0xff, 0xf5, 0x4, 0xf0, 0x0,
    0x12, 0x35, 0x76, 0x0, 0x4, 0xf0, 0xef, 0xfe,
    0xfd, 0x97, 0x0, 0x4, 0xf0, 0xe5, 0x0, 0xb8,
    0x0, 0x0, 0x4, 0xf0, 0xe4, 0x0, 0x9a, 0x0,
    0x0, 0x5, 0xf0, 0xef, 0xff, 0xff, 0xff, 0xb0,
    0x6, 0xd0, 0xe6, 0x22, 0x6f, 0x22, 0x10, 0x8,
    0xb0, 0xe4, 0x7, 0x1f, 0x40, 0x0, 0xb, 0x80,
    0xe4, 0x1b, 0x8a, 0xa0, 0xb4, 0x1f, 0x41, 0xfe,
    0xf6, 0xf3, 0xf7, 0xf4, 0x4d, 0x3, 0xb5, 0x10,
    0xb2, 0x5e, 0xc0, 0x0, 0x0, 0x0, 0x0, 0x0,
    0x0, 0x0,

    /* U+5E9A "庚" */
    0x0, 0x0, 0x0, 0x37, 0x0, 0x0, 0x0, 0x0,
    0x33, 0x33, 0x8f, 0x53, 0x33, 0x30, 0x3, 0xff,
    0xff, 0xff, 0xff, 0xff, 0xf3, 0x3, 0xf0, 0x11,
    0x1b, 0x51, 0x11, 0x0, 0x3, 0xf1, 0xff, 0xff,
    0xff, 0xff, 0x40, 0x4, 0xf0, 0x0, 0xe, 0x50,
    0xe, 0x50, 0x5, 0xf9, 0xff, 0xff, 0xff, 0xff,
    0xf5, 0x5, 0xf0, 0x0, 0xf, 0x50, 0xe, 0x40,
    0x6, 0xd3, 0xff, 0xff, 0xff, 0xff, 0x40, 0x9,
    0xb0, 0x11, 0x8f, 0xf2, 0x11, 0x0, 0xc, 0x80,
    0x4, 0xf7, 0x9d, 0x20, 0x0, 0x2f, 0x45, 0xbf,
    0x80, 0xa, 0xfa, 0x61, 0x3b, 0xa, 0x92, 0x0,
    0x0, 0x4a, 0xc0,

    /* U+5EB7 "康" */
    0x0, 0x0, 0x0, 0x0, 0x0, 0x0, 0x0, 0x0,
    0x0, 0x0, 0x4e, 0x10, 0x0, 0x0, 0x2, 0xcc,
    0xcc, 0xdf, 0xec, 0xcc, 0xc4, 0x3, 0xf5, 0x55,
    0x5e, 0xa5, 0x55, 0x51, 0x3, 0xf0, 0xbb, 0xbf,
    0xdb, 0xbb, 0x20, 0x3, 0xf0, 0x22, 0x2e, 0x82,
    0x3f, 0x30, 0x3, 0xfa, 0xee, 0xef, 0xfe, 0xef,
    0xf7, 0x4, 0xf1, 0x11, 0x1e, 0x71, 0x1f, 0x51,
    0x5, 0xe2, 0xee, 0xef, 0xfe, 0xef, 0x30, 0x6,
    0xd2, 0xc2, 0xe, 0xb0, 0x1a, 0x50, 0x8, 0xb0,
    0x5d, 0x5f, 0xfb, 0xe9, 0x10, 0xc, 0x72, 0x8e,
    0xbf, 0x7b, 0xe7, 0x10, 0x2f, 0x3e, 0xa4, 0x1e,
    0x60, 0x6d, 0xf4, 0x2a, 0x0, 0xb, 0xfd, 0x20,
    0x0, 0x30,

    /* U+5F00 "开" */
    0x9, 0xff, 0xff, 0xff, 0xff, 0xff, 0xf0, 0x2,
    0x33, 0xe9, 0x33, 0x3f, 0x83, 0x30, 0x0, 0x0,
    0xd7, 0x0, 0xe, 0x60, 0x0, 0x0, 0x0, 0xd7,
    0x0, 0xe, 0x60, 0x0, 0x0, 0x0, 0xd7, 0x0,
    0xe, 0x60, 0x0, 0x1f, 0xff, 0xff, 0xff, 0xff,
    0xff, 0xf6, 0x4, 0x45, 0xf8, 0x44, 0x4f, 0x94,
    0x42, 0x0, 0x3, 0xf3, 0x0, 0xe, 0x60, 0x0,
    0x0, 0x9, 0xe0, 0x0, 0xe, 0x60, 0x0, 0x0,
    0x4f, 0x60, 0x0, 0xe, 0x60, 0x0, 0x5, 0xfb,
    0x0, 0x0, 0xe, 0x60, 0x0, 0x9, 0x90, 0x0,
    0x0, 0xe, 0x60, 0x0, 0x0, 0x0, 0x0, 0x0,
    0x0, 0x0, 0x0,

    /* U+5F1F "弟" */
    0x0, 0x6, 0xb0, 0x0, 0x7, 0xc0, 0x0, 0x0,
    0x2, 0xf5, 0x0, 0xe, 0x80, 0x0, 0x3, 0xdd,
    0xfe, 0xdd, 0xef, 0xed, 0x50, 0x1, 0x44, 0x44,
    0x9e, 0x44, 0x4f, 0x60, 0x0, 0x0, 0x0, 0x6d,
    0x0, 0xe, 0x60, 0x0, 0x7f, 0xff, 0xff, 0xff,
    0xff, 0x60, 0x0, 0xab, 0x33, 0x8e, 0x33, 0x33,
    0x10, 0x0, 0xe8, 0x22, 0x8e, 0x22, 0x22, 0x20,
    0x2, 0xff, 0xff, 0xff, 0xff, 0xff, 0xf0, 0x0,
    0x0, 0x2c, 0xfe, 0x0, 0x6, 0xe0, 0x0, 0x6,
    0xfb, 0x8d, 0x0, 0x9, 0xc0, 0x8, 0xff, 0x70,
    0x6d, 0xa, 0xdf, 0x70, 0x5, 0x70, 0x0, 0x6d,
    0x2, 0x43, 0x0,

    /* U+5F31 "弱" */
    0xa, 0xff, 0xff, 0x86, 0xff, 0xff, 0xe0, 0x1,
    0x22, 0x2c, 0x81, 0x22, 0x27, 0xe0, 0x3, 0xdd,
    0xdf, 0x81, 0xdd, 0xde, 0xe0, 0x4, 0xf5, 0x55,
    0x22, 0xf6, 0x55, 0x40, 0x5, 0xe0, 0x0, 0x3,
    0xf0, 0x0, 0x0, 0x7, 0xff, 0xff, 0xa4, 0xff,
    0xff, 0xf1, 0x2, 0x83, 0x2b, 0x91, 0x83, 0x25,
    0xf0, 0x3, 0xce, 0x6b, 0x81, 0xbf, 0x94, 0xf0,
    0x0, 0x7, 0xcf, 0x70, 0x4, 0xcd, 0xe0, 0x9,
    0xee, 0x9f, 0x55, 0xdf, 0xaa, 0xd0, 0x8, 0x42,
    0x4f, 0x33, 0x61, 0xa, 0xb0, 0x0, 0xc, 0xfa,
    0x0, 0xe, 0xff, 0x40, 0x0, 0x0, 0x0, 0x0,
    0x0, 0x10, 0x0,

    /* U+5F53 "当" */
    0x3, 0x0, 0xe, 0x70, 0x2, 0x40, 0x4f, 0x30,
    0xe, 0x70, 0xa, 0xe0, 0xb, 0xc0, 0xe, 0x70,
    0x1f, 0x60, 0x3, 0xf3, 0xe, 0x70, 0x9d, 0x0,
    0x0, 0x30, 0xe, 0x70, 0x33, 0x0, 0x4f, 0xff,
    0xff, 0xff, 0xff, 0xf0, 0x15, 0x55, 0x55, 0x55,
    0x59, 0xf0, 0x0, 0x0, 0x0, 0x0, 0x5, 0xf0,
    0xc, 0xff, 0xff, 0xff, 0xff, 0xf0, 0x3, 0x44,
    0x44, 0x44, 0x48, 0xf0, 0x0, 0x0, 0x0, 0x0,
    0x5, 0xf0, 0x8f, 0xff, 0xff, 0xff, 0xff, 0xf0,
    0x35, 0x55, 0x55, 0x55, 0x59, 0xf0,

    /* U+5F88 "很" */
    0x0, 0x5, 0x30, 0x0, 0x0, 0x0, 0x0, 0x0,
    0x6f, 0x54, 0xff, 0xff, 0xff, 0x50, 0x9, 0xf5,
    0x4, 0xf1, 0x11, 0x1e, 0x50, 0xb, 0x35, 0x94,
    0xfc, 0xcc, 0xcf, 0x50, 0x0, 0x1f, 0x84, 0xf3,
    0x33, 0x3f, 0x50, 0x0, 0xcf, 0x4, 0xf1, 0x11,
    0x1e, 0x50, 0x1c, 0xfe, 0x4, 0xff, 0xff, 0xff,
    0x50, 0x3e, 0x8e, 0x4, 0xf0, 0xb8, 0x3, 0x50,
    0x1, 0x5e, 0x4, 0xf0, 0x5e, 0x5e, 0xa0, 0x0,
    0x5e, 0x4, 0xf0, 0xd, 0xf5, 0x0, 0x0, 0x5e,
    0x4, 0xf0, 0x14, 0xf7, 0x0, 0x0, 0x5e, 0x7,
    0xfd, 0xf4, 0x5f, 0xb3, 0x0, 0x5e, 0x8, 0xb6,
    0x20, 0x3, 0xb2, 0x0, 0x0, 0x0, 0x0, 0x0,
    0x0, 0x0,

    /* U+5F97 "得" */
    0x0, 0x2, 0x10, 0x0, 0x0, 0x0, 0x0, 0x0,
    0x3f, 0x72, 0xff, 0xff, 0xff, 0x90, 0x6, 0xf7,
    0x2, 0xf6, 0x44, 0x4c, 0x90, 0x1c, 0x35, 0x82,
    0xf7, 0x66, 0x6d, 0x90, 0x0, 0x2f, 0x72, 0xfd,
    0xdd, 0xdf, 0x90, 0x2, 0xdf, 0x1, 0x33, 0x33,
    0x33, 0x20, 0x2e, 0xfe, 0xe, 0xff, 0xff, 0xff,
    0xf2, 0x2c, 0x6e, 0x0, 0x0, 0x0, 0xd7, 0x0,
    0x0, 0x5e, 0x3f, 0xff, 0xff, 0xff, 0xf6, 0x0,
    0x5e, 0x2, 0xa4, 0x22, 0xe8, 0x21, 0x0, 0x5e,
    0x0, 0xad, 0x0, 0xd6, 0x0, 0x0, 0x5e, 0x0,
    0xb, 0x42, 0xe6, 0x0, 0x0, 0x5e, 0x0, 0x0,
    0x7f, 0xd2, 0x0, 0x0, 0x0, 0x0, 0x0, 0x0,
    0x0, 0x0,

    /* U+5FC3 "心" */
    0x0, 0x0, 0x0, 0x0, 0x0, 0x0, 0x0, 0x0,
    0x0, 0x1e, 0x80, 0x0, 0x0, 0x0, 0x0, 0x0,
    0x4, 0xec, 0x10, 0x0, 0x0, 0x0, 0x0, 0x0,
    0x2d, 0xd1, 0x0, 0x0, 0x0, 0x0, 0x94, 0x1,
    0x80, 0x0, 0x0, 0x3, 0x90, 0xe6, 0x0, 0x0,
    0x6d, 0x0, 0x7, 0xd0, 0xe6, 0x0, 0x0, 0x2f,
    0x40, 0xa, 0xb0, 0xe6, 0x0, 0x0, 0xc, 0xa0,
    0xd, 0x80, 0xe6, 0x0, 0x0, 0x6, 0xf0, 0x2f,
    0x40, 0xe6, 0x0, 0x4, 0x92, 0xf4, 0x3e, 0x0,
    0xe6, 0x0, 0x6, 0xd0, 0x61, 0x0, 0x0, 0xda,
    0x33, 0x3b, 0xa0, 0x0, 0x0, 0x0, 0x6e, 0xff,
    0xfd, 0x30, 0x0,

    /* U+5FF5 "念" */
    0x0, 0x0, 0x0, 0x0, 0x0, 0x0, 0x0, 0x0,
    0x0, 0x0, 0xc8, 0x0, 0x0, 0x0, 0x0, 0x0,
    0x1c, 0xdf, 0x80, 0x0, 0x0, 0x0, 0x6, 0xea,
    0x22, 0xcd, 0x50, 0x0, 0x17, 0xef, 0x71, 0xe8,
    0x7, 0xfe, 0x81, 0x2e, 0x81, 0x0, 0x2b, 0x10,
    0x17, 0xc1, 0x0, 0x8f, 0xff, 0xff, 0xff, 0xd1,
    0x0, 0x0, 0x12, 0x22, 0x22, 0x4f, 0x90, 0x0,
    0x0, 0x0, 0x8, 0x50, 0xcc, 0x0, 0x0, 0x0,
    0x11, 0x66, 0xf7, 0x91, 0x23, 0x0, 0x5, 0xe4,
    0xf0, 0x6f, 0x20, 0x5e, 0x10, 0xa, 0xa4, 0xf0,
    0x5, 0x4, 0x5b, 0xa0, 0x2f, 0x43, 0xf4, 0x22,
    0x2b, 0xa3, 0xf2, 0x17, 0x0, 0xcf, 0xff, 0xfe,
    0x30, 0x50,

    /* U+60AC "悬" */
    0x0, 0xf, 0xfe, 0xee, 0xee, 0xf4, 0x0, 0x0,
    0xf, 0x96, 0x66, 0x66, 0xf4, 0x0, 0x0, 0xf,
    0x96, 0x66, 0x66, 0xf4, 0x0, 0x0, 0xf, 0xed,
    0xdd, 0xdd, 0xf4, 0x0, 0x2, 0x2f, 0x62, 0x22,
    0x22, 0xf6, 0x21, 0x1d, 0xdd, 0xff, 0xed, 0xef,
    0xed, 0xd6, 0x0, 0x1a, 0xe5, 0x12, 0x3d, 0xe3,
    0x0, 0x1, 0xff, 0xff, 0xfd, 0xcb, 0xbf, 0x40,
    0x0, 0x73, 0x42, 0xba, 0x10, 0x28, 0x0, 0x2,
    0xf5, 0xb8, 0xa, 0x72, 0x6f, 0x40, 0x1d, 0xb0,
    0xb9, 0x0, 0x1c, 0x67, 0xf2, 0x7, 0x0, 0x6f,
    0xff, 0xfd, 0x10, 0x61,

    /* U+60C5 "情" */
    0x0, 0xe4, 0x0, 0x1, 0xf3, 0x0, 0x0, 0x0,
    0xe4, 0x6d, 0xdd, 0xfe, 0xdd, 0xa0, 0x0, 0xeb,
    0x23, 0x34, 0xf5, 0x33, 0x20, 0x1d, 0xeb, 0x9e,
    0xee, 0xfe, 0xee, 0x50, 0x3c, 0xe6, 0x85, 0x56,
    0xf7, 0x55, 0x50, 0x79, 0xe4, 0x78, 0x88, 0x88,
    0x88, 0x81, 0x44, 0xe4, 0xc, 0xdd, 0xdd, 0xdd,
    0x10, 0x0, 0xe4, 0xe, 0x51, 0x11, 0x3f, 0x10,
    0x0, 0xe4, 0xe, 0xfe, 0xee, 0xff, 0x10, 0x0,
    0xe4, 0xe, 0x51, 0x11, 0x3f, 0x10, 0x0, 0xe4,
    0xe, 0xfe, 0xee, 0xff, 0x10, 0x0, 0xe4, 0xe,
    0x40, 0x1, 0x3f, 0x10, 0x0, 0xe4, 0xe, 0x40,
    0xa, 0xfc, 0x0,

    /* U+611F "感" */
    0x0, 0x0, 0x0, 0x0, 0x0, 0x0, 0x0, 0x0,
    0x0, 0x0, 0x0, 0xc6, 0xb6, 0x0, 0x0, 0x22,
    0x22, 0x22, 0xc8, 0x6f, 0x30, 0x3, 0xfe, 0xee,
    0xee, 0xff, 0xee, 0xe3, 0x3, 0xf3, 0x66, 0x65,
    0x89, 0x6, 0x30, 0x4, 0xe3, 0x66, 0x66, 0x5d,
    0x2f, 0x20, 0x6, 0xc6, 0xee, 0xeb, 0x1f, 0xc8,
    0x0, 0x8, 0xb6, 0xa0, 0x4b, 0xd, 0xe0, 0x62,
    0xd, 0x66, 0xeb, 0xcc, 0xaf, 0xf5, 0xc4, 0x3e,
    0x11, 0x22, 0x43, 0xa2, 0x6e, 0xd0, 0x1, 0x23,
    0xa0, 0xac, 0x0, 0x17, 0x0, 0x6, 0xe5, 0xf1,
    0xc, 0x92, 0x6e, 0x70, 0xe, 0x74, 0xf2, 0x1,
    0x7, 0xd6, 0xe0, 0x17, 0x1, 0xdf, 0xff, 0xfe,
    0x50, 0x40,

    /* U+620A "戊" */
    0x0, 0x0, 0x0, 0x1f, 0x35, 0xa1, 0x0, 0x0,
    0x0, 0x0, 0xf, 0x31, 0xbe, 0x20, 0x0, 0x0,
    0x0, 0x1f, 0x50, 0x18, 0x10, 0x1, 0xff, 0xff,
    0xff, 0xff, 0xff, 0xf1, 0x1, 0xf6, 0x33, 0x3d,
    0x93, 0x33, 0x30, 0x1, 0xf3, 0x0, 0xa, 0x90,
    0x1b, 0x30, 0x1, 0xf3, 0x0, 0x8, 0xc0, 0x9e,
    0x0, 0x2, 0xf1, 0x0, 0x5, 0xf3, 0xf6, 0x0,
    0x3, 0xf0, 0x0, 0x1, 0xfe, 0xb0, 0x0, 0x5,
    0xe0, 0x0, 0x1, 0xee, 0x0, 0x30, 0xa, 0xb0,
    0x0, 0x3e, 0xef, 0x20, 0xb7, 0x2f, 0x60, 0x29,
    0xf8, 0xb, 0xd5, 0xe4, 0x4c, 0x0, 0x7c, 0x30,
    0x1, 0xaf, 0xd0, 0x0, 0x0, 0x0, 0x0, 0x0,
    0x0, 0x0,

    /* U+620C "戌" */
    0x0, 0x0, 0x0, 0x6, 0xe1, 0xb2, 0x0, 0x0,
    0x0, 0x0, 0x5, 0xf0, 0x9f, 0x40, 0x0, 0x44,
    0x44, 0x48, 0xf4, 0x4b, 0x60, 0x0, 0xff, 0xff,
    0xff, 0xff, 0xff, 0xf3, 0x0, 0xf3, 0x0, 0x2,
    0xf1, 0x0, 0x0, 0x0, 0xf3, 0x0, 0x0, 0xf3,
    0xe, 0x70, 0x1, 0xf6, 0x22, 0x20, 0xe5, 0x6f,
    0x10, 0x2, 0xff, 0xff, 0xf2, 0xb9, 0xe9, 0x0,
    0x3, 0xf2, 0x11, 0x10, 0x8f, 0xe1, 0x0, 0x5,
    0xf0, 0x0, 0x0, 0x7f, 0x50, 0x40, 0x9, 0xc0,
    0x0, 0x7, 0xff, 0x80, 0xa6, 0x1f, 0x60, 0x3,
    0xce, 0x46, 0xf7, 0xe3, 0x3d, 0x0, 0x9, 0xb1,
    0x0, 0x8f, 0xc0, 0x0, 0x0, 0x0, 0x0, 0x0,
    0x0, 0x0,

    /* U+6240 "所" */
    0x0, 0x0, 0x4, 0x0, 0x0, 0x4, 0x30, 0x6,
    0x9c, 0xff, 0x55, 0x9c, 0xff, 0x90, 0xd, 0xb6,
    0x40, 0xd, 0xc7, 0x40, 0x0, 0xd, 0x83, 0x33,
    0xd, 0x70, 0x0, 0x0, 0xd, 0xff, 0xff, 0x1d,
    0x70, 0x0, 0x0, 0xd, 0x60, 0x2f, 0x1d, 0xff,
    0xff, 0xf1, 0xd, 0x71, 0x3f, 0x1d, 0x93, 0x7f,
    0x30, 0xe, 0xff, 0xff, 0x1f, 0x60, 0x5e, 0x0,
    0xf, 0x61, 0x11, 0x1f, 0x40, 0x5e, 0x0, 0xf,
    0x30, 0x0, 0x3f, 0x20, 0x5e, 0x0, 0x3f, 0x10,
    0x0, 0x9d, 0x0, 0x5e, 0x0, 0x8c, 0x0, 0x3,
    0xf6, 0x0, 0x5e, 0x0, 0x77, 0x0, 0x5, 0xb0,
    0x0, 0x5e, 0x0, 0x0, 0x0, 0x0, 0x0, 0x0,
    0x0, 0x0,

    /* U+624B "手" */
    0x0, 0x0, 0x1, 0x24, 0x68, 0xc9, 0x0, 0x1,
    0xde, 0xff, 0xff, 0xdb, 0x84, 0x0, 0x0, 0x44,
    0x32, 0x7e, 0x0, 0x0, 0x0, 0x0, 0x0, 0x0,
    0x7e, 0x0, 0x0, 0x0, 0x1, 0xff, 0xff, 0xff,
    0xff, 0xff, 0xa0, 0x0, 0x44, 0x44, 0x9e, 0x44,
    0x44, 0x30, 0x0, 0x0, 0x0, 0x7e, 0x0, 0x0,
    0x0, 0x5, 0x55, 0x55, 0xaf, 0x55, 0x55, 0x53,
    0x1e, 0xee, 0xee, 0xff, 0xee, 0xee, 0xe7, 0x0,
    0x0, 0x0, 0x7e, 0x0, 0x0, 0x0, 0x0, 0x0,
    0x0, 0x7e, 0x0, 0x0, 0x0, 0x0, 0x1, 0x44,
    0xae, 0x0, 0x0, 0x0, 0x0, 0x1, 0xff, 0xe7,
    0x0, 0x0, 0x0, 0x0, 0x0, 0x0, 0x0, 0x0,
    0x0, 0x0,

    /* U+6276 "扶" */
    0x0, 0x5e, 0x0, 0x0, 0x2f, 0x10, 0x0, 0x0,
    0x5e, 0x0, 0x0, 0x2f, 0x10, 0x0, 0x0, 0x5e,
    0x0, 0x23, 0x5f, 0x53, 0x30, 0x1f, 0xff, 0xf7,
    0xaf, 0xff, 0xff, 0xe0, 0x3, 0x8e, 0x31, 0x0,
    0x3f, 0x10, 0x0, 0x0, 0x5e, 0x0, 0x0, 0x4f,
    0x10, 0x0, 0x0, 0x5e, 0x43, 0x55, 0x8f, 0x65,
    0x52, 0x18, 0xdf, 0xf7, 0xee, 0xff, 0xee, 0xe5,
    0x1c, 0xbe, 0x0, 0x0, 0xdf, 0xa0, 0x0, 0x0,
    0x5e, 0x0, 0x5, 0xf6, 0xf3, 0x0, 0x0, 0x5e,
    0x0, 0x2e, 0x90, 0xac, 0x0, 0x2, 0x8e, 0x4,
    0xed, 0x10, 0x1e, 0xc2, 0xb, 0xf8, 0xb, 0xb1,
    0x0, 0x1, 0xc4, 0x0, 0x0, 0x0, 0x0, 0x0,
    0x0, 0x0,

    /* U+62E9 "择" */
    0x0, 0xb8, 0x0, 0x0, 0x0, 0x0, 0x0, 0x0,
    0xb8, 0x8, 0xff, 0xff, 0xff, 0x90, 0x0, 0xc8,
    0x1, 0x6f, 0x52, 0x8f, 0x20, 0x7f, 0xff, 0xf1,
    0x6, 0xe8, 0xf4, 0x0, 0x12, 0xc9, 0x20, 0x5,
    0xef, 0xb3, 0x0, 0x0, 0xb8, 0xa, 0xfe, 0x73,
    0xaf, 0xd5, 0x1, 0xcd, 0xd6, 0x40, 0x5d, 0x1,
    0x61, 0x7f, 0xfc, 0x44, 0xdd, 0xef, 0xdd, 0x60,
    0x23, 0xc8, 0x1, 0x44, 0x9f, 0x44, 0x20, 0x0,
    0xb8, 0x3, 0x33, 0x8f, 0x33, 0x31, 0x0, 0xb8,
    0xf, 0xff, 0xff, 0xff, 0xf6, 0x2, 0xd7, 0x0,
    0x0, 0x5e, 0x0, 0x0, 0xf, 0xe3, 0x0, 0x0,
    0x5e, 0x0, 0x0, 0x0, 0x0, 0x0, 0x0, 0x0,
    0x0, 0x0,

    /* U+6309 "按" */
    0x0, 0x0, 0x0, 0x0, 0x0, 0x0, 0x0, 0x0,
    0x9a, 0x0, 0x0, 0xaa, 0x0, 0x0, 0x0, 0x9a,
    0x1, 0x22, 0x8e, 0x22, 0x20, 0x0, 0x9a, 0x9,
    0xff, 0xff, 0xff, 0xf3, 0x5f, 0xff, 0xfa, 0xa1,
    0x73, 0x12, 0xf3, 0x12, 0xab, 0x27, 0x73, 0xf2,
    0x0, 0xc2, 0x0, 0x9a, 0x3, 0x39, 0xe3, 0x33,
    0x31, 0x0, 0x9a, 0x1f, 0xff, 0xff, 0xff, 0xf6,
    0x4, 0xcf, 0xf3, 0x6f, 0x10, 0x8d, 0x0, 0x7f,
    0xec, 0x10, 0xea, 0x0, 0xd8, 0x0, 0x0, 0x9a,
    0x0, 0x8f, 0xc9, 0xf1, 0x0, 0x0, 0x9a, 0x0,
    0x1, 0xdf, 0xd2, 0x0, 0x2, 0xba, 0x3, 0x8e,
    0xe5, 0xbf, 0x80, 0xf, 0xe5, 0xa, 0xc6, 0x0,
    0x6, 0xc1, 0x0, 0x0, 0x0, 0x0, 0x0, 0x0,
    0x0,

    /* U+6447 "摇" */
    0x0, 0x8a, 0x0, 0x0, 0x13, 0x58, 0x50, 0x0,
    0x8a, 0xa, 0xef, 0xfe, 0xb9, 0x50, 0x1, 0x9a,
    0x13, 0x80, 0x66, 0x7, 0xa0, 0x2f, 0xff, 0xe1,
    0xf3, 0x4d, 0xd, 0x50, 0x2, 0x9b, 0x20, 0x97,
    0x3, 0x1b, 0x0, 0x0, 0x8a, 0x1, 0xef, 0xff,
    0xff, 0xf0, 0x0, 0x8c, 0x6c, 0xa1, 0x6e, 0x11,
    0x10, 0x19, 0xef, 0xc5, 0x32, 0x6e, 0x22, 0x21,
    0x2c, 0xca, 0x1e, 0xee, 0xff, 0xee, 0xe6, 0x0,
    0x8a, 0x6, 0x60, 0x4e, 0x3, 0xa0, 0x0, 0x8a,
    0x9, 0x90, 0x4e, 0x5, 0xd0, 0x3, 0xaa, 0x9,
    0xd9, 0xbf, 0x9b, 0xd0, 0xc, 0xe5, 0x4, 0x77,
    0x77, 0x7a, 0xd0, 0x0, 0x0, 0x0, 0x0, 0x0,
    0x0, 0x10,

    /* U+6548 "效" */
    0x0, 0x9, 0x10, 0x0, 0x1a, 0x0, 0x0, 0x0,
    0xb, 0xa0, 0x0, 0x5e, 0x0, 0x0, 0x2c, 0xcd,
    0xdc, 0xc3, 0x8c, 0x33, 0x31, 0x16, 0xa7, 0x6a,
    0x61, 0xdf, 0xff, 0xf4, 0x2, 0xf2, 0x1f, 0x43,
    0xf2, 0xc, 0x70, 0xb, 0xa0, 0x7, 0xea, 0xf3,
    0xf, 0x30, 0x4e, 0x72, 0x9b, 0x8f, 0xe8, 0x3f,
    0x0, 0x3, 0xad, 0xe5, 0x4, 0x5e, 0x9b, 0x0,
    0x0, 0xc, 0xf1, 0x0, 0xe, 0xf4, 0x0, 0x0,
    0x1e, 0xfb, 0x0, 0xb, 0xf0, 0x0, 0x1, 0xcb,
    0x3f, 0x60, 0x7f, 0xea, 0x0, 0x2d, 0xd1, 0x6,
    0x3a, 0xf4, 0x3f, 0xb1, 0x9, 0x0, 0x0, 0x9d,
    0x30, 0x3, 0xd3, 0x0, 0x0, 0x0, 0x0, 0x0,
    0x0, 0x0,

    /* U+6570 "数" */
    0x3, 0x44, 0xe0, 0x81, 0x3c, 0x0, 0x0, 0x5,
    0xd5, 0xe5, 0xd0, 0x6d, 0x0, 0x0, 0x3, 0xc8,
    0xe7, 0x72, 0xab, 0x11, 0x10, 0x1d, 0xdf, 0xfe,
    0xd8, 0xdf, 0xff, 0xf7, 0x0, 0x8f, 0xfd, 0x73,
    0xf9, 0x1c, 0x80, 0x1d, 0xc6, 0xe1, 0x8b, 0xfc,
    0xf, 0x30, 0x4, 0x8, 0x50, 0xd, 0x4f, 0x5f,
    0x0, 0xa, 0xcf, 0xdc, 0xc1, 0xb, 0xeb, 0x0,
    0x3, 0xda, 0x3a, 0xc0, 0x6, 0xf4, 0x0, 0x2,
    0xfb, 0x5f, 0x30, 0xa, 0xf7, 0x0, 0x0, 0x1c,
    0xfd, 0x10, 0x8f, 0x8f, 0x40, 0x6, 0xce, 0x5a,
    0x6c, 0xf3, 0x8, 0xf6, 0x9, 0x60, 0x0, 0x2b,
    0x10, 0x0, 0x62,

    /* U+65AD "断" */
    0x0, 0x0, 0x0, 0x0, 0x0, 0x0, 0x0, 0x0,
    0xd4, 0x0, 0x0, 0x2a, 0xa0, 0xe6, 0x2d, 0x46,
    0x25, 0xbf, 0xfb, 0x1e, 0x88, 0xd6, 0xf3, 0xf9,
    0x51, 0x0, 0xe5, 0xad, 0xa8, 0x1f, 0x10, 0x0,
    0xe, 0x89, 0xeb, 0x95, 0xf3, 0x11, 0x10, 0xe7,
    0x8f, 0xb7, 0x5f, 0xff, 0xff, 0x5e, 0x37, 0xff,
    0x42, 0xf2, 0x4f, 0x10, 0xe6, 0xde, 0x7e, 0x5f,
    0x3, 0xf0, 0xe, 0xd5, 0xd4, 0x24, 0xf0, 0x3f,
    0x0, 0xe4, 0xc, 0x40, 0x5d, 0x3, 0xf0, 0xe,
    0x52, 0x22, 0x28, 0xa0, 0x3f, 0x0, 0xef, 0xff,
    0xff, 0xd6, 0x3, 0xf0, 0x0, 0x0, 0x0, 0x1d,
    0x10, 0x3f, 0x0, 0x0, 0x0, 0x0, 0x0, 0x0,
    0x0, 0x0,

    /* U+65BD "施" */
    0x0, 0x25, 0x0, 0x3, 0x40, 0x0, 0x0, 0x0,
    0x4f, 0x10, 0xb, 0x90, 0x0, 0x0, 0x25, 0x5e,
    0x75, 0x1f, 0xda, 0xaa, 0xa1, 0x6d, 0xfe, 0xdd,
    0xbe, 0x88, 0x88, 0x81, 0x0, 0xf2, 0x3, 0xf8,
    0xe, 0x22, 0x40, 0x2, 0xfa, 0x97, 0x2f, 0x2e,
    0xdf, 0xd0, 0x3, 0xfa, 0xcb, 0xf, 0xdf, 0x96,
    0xd0, 0x4, 0xf0, 0x7b, 0xcf, 0x9f, 0x24, 0xd0,
    0x5, 0xc0, 0x8a, 0x6f, 0x2e, 0x24, 0xd0, 0x8,
    0xa0, 0x99, 0xf, 0x2e, 0x6f, 0x90, 0xd, 0x60,
    0xa8, 0xf, 0x2c, 0x21, 0x20, 0x4f, 0x12, 0xd7,
    0xf, 0x51, 0x11, 0xc4, 0x48, 0x3f, 0xd2, 0x9,
    0xff, 0xff, 0xd0, 0x0, 0x0, 0x0, 0x0, 0x0,
    0x0, 0x0,

    /* U+65E0 "无" */
    0x3, 0xff, 0xff, 0xff, 0xff, 0xff, 0xa0, 0x1,
    0x44, 0x44, 0xdb, 0x44, 0x44, 0x30, 0x0, 0x0,
    0x0, 0xd7, 0x0, 0x0, 0x0, 0x0, 0x0, 0x0,
    0xe6, 0x0, 0x0, 0x0, 0x1f, 0xff, 0xff, 0xff,
    0xff, 0xff, 0xf6, 0x4, 0x44, 0x48, 0xfd, 0xb4,
    0x44, 0x42, 0x0, 0x0, 0x9, 0xcb, 0x90, 0x0,
    0x0, 0x0, 0x0, 0x1f, 0x7b, 0x90, 0x0, 0x0,
    0x0, 0x0, 0xae, 0xb, 0x90, 0x0, 0x41, 0x0,
    0x9, 0xf4, 0xb, 0x90, 0x0, 0xc7, 0x3, 0xbf,
    0x50, 0xb, 0xc4, 0x44, 0xf5, 0x1e, 0xc3, 0x0,
    0x5, 0xef, 0xff, 0xc0, 0x2, 0x0, 0x0, 0x0,
    0x0, 0x0, 0x0,

    /* U+65E5 "日" */
    0x6f, 0xff, 0xff, 0xff, 0xfe, 0x6f, 0x55, 0x55,
    0x55, 0xae, 0x6e, 0x0, 0x0, 0x0, 0x7e, 0x6e,
    0x0, 0x0, 0x0, 0x7e, 0x6e, 0x11, 0x11, 0x11,
    0x8e, 0x6f, 0xff, 0xff, 0xff, 0xfe, 0x6e, 0x22,
    0x22, 0x22, 0x8e, 0x6e, 0x0, 0x0, 0x0, 0x7e,
    0x6e, 0x0, 0x0, 0x0, 0x7e, 0x6f, 0x44, 0x44,
    0x44, 0x9e, 0x6f, 0xff, 0xff, 0xff, 0xfe, 0x6e,
    0x0, 0x0, 0x0, 0x7d,

    /* U+65EC "旬" */
    0x0, 0x4, 0xa1, 0x0, 0x0, 0x0, 0x0, 0x0,
    0xb, 0xd0, 0x0, 0x0, 0x0, 0x0, 0x0, 0x2f,
    0xff, 0xff, 0xff, 0xff, 0xf0, 0x0, 0x9e, 0x54,
    0x44, 0x44, 0x48, 0xf0, 0x4, 0xf9, 0x22, 0x22,
    0x20, 0x5, 0xf0, 0x2e, 0xbf, 0xff, 0xff, 0xe0,
    0x6, 0xe0, 0x3b, 0x1e, 0x40, 0x5, 0xe0, 0x6,
    0xe0, 0x0, 0xe, 0xff, 0xff, 0xe0, 0x7, 0xd0,
    0x0, 0xe, 0x61, 0x17, 0xe0, 0x8, 0xc0, 0x0,
    0xe, 0x62, 0x27, 0xe0, 0xa, 0xb0, 0x0, 0xe,
    0xff, 0xff, 0xe0, 0xc, 0x90, 0x0, 0xa, 0x30,
    0x0, 0x34, 0x5f, 0x60, 0x0, 0x0, 0x0, 0x0,
    0x9f, 0xfb, 0x0, 0x0, 0x0, 0x0, 0x0, 0x0,
    0x0, 0x0,

    /* U+65FA "旺" */
    0x0, 0x0, 0x0, 0x0, 0x0, 0x0, 0xd, 0xee,
    0xe7, 0xff, 0xff, 0xff, 0xf2, 0xe7, 0x4f, 0x32,
    0x27, 0xf2, 0x22, 0xe, 0x40, 0xf2, 0x0, 0x4f,
    0x0, 0x0, 0xe4, 0xf, 0x20, 0x4, 0xf0, 0x0,
    0xe, 0xdd, 0xf2, 0x0, 0x5f, 0x0, 0x0, 0xe8,
    0x6f, 0x2f, 0xff, 0xff, 0xfd, 0xe, 0x40, 0xf2,
    0x33, 0x7f, 0x33, 0x30, 0xe4, 0xf, 0x20, 0x4,
    0xf0, 0x0, 0xe, 0xed, 0xf2, 0x0, 0x4f, 0x0,
    0x0, 0xe7, 0x44, 0x0, 0x4, 0xf0, 0x0, 0x4,
    0x10, 0xe, 0xff, 0xff, 0xff, 0xf5, 0x0, 0x0,
    0x44, 0x44, 0x44, 0x44, 0x10,

    /* U+6613 "易" */
    0x0, 0x5f, 0xff, 0xff, 0xff, 0xfe, 0x0, 0x5,
    0xe0, 0x0, 0x0, 0x7, 0xe0, 0x0, 0x5f, 0xff,
    0xff, 0xff, 0xfe, 0x0, 0x5, 0xe0, 0x0, 0x0,
    0x7, 0xe0, 0x0, 0x5f, 0xdd, 0xdd, 0xdd, 0xee,
    0x0, 0x0, 0x7f, 0x62, 0x22, 0x22, 0x20, 0x0,
    0x3f, 0xfd, 0xdd, 0xdd, 0xdd, 0xb0, 0x7f, 0x84,
    0xec, 0x4b, 0xd4, 0xac, 0x2d, 0x50, 0x9e, 0x11,
    0xf5, 0xa, 0xa0, 0x0, 0x8f, 0x40, 0xac, 0x0,
    0xd8, 0x1, 0xce, 0x30, 0x9e, 0x31, 0x3f, 0x40,
    0x6, 0x10, 0x2d, 0x31, 0xff, 0xa0, 0x0, 0x0,
    0x0, 0x0, 0x0, 0x0, 0x0,

    /* U+6682 "暂" */
    0x0, 0xc, 0x30, 0x0, 0x2, 0x58, 0x50, 0x3f,
    0xff, 0xff, 0xf6, 0xfd, 0xb9, 0x50, 0x4, 0xe2,
    0x81, 0x2, 0xe0, 0x0, 0x0, 0xf, 0xec, 0xfd,
    0xc7, 0xfd, 0xdd, 0xd3, 0x4, 0x44, 0xf6, 0x45,
    0xd2, 0xb9, 0x20, 0x17, 0x89, 0xfd, 0xea, 0xa0,
    0xa8, 0x0, 0x1b, 0x97, 0xf6, 0x2e, 0x50, 0xa8,
    0x0, 0x0, 0x0, 0xb3, 0x7, 0x10, 0x75, 0x0,
    0x0, 0x9f, 0xff, 0xff, 0xff, 0xf6, 0x0, 0x0,
    0x9a, 0x0, 0x0, 0x0, 0xd6, 0x0, 0x0, 0x9f,
    0xee, 0xee, 0xee, 0xf6, 0x0, 0x0, 0x9b, 0x22,
    0x22, 0x22, 0xe6, 0x0, 0x0, 0x9f, 0xdd, 0xdd,
    0xdd, 0xf6, 0x0,

    /* U+6708 "月" */
    0x0, 0x2f, 0xff, 0xff, 0xff, 0xf7, 0x0, 0x2f,
    0x64, 0x44, 0x44, 0xf7, 0x0, 0x2f, 0x20, 0x0,
    0x0, 0xe7, 0x0, 0x2f, 0xfe, 0xee, 0xee, 0xf7,
    0x0, 0x2f, 0x64, 0x44, 0x44, 0xf7, 0x0, 0x3f,
    0x10, 0x0, 0x0, 0xe7, 0x0, 0x4f, 0x54, 0x44,
    0x44, 0xf7, 0x0, 0x7f, 0xff, 0xff, 0xff, 0xf7,
    0x0, 0xd9, 0x0, 0x0, 0x0, 0xe7, 0x4, 0xf3,
    0x0, 0x0, 0x0, 0xe7, 0x1e, 0xb0, 0x0, 0x4,
    0x56, 0xf6, 0x3c, 0x0, 0x0, 0x8, 0xff, 0xc1,
    0x0, 0x0, 0x0, 0x0, 0x0, 0x0,

    /* U+6709 "有" */
    0x0, 0x0, 0x8, 0x40, 0x0, 0x0, 0x0, 0x0,
    0x0, 0x1f, 0x50, 0x0, 0x0, 0x0, 0x1f, 0xff,
    0xff, 0xff, 0xff, 0xff, 0xf1, 0x3, 0x34, 0xf9,
    0x33, 0x33, 0x33, 0x30, 0x0, 0xa, 0xf4, 0x22,
    0x22, 0x21, 0x0, 0x0, 0x4f, 0xff, 0xff, 0xff,
    0xf8, 0x0, 0x4, 0xff, 0xc0, 0x0, 0x0, 0xc8,
    0x0, 0x3f, 0x98, 0xff, 0xff, 0xff, 0xf8, 0x0,
    0x4, 0x8, 0xc0, 0x0, 0x0, 0xc8, 0x0, 0x0,
    0x8, 0xfe, 0xee, 0xee, 0xf8, 0x0, 0x0, 0x8,
    0xc2, 0x22, 0x22, 0xc8, 0x0, 0x0, 0x8, 0xc0,
    0x0, 0x33, 0xd7, 0x0, 0x0, 0x8, 0xc0, 0x0,
    0xbf, 0xd3, 0x0,

    /* U+671F "期" */
    0x0, 0xe3, 0x9, 0x90, 0x0, 0x0, 0x0, 0x0,
    0xe3, 0x9, 0x90, 0xcf, 0xff, 0xf2, 0x1f, 0xff,
    0xff, 0xfa, 0xc8, 0x24, 0xf2, 0x2, 0xf5, 0x2a,
    0xa1, 0xc7, 0x1, 0xf2, 0x0, 0xee, 0xdf, 0x90,
    0xcf, 0xff, 0xf2, 0x0, 0xe4, 0x19, 0x90, 0xc8,
    0x12, 0xf2, 0x0, 0xed, 0xde, 0x90, 0xd6, 0x1,
    0xf2, 0x0, 0xe6, 0x2a, 0x90, 0xef, 0xff, 0xf2,
    0x2, 0xf6, 0x2a, 0xb1, 0xfb, 0x99, 0xf2, 0x3f,
    0xff, 0xff, 0xf9, 0xf2, 0x1, 0xf2, 0x0, 0x97,
    0x2b, 0x14, 0xf0, 0x1, 0xf2, 0x7, 0xf2, 0xa,
    0xca, 0xb0, 0x35, 0xf2, 0x1d, 0x40, 0x1, 0x4a,
    0x40, 0xbf, 0xb0, 0x0, 0x0, 0x0, 0x0, 0x0,
    0x0, 0x0,

    /* U+6728 "木" */
    0x0, 0x0, 0x0, 0xba, 0x0, 0x0, 0x0, 0x0,
    0x0, 0x0, 0xba, 0x0, 0x0, 0x0, 0x0, 0x0,
    0x0, 0xba, 0x0, 0x0, 0x0, 0x5, 0x55, 0x55,
    0xcc, 0x55, 0x55, 0x50, 0xf, 0xff, 0xff, 0xff,
    0xff, 0xff, 0xf0, 0x0, 0x0, 0x9, 0xff, 0x90,
    0x0, 0x0, 0x0, 0x0, 0x4f, 0xdd, 0xf3, 0x0,
    0x0, 0x0, 0x1, 0xe7, 0xba, 0x7e, 0x20, 0x0,
    0x0, 0x1d, 0xb0, 0xba, 0xb, 0xd2, 0x0, 0x3,
    0xed, 0x10, 0xba, 0x1, 0xde, 0x30, 0x4f, 0xc1,
    0x0, 0xba, 0x0, 0x1c, 0xf4, 0x6, 0x0, 0x0,
    0xba, 0x0, 0x0, 0x50, 0x0, 0x0, 0x0, 0xba,
    0x0, 0x0, 0x0,

    /* U+672A "未" */
    0x0, 0x0, 0x0, 0xba, 0x0, 0x0, 0x0, 0x0,
    0x0, 0x0, 0xba, 0x0, 0x0, 0x0, 0x0, 0x55,
    0x55, 0xcc, 0x55, 0x55, 0x0, 0x1, 0xff, 0xff,
    0xff, 0xff, 0xff, 0x20, 0x0, 0x0, 0x0, 0xba,
    0x0, 0x0, 0x0, 0x1, 0x11, 0x11, 0xbb, 0x11,
    0x11, 0x10, 0x1f, 0xff, 0xff, 0xff, 0xff, 0xff,
    0xf2, 0x2, 0x22, 0x2c, 0xff, 0xc2, 0x22, 0x20,
    0x0, 0x0, 0xbe, 0xdc, 0xea, 0x0, 0x0, 0x0,
    0x1b, 0xe2, 0xba, 0x2e, 0xa1, 0x0, 0x6, 0xee,
    0x20, 0xba, 0x3, 0xee, 0x60, 0x3f, 0x90, 0x0,
    0xba, 0x0, 0x9, 0xf3, 0x1, 0x0, 0x0, 0xba,
    0x0, 0x0, 0x20,

    /* U+672B "末" */
    0x0, 0x0, 0x0, 0xba, 0x0, 0x0, 0x0, 0x0,
    0x0, 0x0, 0xba, 0x0, 0x0, 0x0, 0x5, 0x55,
    0x55, 0xcc, 0x55, 0x55, 0x50, 0xf, 0xff, 0xff,
    0xff, 0xff, 0xff, 0xf1, 0x0, 0x0, 0x0, 0xba,
    0x0, 0x0, 0x0, 0x0, 0x0, 0x0, 0xba, 0x0,
    0x0, 0x0, 0x5, 0xff, 0xff, 0xff, 0xff, 0xff,
    0x60, 0x1, 0x33, 0x4d, 0xff, 0xd4, 0x33, 0x10,
    0x0, 0x0, 0xae, 0xcc, 0xdb, 0x0, 0x0, 0x0,
    0x1b, 0xe2, 0xba, 0x1e, 0xb1, 0x0, 0x6, 0xed,
    0x20, 0xba, 0x2, 0xdf, 0x70, 0x3f, 0x90, 0x0,
    0xba, 0x0, 0x8, 0xf3, 0x1, 0x0, 0x0, 0xba,
    0x0, 0x0, 0x10,

    /* U+672C "本" */
    0x0, 0x0, 0x0, 0xba, 0x0, 0x0, 0x0, 0x0,
    0x0, 0x0, 0xba, 0x0, 0x0, 0x0, 0x0, 0x0,
    0x0, 0xba, 0x0, 0x0, 0x0, 0xf, 0xff, 0xff,
    0xff, 0xff, 0xff, 0xf1, 0x5, 0x55, 0x9f, 0xdd,
    0xf9, 0x55, 0x50, 0x0, 0x0, 0xd8, 0xba, 0x9d,
    0x0, 0x0, 0x0, 0x7, 0xf1, 0xba, 0x2f, 0x70,
    0x0, 0x0, 0x2f, 0x60, 0xba, 0x7, 0xf3, 0x0,
    0x2, 0xea, 0x0, 0xba, 0x0, 0xbe, 0x30, 0x3f,
    0xcc, 0xee, 0xff, 0xee, 0xcc, 0xf3, 0x8, 0x4,
    0x66, 0xdc, 0x66, 0x40, 0x70, 0x0, 0x0, 0x0,
    0xba, 0x0, 0x0, 0x0, 0x0, 0x0, 0x0, 0xba,
    0x0, 0x0, 0x0,

    /* U+6731 "朱" */
    0x0, 0x5, 0x40, 0xaa, 0x0, 0x0, 0x0, 0x0,
    0xe, 0x80, 0xaa, 0x0, 0x0, 0x0, 0x0, 0x5f,
    0x85, 0xcc, 0x55, 0x55, 0x0, 0x0, 0xdf, 0xff,
    0xff, 0xff, 0xff, 0x0, 0x9, 0xf2, 0x0, 0xaa,
    0x0, 0x0, 0x0, 0x2, 0x40, 0x0, 0xaa, 0x0,
    0x0, 0x0, 0x1f, 0xff, 0xff, 0xff, 0xff, 0xff,
    0xf1, 0x5, 0x55, 0x5e, 0xff, 0xe5, 0x55, 0x50,
    0x0, 0x0, 0xbd, 0xcc, 0xdc, 0x10, 0x0, 0x0,
    0x1c, 0xe2, 0xaa, 0x1d, 0xd3, 0x0, 0x7, 0xfd,
    0x20, 0xaa, 0x1, 0xcf, 0x91, 0x3f, 0x80, 0x0,
    0xaa, 0x0, 0x6, 0xe3, 0x1, 0x0, 0x0, 0xaa,
    0x0, 0x0, 0x0,

    /* U+677E "松" */
    0x0, 0x5e, 0x0, 0x4, 0x40, 0x92, 0x0, 0x0,
    0x5e, 0x0, 0xd, 0x90, 0xd7, 0x0, 0x0, 0x5e,
    0x0, 0x1f, 0x40, 0x8c, 0x0, 0x5f, 0xff, 0xf9,
    0x7f, 0x0, 0x3f, 0x30, 0x13, 0xaf, 0x43, 0xe9,
    0x21, 0xc, 0xc0, 0x0, 0xdf, 0x79, 0xf1, 0xbc,
    0x3, 0xf3, 0x2, 0xff, 0xf4, 0x40, 0xf6, 0x0,
    0x40, 0x8, 0xde, 0x8b, 0x5, 0xf1, 0x0, 0x0,
    0x1f, 0x7e, 0x13, 0xb, 0xb0, 0x98, 0x0, 0x6a,
    0x5e, 0x0, 0x2f, 0x30, 0x5f, 0x10, 0x1, 0x5e,
    0x0, 0xac, 0x13, 0x5f, 0x70, 0x0, 0x5e, 0x4,
    0xff, 0xff, 0xed, 0xe0, 0x0, 0x5e, 0x0, 0x84,
    0x20, 0x1, 0x80,

    /* U+6781 "极" */
    0x0, 0x3e, 0x0, 0x0, 0x0, 0x0, 0x0, 0x0,
    0x3e, 0x7, 0xff, 0xff, 0xfa, 0x0, 0x3, 0x6f,
    0x32, 0x3f, 0x52, 0xe6, 0x0, 0xf, 0xff, 0xf5,
    0x1f, 0x11, 0xf2, 0x0, 0x0, 0x8f, 0x20, 0x2f,
    0x5, 0xf2, 0x10, 0x0, 0xcf, 0xa0, 0x4f, 0x29,
    0xff, 0xf0, 0x1, 0xfe, 0xd4, 0x6f, 0x80, 0x8,
    0xb0, 0x8, 0xce, 0x42, 0x9e, 0xe1, 0xe, 0x60,
    0x1f, 0x6e, 0x0, 0xd6, 0xc9, 0x6e, 0x0, 0x3a,
    0x3e, 0x3, 0xf1, 0x3f, 0xf6, 0x0, 0x0, 0x3e,
    0x9, 0xc0, 0x2e, 0xf7, 0x0, 0x0, 0x3e, 0x4f,
    0x36, 0xfb, 0x7f, 0xc2, 0x0, 0x3e, 0x68, 0xa,
    0x70, 0x2, 0xb3, 0x0, 0x0, 0x0, 0x0, 0x0,
    0x0, 0x0,

    /* U+679C "果" */
    0x0, 0xcf, 0xff, 0xff, 0xff, 0xfd, 0x0, 0x0,
    0xc9, 0x11, 0xbb, 0x11, 0x9d, 0x0, 0x0, 0xcf,
    0xff, 0xff, 0xff, 0xfd, 0x0, 0x0, 0xc9, 0x11,
    0xbb, 0x11, 0x9d, 0x0, 0x0, 0xcb, 0x55, 0xcc,
    0x55, 0xbd, 0x0, 0x0, 0x9c, 0xcc, 0xee, 0xcc,
    0xca, 0x0, 0x3, 0x33, 0x33, 0xbc, 0x33, 0x33,
    0x30, 0x1f, 0xff, 0xff, 0xff, 0xff, 0xff, 0xf1,
    0x0, 0x0, 0x7f, 0xee, 0xe8, 0x0, 0x0, 0x0,
    0x3c, 0xe3, 0xaa, 0x2d, 0xd5, 0x0, 0x2d, 0xf9,
    0x10, 0xaa, 0x0, 0x8f, 0xe3, 0x6, 0x10, 0x0,
    0xaa, 0x0, 0x0, 0x50,

    /* U+6B64 "此" */
    0x0, 0x0, 0xe6, 0x0, 0xe6, 0x0, 0x0, 0x0,
    0x0, 0xe6, 0x0, 0xe6, 0x0, 0x0, 0x0, 0x0,
    0xe6, 0x0, 0xe6, 0x0, 0x0, 0x3, 0xd0, 0xe6,
    0x0, 0xe6, 0x3, 0x30, 0x4, 0xf0, 0xe9, 0x51,
    0xe6, 0x6f, 0xc0, 0x4, 0xf0, 0xef, 0xe3, 0xee,
    0xf7, 0x0, 0x4, 0xf0, 0xe6, 0x0, 0xeb, 0x10,
    0x0, 0x4, 0xf0, 0xe6, 0x0, 0xe6, 0x0, 0x0,
    0x4, 0xf0, 0xe6, 0x0, 0xe6, 0x0, 0x0, 0x4,
    0xf0, 0xe6, 0x0, 0xe6, 0x0, 0x61, 0x4, 0xf0,
    0xe7, 0x31, 0xe6, 0x0, 0xc6, 0x7, 0xfa, 0xff,
    0xf4, 0xea, 0x45, 0xf4, 0x4f, 0xeb, 0x85, 0x20,
    0x7f, 0xff, 0xb0, 0x1, 0x0, 0x0, 0x0, 0x0,
    0x0, 0x0,

    /* U+6B66 "武" */
    0x0, 0x0, 0x0, 0x0, 0xc8, 0x54, 0x0, 0x1,
    0xff, 0xff, 0xf2, 0xc8, 0x9f, 0x30, 0x0, 0x22,
    0x22, 0x20, 0xc8, 0x9, 0xb0, 0x3, 0x33, 0x33,
    0x33, 0xca, 0x34, 0x40, 0x3f, 0xff, 0xff, 0xff,
    0xff, 0xff, 0xf2, 0x0, 0x0, 0x66, 0x0, 0x9b,
    0x0, 0x0, 0x2, 0xb0, 0x9a, 0x0, 0x7d, 0x0,
    0x0, 0x2, 0xf0, 0x9f, 0xfd, 0x5f, 0x0, 0x0,
    0x2, 0xf0, 0x9b, 0x22, 0x2f, 0x20, 0x0, 0x2,
    0xf0, 0x9a, 0x0, 0xe, 0x50, 0x61, 0x2, 0xf0,
    0x9c, 0x79, 0x3a, 0xb0, 0xb6, 0x2a, 0xff, 0xff,
    0xc9, 0x22, 0xf7, 0xe3, 0x2a, 0x85, 0x20, 0x0,
    0x0, 0x7f, 0xb0,

    /* U+6B7B "死" */
    0x2f, 0xff, 0xff, 0xff, 0xff, 0xff, 0xf3, 0x3,
    0x3c, 0xc3, 0x33, 0xf8, 0x33, 0x30, 0x0, 0x1f,
    0x40, 0x0, 0xf5, 0x0, 0x0, 0x0, 0x8f, 0xed,
    0xd3, 0xf5, 0x9, 0x80, 0x3, 0xf7, 0x57, 0xf1,
    0xf7, 0xbe, 0x50, 0x1e, 0x91, 0x8, 0xd0, 0xff,
    0xb1, 0x0, 0x2c, 0x6e, 0x3d, 0x80, 0xf9, 0x0,
    0x0, 0x0, 0xa, 0xff, 0x10, 0xf5, 0x0, 0x0,
    0x0, 0x2, 0xf8, 0x0, 0xf5, 0x0, 0x30, 0x0,
    0x1d, 0xc0, 0x0, 0xf5, 0x0, 0xd5, 0x6, 0xed,
    0x10, 0x0, 0xea, 0x56, 0xf3, 0x1e, 0x80, 0x0,
    0x0, 0x6c, 0xdd, 0x90, 0x0, 0x0, 0x0, 0x0,
    0x0, 0x0, 0x0,

    /* U+6BCD "母" */
    0x0, 0xf, 0xff, 0xff, 0xff, 0xfe, 0x0, 0x0,
    0x1f, 0x63, 0x83, 0x33, 0x9d, 0x0, 0x0, 0x3f,
    0x22, 0xcd, 0x30, 0x8c, 0x0, 0x0, 0x5f, 0x0,
    0x6, 0x70, 0x8c, 0x0, 0x2f, 0xff, 0xff, 0xff,
    0xff, 0xff, 0xf3, 0x3, 0xbc, 0x35, 0x43, 0x33,
    0xcb, 0x30, 0x0, 0xc9, 0xa, 0xe4, 0x0, 0xb9,
    0x0, 0x0, 0xe6, 0x0, 0x8f, 0x40, 0xd7, 0x0,
    0x1, 0xf7, 0x33, 0x39, 0x43, 0xf8, 0x30, 0x4,
    0xff, 0xff, 0xff, 0xff, 0xff, 0xc0, 0x0, 0x0,
    0x0, 0x2, 0x28, 0xf1, 0x0, 0x0, 0x0, 0x0,
    0xd, 0xfe, 0x60, 0x0, 0x0, 0x0, 0x0, 0x0,
    0x0, 0x0, 0x0,

    /* U+6BD4 "比" */
    0x0, 0x0, 0x0, 0x0, 0x0, 0x0, 0x4, 0xf1,
    0x0, 0x6, 0xe0, 0x0, 0x0, 0x4f, 0x10, 0x0,
    0x6e, 0x0, 0x0, 0x4, 0xf1, 0x0, 0x6, 0xe0,
    0x1, 0x10, 0x4f, 0x10, 0x0, 0x6e, 0x0, 0xcc,
    0x4, 0xf6, 0x55, 0x26, 0xe1, 0xcf, 0x50, 0x4f,
    0xff, 0xf6, 0x6f, 0xde, 0x30, 0x4, 0xf1, 0x0,
    0x6, 0xfa, 0x10, 0x0, 0x4f, 0x10, 0x0, 0x6e,
    0x0, 0x0, 0x4, 0xf1, 0x0, 0x6, 0xe0, 0x0,
    0x20, 0x4f, 0x10, 0x0, 0x6e, 0x0, 0x1f, 0x24,
    0xf2, 0x49, 0x46, 0xe0, 0x3, 0xf1, 0x6f, 0xff,
    0xc3, 0x5f, 0x43, 0x8e, 0xa, 0xe8, 0x20, 0x1,
    0xdf, 0xff, 0x60, 0x10, 0x0, 0x0, 0x0, 0x0,
    0x0, 0x0,

    /* U+6C14 "气" */
    0x0, 0x5, 0x50, 0x0, 0x0, 0x0, 0x0, 0x0,
    0xe, 0xa2, 0x22, 0x22, 0x22, 0x20, 0x0, 0x6f,
    0xff, 0xff, 0xff, 0xff, 0xf0, 0x1, 0xe9, 0x11,
    0x11, 0x11, 0x11, 0x0, 0xd, 0xd5, 0xff, 0xff,
    0xff, 0xfe, 0x0, 0x5e, 0x42, 0x22, 0x22, 0x22,
    0x20, 0x0, 0x0, 0xcf, 0xff, 0xff, 0xff, 0xe0,
    0x0, 0x0, 0x0, 0x0, 0x0, 0x5, 0xf0, 0x0,
    0x0, 0x0, 0x0, 0x0, 0x4, 0xf0, 0x0, 0x0,
    0x0, 0x0, 0x0, 0x2, 0xf2, 0x0, 0x0, 0x0,
    0x0, 0x0, 0x0, 0xe6, 0x54, 0x0, 0x0, 0x0,
    0x0, 0x0, 0x9d, 0xb6, 0x0, 0x0, 0x0, 0x0,
    0x0, 0x1b, 0xe2,

    /* U+6C34 "水" */
    0x0, 0x0, 0x0, 0x7e, 0x0, 0x0, 0x0, 0x0,
    0x0, 0x0, 0x7e, 0x0, 0x0, 0x0, 0x0, 0x0,
    0x0, 0x7e, 0x0, 0x0, 0x0, 0x3, 0x44, 0x42,
    0x7f, 0x0, 0x2e, 0x50, 0xd, 0xff, 0xfc, 0x7f,
    0x51, 0xdc, 0x0, 0x0, 0x1, 0xd8, 0x7f, 0xdd,
    0xb0, 0x0, 0x0, 0x4, 0xf4, 0x7f, 0xdc, 0x0,
    0x0, 0x0, 0xa, 0xd0, 0x7e, 0x4f, 0x40, 0x0,
    0x0, 0x3f, 0x60, 0x7e, 0x9, 0xf2, 0x0, 0x1,
    0xdc, 0x0, 0x7e, 0x0, 0xcf, 0x60, 0x1e, 0xe2,
    0x0, 0x7e, 0x0, 0xb, 0xf8, 0x5, 0x10, 0x36,
    0xbe, 0x0, 0x0, 0x51, 0x0, 0x0, 0x3f, 0xe6,
    0x0, 0x0, 0x0,

    /* U+6C42 "求" */
    0x0, 0x0, 0x0, 0xba, 0xb, 0x50, 0x0, 0x0,
    0x0, 0x0, 0xba, 0x9, 0xf9, 0x0, 0x4, 0x44,
    0x44, 0xcb, 0x44, 0xad, 0x40, 0xf, 0xff, 0xff,
    0xff, 0xff, 0xff, 0xf1, 0x0, 0x30, 0x0, 0xbd,
    0x0, 0x5, 0x0, 0x2, 0xf7, 0x0, 0xbf, 0x50,
    0x6f, 0x40, 0x0, 0x4f, 0x60, 0xbf, 0xd6, 0xf5,
    0x0, 0x0, 0x6, 0x52, 0xda, 0xcf, 0x40, 0x0,
    0x0, 0x1, 0x9f, 0xfa, 0x2f, 0x70, 0x0, 0x0,
    0x7f, 0xc3, 0xba, 0x6, 0xf8, 0x0, 0x2e, 0xe6,
    0x0, 0xba, 0x0, 0x6f, 0xd2, 0x6, 0x10, 0x55,
    0xd9, 0x0, 0x2, 0x90, 0x0, 0x0, 0xdf, 0xd3,
    0x0, 0x0, 0x0, 0x0, 0x0, 0x0, 0x0, 0x0,
    0x0, 0x0,

    /* U+6CA1 "没" */
    0x1, 0x0, 0x0, 0x0, 0x0, 0x0, 0x0, 0xa,
    0xe6, 0x0, 0xef, 0xff, 0xf0, 0x0, 0x0, 0x7e,
    0x10, 0xf7, 0x36, 0xf0, 0x0, 0x0, 0x0, 0x2,
    0xf3, 0x3, 0xf0, 0x0, 0x39, 0x20, 0x2d, 0xb0,
    0x2, 0xfc, 0xc3, 0x2a, 0xf6, 0x99, 0x0, 0x0,
    0x25, 0x41, 0x0, 0x30, 0x4e, 0xee, 0xee, 0xed,
    0x20, 0x0, 0x4, 0x1b, 0xd5, 0x55, 0xcd, 0x0,
    0x0, 0x3f, 0x12, 0xf5, 0x4, 0xf5, 0x0, 0x0,
    0xc9, 0x0, 0x6f, 0x8f, 0x80, 0x0, 0x5, 0xf1,
    0x0, 0x2d, 0xfe, 0x30, 0x0, 0xe, 0x81, 0x8c,
    0xfc, 0x6b, 0xfd, 0x81, 0x5, 0x10, 0xb8, 0x30,
    0x0, 0x38, 0xb0,

    /* U+6CC4 "泄" */
    0x2, 0x40, 0x0, 0x0, 0xf2, 0x0, 0x0, 0x8,
    0xfb, 0x1b, 0x50, 0xf2, 0x3f, 0x0, 0x0, 0x5c,
    0xd, 0x60, 0xf2, 0x3f, 0x0, 0x0, 0x0, 0xd,
    0x60, 0xf3, 0x3f, 0x0, 0x1a, 0x41, 0xff, 0xff,
    0xff, 0xff, 0xf7, 0x19, 0xf7, 0x3d, 0x83, 0xf6,
    0x6f, 0x41, 0x0, 0x31, 0xd, 0x60, 0xf2, 0x3f,
    0x0, 0x0, 0x3, 0xd, 0x60, 0xf2, 0x3f, 0x0,
    0x0, 0x3f, 0x1d, 0x60, 0xff, 0xff, 0x0, 0x0,
    0xbb, 0xd, 0x60, 0x33, 0x33, 0x0, 0x4, 0xf3,
    0xd, 0x60, 0x0, 0x0, 0x0, 0xc, 0xb0, 0xd,
    0xff, 0xff, 0xff, 0xf4, 0x5, 0x30, 0x4, 0x55,
    0x55, 0x55, 0x51,

    /* U+706B "火" */
    0x0, 0x0, 0x0, 0xac, 0x0, 0x0, 0x0, 0x0,
    0x0, 0x0, 0xbb, 0x0, 0x0, 0x0, 0x0, 0x2,
    0x0, 0xba, 0x0, 0x2, 0x0, 0x0, 0x5f, 0x10,
    0xc9, 0x0, 0xd, 0xa0, 0x0, 0xbb, 0x0, 0xe8,
    0x0, 0x4f, 0x30, 0x3, 0xf5, 0x1, 0xf9, 0x0,
    0xbb, 0x0, 0x7, 0xc0, 0x4, 0xfe, 0x1, 0xe2,
    0x0, 0x0, 0x0, 0x9, 0xee, 0x60, 0x0, 0x0,
    0x0, 0x0, 0x2f, 0x77, 0xe1, 0x0, 0x0, 0x0,
    0x1, 0xdd, 0x0, 0xdc, 0x10, 0x0, 0x0, 0x3e,
    0xe2, 0x0, 0x2e, 0xe5, 0x0, 0xb, 0xfc, 0x10,
    0x0, 0x1, 0xaf, 0xf3, 0x7, 0x40, 0x0, 0x0,
    0x0, 0x2, 0x70,

    /* U+7236 "父" */
    0x0, 0x0, 0x63, 0x0, 0x36, 0x0, 0x0, 0x0,
    0x5, 0xf5, 0x0, 0x6f, 0x70, 0x0, 0x0, 0x3f,
    0x90, 0x0, 0x6, 0xf7, 0x0, 0x4, 0xfc, 0x0,
    0x0, 0x0, 0x8f, 0x50, 0xd, 0xc3, 0xa0, 0x0,
    0xc, 0x5b, 0xd0, 0x2, 0x1, 0xf6, 0x0, 0x5f,
    0x31, 0x10, 0x0, 0x0, 0xad, 0x0, 0xdb, 0x0,
    0x0, 0x0, 0x0, 0x2f, 0x98, 0xf3, 0x0, 0x0,
    0x0, 0x0, 0x6, 0xff, 0x70, 0x0, 0x0, 0x0,
    0x0, 0x8, 0xff, 0x90, 0x0, 0x0, 0x0, 0x3,
    0xdf, 0x77, 0xfe, 0x50, 0x0, 0x17, 0xdf, 0xc2,
    0x0, 0x3d, 0xfe, 0x92, 0x2f, 0xa4, 0x0, 0x0,
    0x0, 0x4a, 0xd1, 0x0, 0x0, 0x0, 0x0, 0x0,
    0x0, 0x0,

    /* U+723B "爻" */
    0x0, 0x0, 0x0, 0x0, 0x1, 0x92, 0x0, 0x0,
    0xcc, 0x72, 0x0, 0x4e, 0xc2, 0x0, 0x0, 0x27,
    0xcf, 0xcb, 0xf8, 0x0, 0x0, 0x0, 0x2, 0x7d,
    0xfe, 0xf9, 0x20, 0x0, 0x8, 0xdf, 0xe8, 0x20,
    0x5c, 0xfa, 0x10, 0x6, 0x76, 0x30, 0x0, 0x3,
    0x9a, 0x0, 0x0, 0x9, 0xd0, 0x0, 0xe, 0xb0,
    0x0, 0x0, 0x0, 0xe9, 0x0, 0x9f, 0x10, 0x0,
    0x0, 0x0, 0x3f, 0x99, 0xf4, 0x0, 0x0, 0x0,
    0x0, 0x6, 0xff, 0x60, 0x0, 0x0, 0x0, 0x2,
    0x9f, 0xdd, 0xf9, 0x10, 0x0, 0x17, 0xcf, 0xe5,
    0x0, 0x7f, 0xfb, 0x71, 0x1d, 0xa4, 0x0, 0x0,
    0x1, 0x6b, 0xe1, 0x0, 0x0, 0x0, 0x0, 0x0,
    0x0, 0x0,

    /* U+7384 "玄" */
    0x0, 0x0, 0x2, 0xc1, 0x0, 0x0, 0x0, 0x0,
    0x0, 0x0, 0xca, 0x0, 0x0, 0x0, 0x1f, 0xff,
    0xff, 0xff, 0xff, 0xff, 0xf1, 0x4, 0x44, 0x5e,
    0xd4, 0x44, 0x44, 0x40, 0x0, 0x0, 0x7f, 0x40,
    0x2, 0x0, 0x0, 0x0, 0x4, 0xf6, 0x0, 0x2e,
    0xa0, 0x0, 0x0, 0x5f, 0xa3, 0x34, 0xdc, 0x10,
    0x0, 0x0, 0xcf, 0xfe, 0xef, 0xb0, 0x0, 0x0,
    0x0, 0x11, 0x5, 0xf9, 0x3, 0x70, 0x0, 0x0,
    0x0, 0x9e, 0x40, 0x3, 0xf6, 0x0, 0x0, 0x6e,
    0xf7, 0x67, 0x89, 0xdf, 0x30, 0x2, 0xfe, 0xdc,
    0xa9, 0x87, 0x6b, 0xd0, 0x0, 0x10, 0x0, 0x0,
    0x0, 0x1, 0x80,

    /* U+751F "生" */
    0x0, 0xa, 0x40, 0xab, 0x0, 0x0, 0x0, 0x0,
    0x3f, 0x40, 0xab, 0x0, 0x0, 0x0, 0x0, 0x9f,
    0x21, 0xab, 0x11, 0x11, 0x10, 0x1, 0xff, 0xff,
    0xff, 0xff, 0xff, 0x90, 0xa, 0xe3, 0x22, 0xbb,
    0x22, 0x22, 0x10, 0x1f, 0x60, 0x0, 0xab, 0x0,
    0x0, 0x0, 0x1, 0x0, 0x0, 0xab, 0x0, 0x0,
    0x0, 0x0, 0x9f, 0xff, 0xff, 0xff, 0xff, 0x0,
    0x0, 0x12, 0x22, 0xbc, 0x22, 0x22, 0x0, 0x0,
    0x0, 0x0, 0xab, 0x0, 0x0, 0x0, 0x0, 0x0,
    0x0, 0xab, 0x0, 0x0, 0x0, 0x16, 0x66, 0x66,
    0xcd, 0x66, 0x66, 0x61, 0x2d, 0xdd, 0xdd, 0xdd,
    0xdd, 0xdd, 0xd3,

    /* U+7528 "用" */
    0x0, 0xdf, 0xff, 0xff, 0xff, 0xff, 0x50, 0xd,
    0x94, 0x48, 0xf4, 0x44, 0xf6, 0x0, 0xd6, 0x0,
    0x5e, 0x0, 0xe, 0x60, 0xd, 0xa5, 0x59, 0xf5,
    0x55, 0xf6, 0x0, 0xde, 0xdd, 0xef, 0xdd, 0xdf,
    0x60, 0xe, 0x60, 0x5, 0xe0, 0x0, 0xe6, 0x0,
    0xf8, 0x44, 0x8f, 0x44, 0x4f, 0x60, 0x1f, 0xff,
    0xff, 0xff, 0xff, 0xf6, 0x3, 0xf1, 0x0, 0x5e,
    0x0, 0xe, 0x60, 0x7d, 0x0, 0x5, 0xe0, 0x0,
    0xe6, 0x1e, 0x70, 0x0, 0x5e, 0x2, 0x2f, 0x54,
    0xd0, 0x0, 0x5, 0xe0, 0xff, 0xe2, 0x0, 0x0,
    0x0, 0x0, 0x0, 0x0, 0x0,

    /* U+7532 "甲" */
    0x3f, 0xff, 0xff, 0xff, 0xff, 0xfb, 0x3f, 0x53,
    0x39, 0xf3, 0x33, 0xcb, 0x3f, 0x10, 0x7, 0xe0,
    0x0, 0xab, 0x3f, 0xdd, 0xde, 0xfd, 0xdd, 0xfb,
    0x3f, 0x65, 0x5a, 0xf5, 0x55, 0xcb, 0x3f, 0x10,
    0x7, 0xe0, 0x0, 0xab, 0x3f, 0x54, 0x49, 0xf4,
    0x44, 0xcb, 0x3f, 0xff, 0xff, 0xff, 0xff, 0xfb,
    0x16, 0x0, 0x7, 0xe0, 0x0, 0x44, 0x0, 0x0,
    0x7, 0xe0, 0x0, 0x0, 0x0, 0x0, 0x7, 0xe0,
    0x0, 0x0, 0x0, 0x0, 0x7, 0xe0, 0x0, 0x0,

    /* U+7533 "申" */
    0x0, 0x0, 0x6, 0xe0, 0x0, 0x0, 0x0, 0x0,
    0x6, 0xe0, 0x0, 0x0, 0x5f, 0xff, 0xff, 0xff,
    0xff, 0xf6, 0x5f, 0x44, 0x49, 0xf4, 0x44, 0xf6,
    0x5e, 0x0, 0x6, 0xe0, 0x0, 0xe6, 0x5f, 0xff,
    0xff, 0xff, 0xff, 0xf6, 0x5f, 0x33, 0x39, 0xf3,
    0x33, 0xf6, 0x5e, 0x0, 0x6, 0xe0, 0x0, 0xe6,
    0x5f, 0xff, 0xff, 0xff, 0xff, 0xf6, 0x5f, 0x44,
    0x49, 0xf4, 0x44, 0xf6, 0x1, 0x0, 0x6, 0xe0,
    0x0, 0x0, 0x0, 0x0, 0x6, 0xe0, 0x0, 0x0,
    0x0, 0x0, 0x6, 0xe0, 0x0, 0x0,

    /* U+754C "界" */
    0x0, 0xef, 0xff, 0xff, 0xff, 0xfd, 0x0, 0x0,
    0xe6, 0x0, 0xe6, 0x0, 0x8d, 0x0, 0x0, 0xef,
    0xff, 0xff, 0xff, 0xfd, 0x0, 0x0, 0xe6, 0x0,
    0xe6, 0x0, 0x8d, 0x0, 0x0, 0xee, 0xdd, 0xfe,
    0xdd, 0xed, 0x0, 0x0, 0x24, 0xec, 0x34, 0xed,
    0x42, 0x0, 0x0, 0x4e, 0xc0, 0x0, 0x2e, 0xd4,
    0x0, 0x2d, 0xf9, 0xd5, 0x0, 0x5e, 0xaf, 0xd2,
    0x7, 0x20, 0xe5, 0x0, 0x6e, 0x2, 0x70, 0x0,
    0x5, 0xf2, 0x0, 0x6e, 0x0, 0x0, 0x0, 0x6f,
    0xa0, 0x0, 0x6e, 0x0, 0x0, 0x2, 0xe8, 0x0,
    0x0, 0x6e, 0x0, 0x0, 0x0, 0x0, 0x0, 0x0,
    0x0, 0x0, 0x0,

    /* U+7678 "癸" */
    0x0, 0x0, 0x0, 0x4, 0x50, 0x30, 0x0, 0x1,
    0xff, 0xff, 0x95, 0xe6, 0xf5, 0x0, 0x1, 0x51,
    0x3f, 0x30, 0xdf, 0x30, 0x81, 0x3, 0xea, 0xcb,
    0x0, 0x3f, 0x8d, 0xa1, 0x0, 0x2f, 0xe1, 0x0,
    0x6, 0xfc, 0x0, 0x5, 0xde, 0xff, 0xff, 0xff,
    0xdf, 0xd4, 0x2e, 0x60, 0x22, 0x8e, 0x22, 0x11,
    0xa3, 0x0, 0x22, 0x22, 0x8e, 0x22, 0x22, 0x10,
    0x2, 0xff, 0xff, 0xff, 0xff, 0xff, 0x90, 0x0,
    0x0, 0x3, 0xff, 0xa3, 0x0, 0x0, 0x0, 0x0,
    0x4e, 0xc4, 0xcf, 0xa2, 0x0, 0x1, 0x6c, 0xfa,
    0x0, 0x4, 0xcf, 0x91, 0x9, 0xe9, 0x20, 0x0,
    0x0, 0x6, 0xd1, 0x0, 0x0, 0x0, 0x0, 0x0,
    0x0, 0x0,

    /* U+767D "白" */
    0x0, 0x0, 0x7, 0x30, 0x0, 0x0, 0x0, 0x0,
    0x4f, 0x50, 0x0, 0x0, 0x6, 0x66, 0xbf, 0x66,
    0x66, 0x60, 0xf, 0xfe, 0xee, 0xee, 0xef, 0xf1,
    0xf, 0x30, 0x0, 0x0, 0x4, 0xf1, 0xf, 0x30,
    0x0, 0x0, 0x4, 0xf1, 0xf, 0x85, 0x55, 0x55,
    0x58, 0xf1, 0xf, 0xff, 0xff, 0xff, 0xff, 0xf1,
    0xf, 0x30, 0x0, 0x0, 0x4, 0xf1, 0xf, 0x30,
    0x0, 0x0, 0x4, 0xf1, 0xf, 0x62, 0x22, 0x22,
    0x26, 0xf1, 0xf, 0xff, 0xff, 0xff, 0xff, 0xf1,
    0xf, 0x51, 0x11, 0x11, 0x15, 0xe1,

    /* U+76D8 "盘" */
    0x0, 0x0, 0x0, 0x0, 0x0, 0x0, 0x0, 0x0,
    0x0, 0x0, 0x9c, 0x0, 0x0, 0x0, 0x0, 0xc,
    0xee, 0xff, 0xee, 0xea, 0x0, 0x0, 0xd, 0x72,
    0xb5, 0x11, 0xab, 0x0, 0x0, 0xe, 0x60, 0x6e,
    0x40, 0x9b, 0x0, 0xf, 0xff, 0xff, 0xff, 0xff,
    0xff, 0xf8, 0x2, 0x6f, 0x34, 0xb4, 0x22, 0xac,
    0x21, 0x1, 0xdb, 0x0, 0x7e, 0x54, 0xca, 0x0,
    0x6, 0xc1, 0x0, 0x2, 0xb, 0xb4, 0x0, 0x0,
    0x8e, 0xee, 0xee, 0xee, 0xee, 0x0, 0x0, 0x8b,
    0x1c, 0x71, 0xf4, 0x5f, 0x0, 0x0, 0x8a, 0xc,
    0x60, 0xf2, 0x3f, 0x0, 0x2, 0x9b, 0x2c, 0x72,
    0xf4, 0x5f, 0x21, 0x1f, 0xff, 0xff, 0xff, 0xff,
    0xff, 0xf8,

    /* U+76F8 "相" */
    0x0, 0x1f, 0x20, 0x0, 0x0, 0x0, 0x0, 0x1,
    0xf2, 0x6, 0xff, 0xff, 0xff, 0x0, 0x1f, 0x20,
    0x6d, 0x33, 0x37, 0xf3, 0xff, 0xff, 0xf7, 0xd0,
    0x0, 0x5f, 0x2, 0x8f, 0x52, 0x6f, 0xdd, 0xde,
    0xf0, 0xb, 0xf5, 0x6, 0xe4, 0x44, 0x8f, 0x1,
    0xff, 0xf2, 0x6d, 0x0, 0x5, 0xf0, 0x7c, 0xfa,
    0xd7, 0xd3, 0x33, 0x8f, 0xe, 0x6f, 0x28, 0x6f,
    0xff, 0xff, 0xf6, 0xc1, 0xf2, 0x6, 0xd0, 0x0,
    0x5f, 0x2, 0x1f, 0x20, 0x6d, 0x0, 0x5, 0xf0,
    0x1, 0xf2, 0x6, 0xff, 0xff, 0xff, 0x0, 0x1f,
    0x20, 0x6c, 0x22, 0x26, 0xe0,

    /* U+7740 "着" */
    0x0, 0x3, 0x80, 0x0, 0x7, 0x40, 0x0, 0x0,
    0x3, 0xf6, 0x0, 0x5f, 0x40, 0x0, 0x6, 0xff,
    0xff, 0xff, 0xff, 0xff, 0x70, 0x0, 0x45, 0x58,
    0xf6, 0x55, 0x54, 0x0, 0x0, 0x67, 0x8f, 0xb7,
    0x77, 0x76, 0x0, 0xd, 0xdd, 0xdf, 0xdd, 0xdd,
    0xdd, 0xd0, 0x3, 0x36, 0xf7, 0x33, 0x33, 0x33,
    0x30, 0x0, 0xd, 0xff, 0xff, 0xff, 0xfc, 0x0,
    0x0, 0xbf, 0xf3, 0x22, 0x22, 0x9c, 0x0, 0x1c,
    0xf8, 0xfc, 0xbb, 0xbb, 0xec, 0x0, 0x3d, 0x33,
    0xf9, 0x99, 0x99, 0xcc, 0x0, 0x0, 0x3, 0xf5,
    0x44, 0x44, 0xbc, 0x0, 0x0, 0x3, 0xfd, 0xdd,
    0xdd, 0xec, 0x0,

    /* U+786E "确" */
    0x0, 0x0, 0x0, 0x5, 0x60, 0x0, 0x0, 0x1f,
    0xff, 0xfa, 0xe, 0xec, 0xc8, 0x0, 0x2, 0xaa,
    0x21, 0x7c, 0x44, 0xf9, 0x0, 0x0, 0xd5, 0x4,
    0xf6, 0x27, 0xe3, 0x20, 0x2, 0xf1, 0xd, 0xff,
    0xff, 0xff, 0xf1, 0x8, 0xfc, 0xc5, 0xb8, 0xf,
    0x22, 0xf1, 0x1f, 0xe3, 0xd4, 0xbf, 0xff, 0xff,
    0xf1, 0x3e, 0xe0, 0xc4, 0xb8, 0xf, 0x33, 0xf1,
    0x5, 0xe0, 0xc4, 0xcc, 0x8f, 0x99, 0xf1, 0x3,
    0xe0, 0xc4, 0xeb, 0x9f, 0xaa, 0xf1, 0x3, 0xff,
    0xf6, 0xf1, 0xf, 0x22, 0xf1, 0x3, 0xe3, 0x39,
    0xc0, 0xf, 0x34, 0xf1, 0x1, 0x70, 0xd, 0x30,
    0x9, 0x6f, 0xc0, 0x0, 0x0, 0x0, 0x0, 0x0,
    0x0, 0x0,

    /* U+795E "神" */
    0x0, 0x58, 0x0, 0x0, 0x1f, 0x20, 0x0, 0x0,
    0x4f, 0x20, 0x0, 0x1f, 0x20, 0x0, 0x3, 0x3b,
    0x51, 0x78, 0x9f, 0x98, 0x80, 0x1f, 0xff, 0xf8,
    0xec, 0xbf, 0xbb, 0xf1, 0x0, 0x3, 0xe0, 0xe4,
    0x1f, 0x22, 0xf1, 0x0, 0xd, 0x50, 0xef, 0xff,
    0xff, 0xf1, 0x1, 0xbf, 0xa0, 0xe6, 0x4f, 0x54,
    0xf1, 0x2d, 0xef, 0xd9, 0xe4, 0x1f, 0x22, 0xf1,
    0x2b, 0x5e, 0x36, 0xef, 0xff, 0xff, 0xf1, 0x0,
    0x4e, 0x0, 0xc6, 0x4f, 0x54, 0xb1, 0x0, 0x4e,
    0x0, 0x0, 0x1f, 0x20, 0x0, 0x0, 0x4e, 0x0,
    0x0, 0x1f, 0x20, 0x0, 0x0, 0x4e, 0x0, 0x0,
    0x1f, 0x20, 0x0,

    /* U+79BB "离" */
    0x0, 0x0, 0x0, 0x72, 0x0, 0x0, 0x0, 0x4,
    0x44, 0x44, 0xea, 0x44, 0x44, 0x40, 0xc, 0xcc,
    0xdd, 0xcc, 0xdd, 0xcc, 0xc1, 0x0, 0x9a, 0x2c,
    0x87, 0xb2, 0x9b, 0x0, 0x0, 0x9a, 0x17, 0xed,
    0x91, 0x9b, 0x0, 0x0, 0x9a, 0x88, 0x21, 0x67,
    0xab, 0x0, 0x0, 0x9f, 0xff, 0xff, 0xff, 0xfa,
    0x0, 0x1, 0x22, 0x22, 0xe9, 0x22, 0x22, 0x10,
    0x7, 0xff, 0xff, 0xff, 0xff, 0xff, 0x90, 0x7,
    0xc0, 0x3f, 0x30, 0xc4, 0xb, 0x90, 0x7, 0xc1,
    0xed, 0xac, 0xee, 0x1b, 0x90, 0x7, 0xc0, 0x86,
    0x42, 0x15, 0x1b, 0x90, 0x7, 0xc0, 0x0, 0x0,
    0x9, 0xfe, 0x40,

    /* U+79FB "移" */
    0x0, 0x0, 0x40, 0x0, 0x16, 0x10, 0x0, 0x6,
    0xae, 0xf6, 0x1, 0xde, 0x33, 0x10, 0x7, 0x8f,
    0x20, 0x5e, 0xed, 0xdf, 0xa0, 0x0, 0x1f, 0x13,
    0xd9, 0x82, 0xad, 0x0, 0x2f, 0xff, 0xfb, 0x1,
    0xdf, 0xb1, 0x0, 0x3, 0xaf, 0x64, 0x8e, 0xfc,
    0xb0, 0x0, 0x0, 0xdf, 0xc2, 0xe8, 0x4f, 0xc3,
    0x30, 0x3, 0xff, 0xd8, 0x2, 0xee, 0xde, 0xf6,
    0xb, 0x9f, 0x45, 0x7f, 0xa0, 0x8, 0xd0, 0x2f,
    0x2f, 0x10, 0xa5, 0xac, 0x7f, 0x40, 0x5, 0x1f,
    0x10, 0x0, 0x1e, 0xf4, 0x0, 0x0, 0x1f, 0x10,
    0x49, 0xfb, 0x20, 0x0, 0x0, 0x1f, 0x16, 0xe9,
    0x30, 0x0, 0x0, 0x0, 0x0, 0x0, 0x0, 0x0,
    0x0, 0x0,

    /* U+7A0B "程" */
    0x0, 0x0, 0x20, 0x0, 0x0, 0x0, 0x0, 0x5,
    0xae, 0xe1, 0xdf, 0xff, 0xff, 0x70, 0x8, 0xae,
    0x0, 0xd5, 0x11, 0x1c, 0x70, 0x0, 0x4e, 0x0,
    0xd6, 0x22, 0x2c, 0x70, 0x1c, 0xdf, 0xc6, 0xdf,
    0xff, 0xff, 0x60, 0x6, 0xcf, 0x63, 0x0, 0x0,
    0x0, 0x0, 0x0, 0xef, 0x71, 0xff, 0xff, 0xff,
    0xe0, 0x4, 0xff, 0xe3, 0x22, 0x5f, 0x22, 0x20,
    0xd, 0xae, 0x83, 0x23, 0x6f, 0x33, 0x10, 0x5e,
    0x5e, 0x0, 0xbf, 0xff, 0xff, 0x90, 0x16, 0x4e,
    0x0, 0x0, 0x3f, 0x0, 0x0, 0x0, 0x4e, 0x2,
    0x33, 0x6f, 0x33, 0x30, 0x0, 0x4e, 0xd, 0xff,
    0xff, 0xff, 0xf3,

    /* U+7A7A "空" */
    0x0, 0x0, 0x2b, 0x20, 0x0, 0x0, 0x11, 0x11,
    0x2f, 0xa1, 0x11, 0x11, 0xff, 0xff, 0xff, 0xff,
    0xff, 0xff, 0xf6, 0x11, 0x21, 0x12, 0x11, 0x6f,
    0xf5, 0x1b, 0xc0, 0x2f, 0xb3, 0x4d, 0x39, 0xfb,
    0x10, 0x2, 0xaf, 0xb2, 0x8d, 0x50, 0x0, 0x0,
    0x2, 0xb7, 0x5, 0xff, 0xff, 0xff, 0xff, 0x60,
    0x1, 0x33, 0x3f, 0x93, 0x33, 0x10, 0x0, 0x0,
    0xe, 0x70, 0x0, 0x0, 0x0, 0x0, 0xe, 0x70,
    0x0, 0x0, 0x45, 0x55, 0x5f, 0xa5, 0x55, 0x55,
    0xbd, 0xdd, 0xdd, 0xdd, 0xdd, 0xdc,

    /* U+7B97 "算" */
    0x0, 0xa7, 0x0, 0x3, 0xe2, 0x0, 0x0, 0x4,
    0xff, 0xff, 0xcd, 0xff, 0xff, 0xf2, 0x3f, 0x78,
    0xd1, 0xae, 0x27, 0xf3, 0x10, 0x7, 0x5b, 0xda,
    0xbc, 0x9a, 0xe8, 0x0, 0x0, 0x8d, 0x44, 0x44,
    0x44, 0xad, 0x0, 0x0, 0x8f, 0xcc, 0xcc, 0xcc,
    0xed, 0x0, 0x0, 0x8e, 0x88, 0x88, 0x88, 0xcd,
    0x0, 0x0, 0x8d, 0x44, 0x44, 0x44, 0xad, 0x0,
    0x0, 0x7d, 0xfe, 0xdd, 0xdf, 0xda, 0x0, 0x1,
    0x11, 0xc9, 0x11, 0x4f, 0x31, 0x10, 0x2f, 0xff,
    0xff, 0xff, 0xff, 0xff, 0xf3, 0x0, 0x4c, 0xd1,
    0x0, 0x2f, 0x20, 0x0, 0x9, 0xd7, 0x0, 0x0,
    0x2f, 0x20, 0x0, 0x0, 0x0, 0x0, 0x0, 0x0,
    0x0, 0x0,

    /* U+7ED3 "结" */
    0x0, 0x2b, 0x20, 0x0, 0x2f, 0x20, 0x0, 0x0,
    0x9f, 0x0, 0x0, 0x2f, 0x20, 0x0, 0x1, 0xf8,
    0x3, 0xff, 0xff, 0xff, 0xf3, 0x9, 0xe0, 0x86,
    0x44, 0x7f, 0x64, 0x41, 0x5f, 0xa7, 0xf4, 0x0,
    0x2f, 0x20, 0x0, 0x4c, 0xbf, 0x90, 0xdf, 0xff,
    0xff, 0xe0, 0x0, 0xad, 0x0, 0x34, 0x44, 0x44,
    0x30, 0x7, 0xf6, 0x66, 0x13, 0x33, 0x33, 0x20,
    0x4f, 0xfe, 0xb6, 0x8f, 0xff, 0xff, 0x90, 0x5,
    0x10, 0x0, 0x8b, 0x0, 0xa, 0x90, 0x13, 0x69,
    0xba, 0x8b, 0x0, 0xa, 0x90, 0x6f, 0xd9, 0x62,
    0x8f, 0xee, 0xef, 0x90, 0x0, 0x0, 0x0, 0x8c,
    0x44, 0x4b, 0x90,

    /* U+7F18 "缘" */
    0x0, 0x9, 0x10, 0x3b, 0x0, 0x0, 0x0, 0x0,
    0x6e, 0x0, 0x7f, 0xee, 0xfc, 0x0, 0x0, 0xc7,
    0x0, 0xb8, 0x11, 0x99, 0x0, 0x4, 0xe0, 0x70,
    0xef, 0xff, 0xf6, 0x0, 0xd, 0x65, 0xd3, 0x22,
    0x22, 0xe6, 0x20, 0x5f, 0xff, 0x3c, 0xde, 0xfe,
    0xdd, 0xd4, 0x2, 0x89, 0x1, 0x8e, 0xc0, 0x3,
    0x60, 0x4, 0xf6, 0x7c, 0x94, 0xf7, 0x9e, 0x70,
    0x2f, 0xfb, 0x60, 0x6d, 0x9f, 0x9e, 0x0, 0x4,
    0x0, 0x58, 0x91, 0x8f, 0x4e, 0x20, 0x3, 0x9f,
    0xb0, 0x4c, 0xad, 0x69, 0xb0, 0x4f, 0x92, 0xb,
    0xd6, 0x2e, 0x41, 0xe2, 0x0, 0x0, 0x1, 0x8,
    0xfa, 0x0, 0x10, 0x0, 0x0, 0x0, 0x0, 0x0,
    0x0, 0x0,

    /* U+7FFB "翻" */
    0x0, 0x12, 0x47, 0x30, 0x0, 0x0, 0x0, 0xd,
    0xde, 0xd9, 0x4b, 0xff, 0xcf, 0xf2, 0x5, 0x77,
    0xa8, 0x70, 0xf, 0x21, 0xe2, 0x5, 0xc9, 0xbe,
    0x45, 0x1e, 0x62, 0xe2, 0x1b, 0xcf, 0xfc, 0xb8,
    0x6e, 0x88, 0xe2, 0x0, 0x9f, 0xec, 0x23, 0xce,
    0x3c, 0xe2, 0x1b, 0xc7, 0xa6, 0xd0, 0x4e, 0x13,
    0xe2, 0x1e, 0x47, 0x93, 0x40, 0x5f, 0x15, 0xf2,
    0xa, 0xdd, 0xed, 0xc5, 0xef, 0x6d, 0xf2, 0xa,
    0x9a, 0xb9, 0xca, 0x2e, 0x81, 0xe2, 0xa, 0x88,
    0xa7, 0xc0, 0xe, 0x10, 0xe2, 0xa, 0xee, 0xee,
    0xc0, 0x2f, 0x22, 0xf2, 0xa, 0x62, 0x24, 0xa1,
    0xeb, 0x3f, 0xc0,

    /* U+8003 "考" */
    0x0, 0x0, 0x4, 0xf0, 0x0, 0x1, 0x0, 0x0,
    0x11, 0x16, 0xf1, 0x11, 0x2f, 0x30, 0x0, 0xbf,
    0xff, 0xff, 0xfe, 0xd6, 0x0, 0x0, 0x0, 0x4,
    0xf0, 0x4e, 0x60, 0x0, 0xe, 0xff, 0xff, 0xff,
    0xff, 0xff, 0xf1, 0x2, 0x22, 0x26, 0xfe, 0x32,
    0x22, 0x20, 0x0, 0x1, 0xaf, 0xe4, 0x22, 0x22,
    0x0, 0x1, 0x8f, 0xff, 0xdd, 0xdd, 0xda, 0x0,
    0x2f, 0xd6, 0xac, 0x11, 0x11, 0x10, 0x0, 0x3,
    0x1, 0xef, 0xff, 0xff, 0xf2, 0x0, 0x0, 0x0,
    0x0, 0x0, 0x6, 0xf0, 0x0, 0x0, 0x0, 0x0,
    0x32, 0x2c, 0xa0, 0x0, 0x0, 0x0, 0x0, 0xdf,
    0xfd, 0x20, 0x0, 0x0, 0x0, 0x0, 0x0, 0x0,
    0x0, 0x0,

    /* U+8017 "耗" */
    0x0, 0xf, 0x20, 0x0, 0x0, 0x5a, 0x0, 0x2,
    0x2f, 0x42, 0x0, 0x5c, 0xfb, 0x10, 0x3f, 0xff,
    0xfd, 0x8e, 0xff, 0x30, 0x0, 0x0, 0xf, 0x20,
    0x33, 0x5e, 0x0, 0x0, 0xd, 0xff, 0xfb, 0x2,
    0x8f, 0x9c, 0x90, 0x1, 0x1f, 0x30, 0x8d, 0xdf,
    0x75, 0x20, 0x7e, 0xef, 0xee, 0x10, 0x5e, 0x0,
    0x0, 0x13, 0xbf, 0xb3, 0x24, 0x9f, 0xbe, 0xf2,
    0x3, 0xff, 0xf5, 0xef, 0xef, 0x85, 0x30, 0x1e,
    0x9f, 0x7e, 0x20, 0x5e, 0x0, 0x0, 0x8d, 0x1f,
    0x23, 0x0, 0x5e, 0x0, 0xc3, 0x12, 0xf, 0x20,
    0x0, 0x4f, 0x22, 0xe3, 0x0, 0xf, 0x20, 0x0,
    0x1d, 0xff, 0xc0,

    /* U+81F3 "至" */
    0xd, 0xff, 0xff, 0xff, 0xff, 0xff, 0xc0, 0x2,
    0x33, 0xde, 0x33, 0x36, 0x33, 0x20, 0x0, 0x8,
    0xf2, 0x0, 0x7f, 0x50, 0x0, 0x0, 0x8f, 0x62,
    0x23, 0x4b, 0xf7, 0x0, 0x2, 0xff, 0xff, 0xfe,
    0xed, 0xcf, 0x60, 0x0, 0x42, 0x10, 0x55, 0x0,
    0x7, 0x30, 0x0, 0x11, 0x11, 0xba, 0x11, 0x11,
    0x0, 0x0, 0xff, 0xff, 0xff, 0xff, 0xff, 0x0,
    0x0, 0x11, 0x11, 0xba, 0x11, 0x11, 0x0, 0x0,
    0x0, 0x0, 0xba, 0x0, 0x0, 0x0, 0x16, 0x66,
    0x66, 0xdc, 0x66, 0x66, 0x61, 0x2d, 0xdd, 0xdd,
    0xdd, 0xdd, 0xdd, 0xd3,

    /* U+81F4 "致" */
    0x0, 0x0, 0x0, 0x0, 0x87, 0x0, 0x0, 0x4f,
    0xff, 0xff, 0xf0, 0xd8, 0x0, 0x0, 0x2, 0xda,
    0x34, 0x21, 0xf7, 0x22, 0x21, 0x3, 0xf2, 0x7b,
    0x6, 0xff, 0xff, 0xf5, 0x1d, 0xc7, 0x9f, 0x5c,
    0xd0, 0xf, 0x50, 0x1f, 0xdb, 0xab, 0xdf, 0xf1,
    0x2f, 0x20, 0x0, 0x9, 0x60, 0xbb, 0xe6, 0x5f,
    0x0, 0x3, 0x3d, 0xa3, 0x52, 0x9b, 0xaa, 0x0,
    0xe, 0xef, 0xfe, 0xb0, 0x3f, 0xf4, 0x0, 0x0,
    0xc, 0x80, 0x0, 0xe, 0xe0, 0x0, 0x0, 0xc,
    0xa6, 0x90, 0x7f, 0xf6, 0x0, 0x4d, 0xff, 0xfd,
    0xba, 0xf7, 0x7f, 0x80, 0x28, 0x52, 0x0, 0x8e,
    0x50, 0x7, 0xf4, 0x0, 0x0, 0x0, 0x1, 0x0,
    0x0, 0x10,

    /* U+826E "艮" */
    0x6f, 0xff, 0xff, 0xff, 0xfe, 0x0, 0x6, 0xf3,
    0x33, 0x33, 0x39, 0xe0, 0x0, 0x6f, 0x44, 0x44,
    0x44, 0x9e, 0x0, 0x6, 0xfc, 0xcc, 0xcc, 0xce,
    0xe0, 0x0, 0x6e, 0x0, 0x0, 0x0, 0x7e, 0x0,
    0x6, 0xff, 0xff, 0xff, 0xff, 0xe0, 0x0, 0x6f,
    0x34, 0xfb, 0x33, 0x38, 0x20, 0x6, 0xe0, 0x6,
    0xf5, 0x9, 0xf6, 0x0, 0x6e, 0x0, 0xa, 0xfe,
    0xb2, 0x0, 0x6, 0xe0, 0x3, 0x19, 0xfa, 0x20,
    0x0, 0x8f, 0xcf, 0xf4, 0x5, 0xef, 0xb6, 0xc,
    0xd8, 0x40, 0x0, 0x0, 0x6c, 0x80, 0x0, 0x0,
    0x0, 0x0, 0x0, 0x0, 0x0,

    /* U+8282 "节" */
    0x0, 0x1, 0xf4, 0x0, 0x3f, 0x10, 0x0, 0x18,
    0x88, 0xfa, 0x88, 0xaf, 0x98, 0x81, 0x2b, 0xbc,
    0xfc, 0xbb, 0xcf, 0xcb, 0xb2, 0x0, 0x1, 0xf4,
    0x0, 0x3f, 0x10, 0x0, 0x0, 0x0, 0x30, 0x0,
    0x3, 0x0, 0x0, 0x9, 0xff, 0xff, 0xff, 0xff,
    0xfe, 0x0, 0x2, 0x44, 0x5f, 0x74, 0x44, 0x9f,
    0x0, 0x0, 0x0, 0x1f, 0x40, 0x0, 0x6f, 0x0,
    0x0, 0x0, 0x1f, 0x40, 0x0, 0x6f, 0x0, 0x0,
    0x0, 0x1f, 0x40, 0x10, 0x7f, 0x0, 0x0, 0x0,
    0x1f, 0x40, 0xbf, 0xfb, 0x0, 0x0, 0x0, 0x1f,
    0x40, 0x24, 0x30, 0x0, 0x0, 0x0, 0x1f, 0x40,
    0x0, 0x0, 0x0,

    /* U+8303 "范" */
    0x0, 0x2, 0xf2, 0x0, 0x2f, 0x20, 0x0, 0x2d,
    0xde, 0xfe, 0xdd, 0xef, 0xed, 0xd2, 0x5, 0x57,
    0xf7, 0x55, 0x7f, 0x65, 0x51, 0x0, 0x11, 0x81,
    0x0, 0x18, 0x10, 0x0, 0x2, 0xf8, 0x1, 0x66,
    0x66, 0x66, 0x10, 0x0, 0x4e, 0x94, 0xfd, 0xdd,
    0xdf, 0x30, 0x3, 0x1, 0x24, 0xf1, 0x0, 0x1f,
    0x30, 0xb, 0xe7, 0x4, 0xf1, 0x0, 0x1f, 0x30,
    0x0, 0x36, 0x34, 0xf1, 0x2f, 0xff, 0x10, 0x0,
    0x7, 0xf4, 0xf1, 0x3, 0x31, 0x0, 0x0, 0x5f,
    0x44, 0xf1, 0x0, 0x0, 0xd4, 0x5, 0xf6, 0x3,
    0xf6, 0x33, 0x36, 0xf3, 0x9, 0x90, 0x0, 0xbf,
    0xff, 0xff, 0xa0, 0x0, 0x0, 0x0, 0x0, 0x0,
    0x0, 0x0,

    /* U+840C "萌" */
    0x0, 0x2, 0xf1, 0x0, 0x2f, 0x10, 0x0, 0x1e,
    0xee, 0xfe, 0xee, 0xef, 0xee, 0xe1, 0x4, 0x46,
    0xf5, 0x44, 0x6f, 0x54, 0x40, 0x0, 0x1, 0x50,
    0x2, 0x38, 0x32, 0x10, 0x9, 0xff, 0xfc, 0xe,
    0xff, 0xff, 0x90, 0x9, 0xa2, 0x7d, 0xe, 0x50,
    0xa, 0x90, 0x9, 0xa1, 0x7d, 0xe, 0x95, 0x5c,
    0x90, 0x9, 0xff, 0xfd, 0xe, 0xdb, 0xbe, 0x90,
    0x9, 0x90, 0x5d, 0xf, 0x73, 0x3c, 0x90, 0x9,
    0xff, 0xfd, 0x3f, 0xcc, 0xce, 0x90, 0x9, 0xa2,
    0x22, 0xab, 0x0, 0xa, 0x90, 0x0, 0x0, 0x7,
    0xf3, 0x2, 0x3c, 0x90, 0x0, 0x0, 0xc, 0x40,
    0x7, 0xfe, 0x40, 0x0, 0x0, 0x0, 0x0, 0x0,
    0x0, 0x0,

    /* U+843D "落" */
    0x0, 0x1, 0xf3, 0x0, 0x4f, 0x0, 0x0, 0x1f,
    0xff, 0xff, 0xff, 0xff, 0xff, 0xf1, 0x1, 0x12,
    0xf4, 0x14, 0x6f, 0x11, 0x10, 0x3, 0xd4, 0x10,
    0x7f, 0x32, 0x0, 0x0, 0x0, 0x8f, 0x53, 0xff,
    0xee, 0xff, 0x40, 0x0, 0x3, 0x4f, 0xec, 0x12,
    0xda, 0x0, 0x2e, 0x80, 0x98, 0xa, 0xef, 0x90,
    0x0, 0x4, 0xe7, 0x2, 0x7e, 0xdd, 0xfa, 0x40,
    0x0, 0x10, 0xaf, 0xd6, 0x11, 0x5c, 0xf5, 0x0,
    0x1d, 0x49, 0xff, 0xff, 0xff, 0x20, 0x0, 0xcb,
    0x8, 0xb0, 0x0, 0x3f, 0x10, 0xc, 0xd1, 0x8,
    0xeb, 0xbb, 0xcf, 0x10, 0x7, 0x20, 0x8, 0xc4,
    0x44, 0x6f, 0x10,

    /* U+84C4 "蓄" */
    0x0, 0x0, 0xf4, 0x0, 0x4f, 0x0, 0x0, 0x1f,
    0xff, 0xff, 0xff, 0xff, 0xff, 0xf2, 0x0, 0x1,
    0xd3, 0x85, 0x3d, 0x10, 0x0, 0x4, 0x44, 0x44,
    0xcc, 0x44, 0x44, 0x40, 0xc, 0xcc, 0xef, 0xec,
    0xcd, 0xcc, 0xc1, 0x0, 0x6b, 0xfc, 0x88, 0xca,
    0x0, 0x0, 0x0, 0x58, 0xbf, 0xd7, 0x24, 0xd3,
    0x0, 0x3, 0xef, 0xff, 0xee, 0xed, 0xde, 0x40,
    0x0, 0x98, 0x77, 0x66, 0x66, 0x6b, 0x30, 0x0,
    0xfa, 0x66, 0xcc, 0x66, 0xaf, 0x0, 0x0, 0xfd,
    0xcc, 0xee, 0xcc, 0xdf, 0x0, 0x0, 0xf6, 0x0,
    0xaa, 0x0, 0x6f, 0x0, 0x0, 0xfe, 0xee, 0xee,
    0xee, 0xef, 0x0,

    /* U+864E "虎" */
    0x0, 0x0, 0x0, 0xf3, 0x0, 0x0, 0x0, 0x0,
    0x0, 0x0, 0xff, 0xff, 0xfb, 0x0, 0x0, 0x0,
    0x0, 0xf4, 0x11, 0x10, 0x0, 0x2, 0xff, 0xff,
    0xff, 0xff, 0xff, 0xc0, 0x2, 0xf3, 0x15, 0xe1,
    0x11, 0x1b, 0x80, 0x2, 0xf3, 0x6a, 0xfb, 0xdf,
    0x74, 0x20, 0x2, 0xf5, 0x9a, 0xf4, 0x21, 0x9,
    0x0, 0x3, 0xf1, 0x2, 0xfd, 0xcc, 0xde, 0x0,
    0x4, 0xf0, 0x1, 0x36, 0x66, 0x41, 0x0, 0x6,
    0xe0, 0xe, 0xfe, 0xfe, 0x0, 0x0, 0x9, 0xb0,
    0xf, 0x30, 0x4e, 0x0, 0x71, 0x1e, 0x70, 0x8e,
    0x0, 0x4f, 0x0, 0xd3, 0x4e, 0x1d, 0xe4, 0x0,
    0x1e, 0xff, 0xd0, 0x1, 0x2, 0x0, 0x0, 0x0,
    0x0, 0x0,

    /* U+86C7 "蛇" */
    0x0, 0x0, 0x0, 0x0, 0x0, 0x0, 0x0, 0x0,
    0x1f, 0x10, 0x0, 0x1f, 0x20, 0x0, 0x0, 0x1f,
    0x10, 0x0, 0xc, 0x90, 0x0, 0x1, 0x3f, 0x21,
    0x6a, 0xad, 0xda, 0xa3, 0xf, 0xff, 0xff, 0x9d,
    0x77, 0x77, 0xf4, 0xf, 0xf, 0xf, 0x8a, 0x20,
    0x0, 0xd4, 0xf, 0xf, 0xf, 0x4, 0xe0, 0x0,
    0x0, 0xf, 0x2f, 0x2f, 0x4, 0xe0, 0x3d, 0x80,
    0xf, 0xff, 0xff, 0x4, 0xfa, 0xe7, 0x0, 0xa,
    0x1f, 0x12, 0x4, 0xf9, 0x10, 0x0, 0x0, 0x1f,
    0x3e, 0x4, 0xe0, 0x0, 0x0, 0x0, 0x4f, 0x8f,
    0x44, 0xe0, 0x0, 0xa6, 0x5f, 0xfe, 0xbc, 0x84,
    0xf2, 0x12, 0xd5, 0x13, 0x0, 0x3, 0x30, 0xdf,
    0xff, 0xc0,

    /* U+87A3 "螣" */
    0x0, 0x0, 0x0, 0x20, 0x46, 0x3, 0x0, 0xd,
    0xff, 0xe4, 0xe0, 0xaa, 0x4e, 0x0, 0xd, 0x66,
    0xe1, 0xa4, 0xd8, 0x67, 0x10, 0xd, 0x33, 0xe7,
    0xff, 0xff, 0xff, 0xb0, 0xd, 0xdd, 0xe0, 0x8,
    0xe0, 0x0, 0x0, 0xd, 0x77, 0xed, 0xff, 0xff,
    0xff, 0xf1, 0xe, 0x33, 0xe1, 0xcb, 0x24, 0x4e,
    0x20, 0xe, 0xee, 0xeb, 0xfc, 0xcf, 0xbf, 0xd2,
    0xf, 0x57, 0xeb, 0xf4, 0x5e, 0x2f, 0xa0, 0xf,
    0x3, 0xe0, 0xe4, 0x5e, 0x2f, 0x10, 0x3e, 0x3,
    0xe0, 0xab, 0xcf, 0xce, 0x10, 0x7a, 0x16, 0xe0,
    0x11, 0x5e, 0x6f, 0x30, 0x96, 0x6f, 0x97, 0xfe,
    0xdc, 0xbb, 0xc0, 0x0, 0x0, 0x0, 0x0, 0x0,
    0x0, 0x0,

    /* U+884C "行" */
    0x0, 0x9, 0x50, 0x0, 0x0, 0x0, 0x0, 0x0,
    0x8f, 0x30, 0xff, 0xff, 0xff, 0xb0, 0x9, 0xf4,
    0x0, 0x33, 0x33, 0x33, 0x20, 0x4e, 0x32, 0xa1,
    0x0, 0x0, 0x0, 0x0, 0x1, 0xd, 0xc1, 0x11,
    0x11, 0x11, 0x10, 0x0, 0x9f, 0x3a, 0xff, 0xff,
    0xff, 0xf1, 0xa, 0xff, 0x1, 0x22, 0x25, 0xf3,
    0x20, 0x6f, 0xbf, 0x0, 0x0, 0x3, 0xf1, 0x0,
    0x3, 0x5f, 0x0, 0x0, 0x3, 0xf1, 0x0, 0x0,
    0x5f, 0x0, 0x0, 0x3, 0xf1, 0x0, 0x0, 0x5f,
    0x0, 0x0, 0x3, 0xf1, 0x0, 0x0, 0x5f, 0x0,
    0x3, 0x69, 0xf0, 0x0, 0x0, 0x5f, 0x0, 0x4,
    0xdc, 0x80, 0x0,

    /* U+8868 "表" */
    0x0, 0x0, 0x0, 0xa9, 0x0, 0x0, 0x0, 0x6,
    0xdd, 0xdd, 0xfe, 0xdd, 0xdd, 0x70, 0x2, 0x44,
    0x44, 0xcb, 0x44, 0x44, 0x20, 0x0, 0x34, 0x44,
    0xcb, 0x44, 0x44, 0x0, 0x0, 0x9b, 0xbb, 0xee,
    0xbb, 0xbb, 0x0, 0x2, 0x22, 0x22, 0xba, 0x22,
    0x22, 0x20, 0x1e, 0xee, 0xef, 0xff, 0xee, 0xee,
    0xe0, 0x0, 0x0, 0x9f, 0x5d, 0x70, 0x6, 0x20,
    0x0, 0x5d, 0xf3, 0x6, 0xf2, 0xae, 0x40, 0x3e,
    0xfd, 0xd0, 0x0, 0xcf, 0xb1, 0x0, 0x6, 0x17,
    0xd0, 0x4, 0x2e, 0xc2, 0x0, 0x0, 0x9, 0xfb,
    0xfe, 0x21, 0xcf, 0xa2, 0x0, 0xe, 0xe9, 0x30,
    0x0, 0x5, 0xb1, 0x0, 0x2, 0x0, 0x0, 0x0,
    0x0, 0x0,

    /* U+89E3 "解" */
    0x0, 0x48, 0x0, 0x0, 0x0, 0x0, 0x0, 0x0,
    0xac, 0x44, 0xa, 0xff, 0xff, 0xf3, 0x1, 0xfc,
    0xcf, 0x20, 0x3f, 0x21, 0xf2, 0xb, 0xe4, 0x9d,
    0x40, 0x8b, 0x2, 0xf1, 0x1f, 0xea, 0xea, 0xe8,
    0xf3, 0x9e, 0xc0, 0x4, 0xd1, 0xc2, 0xe4, 0x81,
    0x85, 0x0, 0x3, 0xfc, 0xfc, 0xe0, 0xf4, 0xe6,
    0x20, 0x4, 0xd5, 0xd5, 0xe4, 0xff, 0xff, 0xf3,
    0x5, 0xc1, 0xc2, 0xeb, 0x60, 0xe4, 0x0, 0x6,
    0xff, 0xff, 0xe4, 0x65, 0xf8, 0x53, 0x8, 0xa3,
    0xd3, 0xe7, 0xcc, 0xfd, 0xc7, 0xd, 0x51, 0xc3,
    0xe0, 0x0, 0xe4, 0x0, 0x1d, 0x0, 0x5f, 0xa0,
    0x0, 0xe4, 0x0, 0x0, 0x0, 0x0, 0x0, 0x0,
    0x0, 0x0,

    /* U+8BA4 "认" */
    0x0, 0x72, 0x0, 0x0, 0x6d, 0x0, 0x0, 0x0,
    0xbe, 0x20, 0x0, 0x7d, 0x0, 0x0, 0x0, 0xc,
    0xb0, 0x0, 0x7d, 0x0, 0x0, 0x0, 0x1, 0x10,
    0x0, 0x7c, 0x0, 0x0, 0x14, 0x44, 0x0, 0x0,
    0x9c, 0x0, 0x0, 0x5f, 0xff, 0x20, 0x0, 0xaf,
    0x0, 0x0, 0x0, 0x1f, 0x20, 0x0, 0xcf, 0x20,
    0x0, 0x0, 0x1f, 0x20, 0x0, 0xff, 0x70, 0x0,
    0x0, 0x1f, 0x20, 0x5, 0xf9, 0xc0, 0x0, 0x0,
    0x1f, 0x37, 0xb, 0xb1, 0xf4, 0x0, 0x0, 0x2f,
    0xfb, 0x3f, 0x50, 0xad, 0x0, 0x0, 0x8f, 0x72,
    0xeb, 0x0, 0x1e, 0xc0, 0x0, 0x63, 0x8, 0xd1,
    0x0, 0x3, 0xe4, 0x0, 0x0, 0x0, 0x0, 0x0,
    0x0, 0x0,

    /* U+8BBE "设" */
    0x0, 0x10, 0x0, 0x0, 0x0, 0x0, 0x0, 0x0,
    0xd9, 0x0, 0xf, 0xff, 0xf6, 0x0, 0x0, 0x2e,
    0x90, 0xf, 0x53, 0xe6, 0x0, 0x0, 0x2, 0x20,
    0x4f, 0x0, 0xd6, 0x0, 0x17, 0x76, 0x4, 0xe8,
    0x0, 0xbc, 0x92, 0x1a, 0xce, 0x9, 0x70, 0x0,
    0x26, 0x61, 0x0, 0x4e, 0x5, 0xee, 0xee, 0xee,
    0x50, 0x0, 0x4e, 0x2, 0xda, 0x55, 0x7f, 0x20,
    0x0, 0x4e, 0x0, 0x5e, 0x10, 0xba, 0x0, 0x0,
    0x4e, 0x68, 0xa, 0xd9, 0xd1, 0x0, 0x0, 0x6f,
    0xe4, 0x3, 0xff, 0x60, 0x0, 0x0, 0xcd, 0x26,
    0xbf, 0xa8, 0xfd, 0x81, 0x0, 0x40, 0xa, 0x82,
    0x0, 0x28, 0xc1,

    /* U+8BD5 "试" */
    0x0, 0x91, 0x0, 0x0, 0xa, 0xaa, 0x20, 0x0,
    0xcd, 0x0, 0x0, 0xa, 0xa7, 0xc0, 0x0, 0x1d,
    0x70, 0x0, 0x9, 0xb0, 0xa1, 0x0, 0x2, 0xf,
    0xff, 0xff, 0xff, 0xf6, 0x7, 0x76, 0x4, 0x44,
    0x4a, 0xd4, 0x41, 0x1b, 0xde, 0x0, 0x0, 0x7,
    0xd0, 0x0, 0x0, 0x5e, 0x9, 0xff, 0xf7, 0xe0,
    0x0, 0x0, 0x5e, 0x2, 0x7e, 0x35, 0xf0, 0x0,
    0x0, 0x5e, 0x0, 0x4e, 0x2, 0xf2, 0x0, 0x0,
    0x5e, 0x12, 0x4e, 0x1, 0xf4, 0x52, 0x0, 0x6f,
    0xe8, 0x8f, 0xe8, 0xc9, 0x97, 0x0, 0xcf, 0x6b,
    0xe9, 0x40, 0x7f, 0xe4, 0x0, 0x62, 0x1, 0x0,
    0x0, 0xc, 0xc0, 0x0, 0x0, 0x0, 0x0, 0x0,
    0x0, 0x0,

    /* U+8BDD "话" */
    0x0, 0x10, 0x0, 0x0, 0x0, 0x26, 0x10, 0x3,
    0xf5, 0x5, 0x9b, 0xdf, 0xfc, 0x50, 0x0, 0x6f,
    0x36, 0x97, 0xae, 0x0, 0x0, 0x0, 0x5, 0x0,
    0x0, 0x6d, 0x0, 0x0, 0x4, 0x44, 0x5, 0x55,
    0xae, 0x55, 0x52, 0x2f, 0xfd, 0xc, 0xdd, 0xef,
    0xdd, 0xd5, 0x0, 0x5d, 0x0, 0x0, 0x6d, 0x0,
    0x0, 0x0, 0x5d, 0x0, 0x22, 0x8e, 0x22, 0x10,
    0x0, 0x5d, 0x2, 0xff, 0xff, 0xff, 0xb0, 0x0,
    0x5e, 0x86, 0xf3, 0x0, 0xa, 0xb0, 0x0, 0x7f,
    0xd4, 0xf2, 0x0, 0xa, 0xb0, 0x0, 0xeb, 0x2,
    0xfd, 0xdd, 0xdf, 0xb0, 0x0, 0x40, 0x2, 0xf7,
    0x55, 0x5b, 0xa0,

    /* U+8C03 "调" */
    0x0, 0x10, 0x0, 0x0, 0x0, 0x0, 0x0, 0x2,
    0xf6, 0x3, 0xff, 0xff, 0xff, 0xf1, 0x0, 0x4f,
    0x53, 0xe1, 0x2b, 0x12, 0xf1, 0x0, 0x4, 0x3,
    0xe3, 0x9f, 0x82, 0xf1, 0x4, 0x44, 0x3, 0xe2,
    0x8f, 0x72, 0xf1, 0x2f, 0xfe, 0x3, 0xe3, 0x5e,
    0x43, 0xf1, 0x0, 0x5e, 0x4, 0xe5, 0x77, 0x74,
    0xf1, 0x0, 0x5e, 0x4, 0xc4, 0xbb, 0xb2, 0xf1,
    0x0, 0x5e, 0x5, 0xb6, 0xa3, 0xd2, 0xf1, 0x0,
    0x5e, 0x49, 0xa6, 0x80, 0xc2, 0xf1, 0x0, 0x6f,
    0xff, 0x66, 0xff, 0xf2, 0xf1, 0x0, 0xce, 0x8f,
    0x11, 0x20, 0x13, 0xf1, 0x0, 0x61, 0x69, 0x0,
    0x0, 0x7f, 0xb0, 0x0, 0x0, 0x0, 0x0, 0x0,
    0x0, 0x0,

    /* U+8C61 "象" */
    0x0, 0x0, 0xa7, 0x0, 0x0, 0x0, 0x0, 0x0,
    0xa, 0xfe, 0xdd, 0xc1, 0x0, 0x0, 0x1, 0xbe,
    0x32, 0x2d, 0xb0, 0x0, 0x0, 0x2e, 0xff, 0xee,
    0xff, 0xfe, 0xed, 0x0, 0x4, 0xe5, 0x1, 0xc9,
    0x0, 0x6e, 0x0, 0x0, 0xee, 0xde, 0xfd, 0xdd,
    0xee, 0x0, 0x0, 0x6c, 0xff, 0x92, 0x11, 0x68,
    0x0, 0x1e, 0xd6, 0x19, 0xf8, 0x1a, 0xf7, 0x0,
    0x2, 0x17, 0xea, 0x5f, 0xfe, 0x80, 0x0, 0x8,
    0xfa, 0x34, 0xde, 0xb4, 0xf2, 0x0, 0x1, 0x26,
    0xcc, 0x37, 0xd0, 0xae, 0x40, 0xa, 0xfb, 0x62,
    0x3d, 0xb0, 0xa, 0xf2, 0x2, 0x10, 0x1f, 0xfc,
    0x10, 0x0, 0x30, 0x0, 0x0, 0x0, 0x0, 0x0,
    0x0, 0x0,

    /* U+8D22 "财" */
    0x0, 0x0, 0x0, 0x0, 0x0, 0x6e, 0x0, 0xe,
    0xff, 0xff, 0x0, 0x0, 0x6e, 0x0, 0xe, 0x24,
    0x2f, 0x0, 0x0, 0x6e, 0x0, 0xe, 0x1f, 0x3f,
    0x7f, 0xff, 0xff, 0xf6, 0xe, 0x1f, 0x3f, 0x13,
    0x34, 0xff, 0x31, 0xe, 0x1f, 0x3f, 0x0, 0x8,
    0xfe, 0x0, 0xe, 0x1f, 0x3f, 0x0, 0x1f, 0xee,
    0x0, 0xe, 0x2f, 0x2f, 0x0, 0x9d, 0x7e, 0x0,
    0xe, 0x4f, 0x1f, 0x5, 0xf4, 0x6e, 0x0, 0x9,
    0x7b, 0x28, 0x4f, 0x80, 0x6e, 0x0, 0x0, 0xd8,
    0xe3, 0xaa, 0x0, 0x6e, 0x0, 0xb, 0xc0, 0x6e,
    0x10, 0x14, 0x9e, 0x0, 0x4b, 0x0, 0x6, 0x0,
    0x2f, 0xe7, 0x0, 0x0, 0x0, 0x0, 0x0, 0x0,
    0x0, 0x0,

    /* U+8D39 "费" */
    0x0, 0x0, 0xf, 0x20, 0xe4, 0x0, 0x0, 0x5,
    0xee, 0xef, 0xee, 0xfe, 0xef, 0x40, 0x0, 0x45,
    0x5f, 0x65, 0xf8, 0x5f, 0x40, 0x0, 0xf9, 0x9f,
    0x98, 0xfa, 0x88, 0x20, 0x3, 0xfa, 0xbf, 0xba,
    0xfc, 0xaa, 0xa1, 0x1, 0x39, 0xf8, 0x33, 0xf7,
    0x59, 0xf0, 0x9, 0xef, 0x70, 0x0, 0x93, 0x3a,
    0x50, 0x6, 0xaf, 0xff, 0xff, 0xff, 0xf8, 0x0,
    0x0, 0x5e, 0x11, 0x46, 0x11, 0xc8, 0x0, 0x0,
    0x5e, 0x0, 0xc9, 0x0, 0xb8, 0x0, 0x0, 0x4c,
    0x9, 0xe5, 0xa5, 0xa6, 0x0, 0x4, 0x6a, 0xfc,
    0x22, 0x7c, 0xfc, 0x60, 0xd, 0xb8, 0x30, 0x0,
    0x0, 0x17, 0xc0,

    /* U+8D77 "起" */
    0x0, 0xa, 0x80, 0x0, 0x0, 0x0, 0x0, 0x2,
    0x3c, 0xa3, 0x28, 0xff, 0xff, 0x50, 0xe, 0xff,
    0xff, 0xa1, 0x22, 0x2e, 0x50, 0x0, 0xa, 0x80,
    0x0, 0x0, 0xe, 0x50, 0x15, 0x5c, 0xb5, 0x51,
    0x33, 0x3f, 0x50, 0x3c, 0xce, 0xfc, 0xc7, 0xfe,
    0xee, 0x40, 0x2, 0x16, 0xc0, 0x6, 0xc0, 0x0,
    0x0, 0xb, 0x86, 0xe7, 0x66, 0xc0, 0x1, 0x80,
    0xc, 0x86, 0xe9, 0x86, 0xd0, 0x4, 0xf0, 0xd,
    0xd6, 0xc0, 0x3, 0xff, 0xff, 0xa0, 0xe, 0xfe,
    0xc0, 0x0, 0x12, 0x22, 0x0, 0x2f, 0x3f, 0xe7,
    0x54, 0x33, 0x33, 0x41, 0x7b, 0x1, 0x9d, 0xff,
    0xff, 0xff, 0xf1, 0x3, 0x0, 0x0, 0x0, 0x0,
    0x0, 0x0,

    /* U+8D85 "超" */
    0x0, 0xa, 0x80, 0x0, 0x0, 0x0, 0x0, 0x2,
    0x2b, 0x92, 0x3f, 0xff, 0xff, 0xf3, 0xc, 0xff,
    0xff, 0xa1, 0x7d, 0x13, 0xf2, 0x0, 0xa, 0x80,
    0x0, 0xc7, 0x3, 0xf0, 0x8, 0x8d, 0xc8, 0x8a,
    0xd1, 0x9c, 0xd0, 0x8, 0x8b, 0xe8, 0x89, 0x10,
    0x55, 0x10, 0x5, 0x56, 0xb0, 0xa, 0xff, 0xff,
    0xe0, 0x9, 0x96, 0xeb, 0x8a, 0xa1, 0x17, 0xe0,
    0xa, 0xa6, 0xd5, 0x4a, 0x90, 0x5, 0xe0, 0xb,
    0xf8, 0xb0, 0xa, 0xec, 0xcd, 0xe0, 0xc, 0xdf,
    0xb0, 0x2, 0x44, 0x44, 0x30, 0xf, 0x3d, 0xf9,
    0x54, 0x33, 0x33, 0x43, 0x4e, 0x0, 0x7c, 0xef,
    0xff, 0xff, 0xf7, 0x2, 0x0, 0x0, 0x0, 0x0,
    0x0, 0x0,

    /* U+8DB3 "足" */
    0x0, 0xdf, 0xff, 0xff, 0xff, 0xfe, 0x0, 0x0,
    0xd9, 0x33, 0x33, 0x33, 0x9e, 0x0, 0x0, 0xd6,
    0x0, 0x0, 0x0, 0x7e, 0x0, 0x0, 0xd9, 0x44,
    0x44, 0x44, 0x9e, 0x0, 0x0, 0xdf, 0xff, 0xff,
    0xff, 0xfe, 0x0, 0x0, 0x1, 0x0, 0xe6, 0x0,
    0x0, 0x0, 0x0, 0x5f, 0x10, 0xe9, 0x44, 0x44,
    0x0, 0x0, 0x8e, 0x0, 0xef, 0xff, 0xff, 0x0,
    0x0, 0xcf, 0x50, 0xe6, 0x0, 0x0, 0x0, 0x3,
    0xf8, 0xe4, 0xe6, 0x0, 0x0, 0x0, 0x1d, 0xa0,
    0x7f, 0xfa, 0x54, 0x34, 0x40, 0x4d, 0x10, 0x2,
    0x9d, 0xef, 0xff, 0xd0, 0x0, 0x0, 0x0, 0x0,
    0x0, 0x0, 0x0,

    /* U+8F9B "辛" */
    0x0, 0x0, 0x0, 0xa3, 0x0, 0x0, 0x0, 0x0,
    0x0, 0x0, 0xbb, 0x0, 0x0, 0x0, 0x3, 0xff,
    0xff, 0xff, 0xff, 0xff, 0x60, 0x0, 0x26, 0xc2,
    0x22, 0x2c, 0x82, 0x0, 0x0, 0x3, 0xf3, 0x0,
    0x1f, 0x40, 0x0, 0x4, 0x44, 0xe9, 0x44, 0x8f,
    0x44, 0x40, 0x2f, 0xff, 0xff, 0xff, 0xff, 0xff,
    0xf3, 0x0, 0x0, 0x0, 0xba, 0x0, 0x0, 0x0,
    0x2, 0x44, 0x44, 0xcb, 0x44, 0x44, 0x20, 0x8,
    0xff, 0xff, 0xff, 0xff, 0xff, 0x90, 0x0, 0x0,
    0x0, 0xba, 0x0, 0x0, 0x0, 0x0, 0x0, 0x0,
    0xba, 0x0, 0x0, 0x0, 0x0, 0x0, 0x0, 0xba,
    0x0, 0x0, 0x0,

    /* U+8F9E "辞" */
    0x0, 0x0, 0x0, 0x0, 0x0, 0x0, 0x0, 0x0,
    0x15, 0xa6, 0x0, 0x2c, 0x0, 0x0, 0x6e, 0xff,
    0x94, 0x23, 0x4d, 0x83, 0x30, 0x12, 0x5f, 0x0,
    0x8e, 0xee, 0xee, 0xe0, 0x0, 0x4f, 0x0, 0xa,
    0x50, 0x1f, 0x20, 0x8f, 0xff, 0xff, 0x17, 0xa0,
    0x6d, 0x0, 0x24, 0x7f, 0x44, 0x57, 0xb5, 0xcb,
    0x51, 0x0, 0x4f, 0x0, 0xef, 0xff, 0xff, 0xf4,
    0x3, 0x7f, 0x32, 0x11, 0x1f, 0x61, 0x10, 0x1f,
    0xff, 0xfb, 0x1, 0x1f, 0x61, 0x10, 0x1f, 0x0,
    0x7b, 0xaf, 0xff, 0xff, 0xf0, 0x1f, 0x21, 0x8b,
    0x0, 0xf, 0x40, 0x0, 0x1f, 0xff, 0xfb, 0x0,
    0xf, 0x40, 0x0, 0x1f, 0x10, 0x58, 0x0, 0xf,
    0x40, 0x0, 0x0, 0x0, 0x0, 0x0, 0x2, 0x0,
    0x0,

    /* U+8FB0 "辰" */
    0x2, 0xff, 0xff, 0xff, 0xff, 0xff, 0xe0, 0x2,
    0xf7, 0x44, 0x44, 0x44, 0x44, 0x40, 0x2, 0xf3,
    0x45, 0x55, 0x55, 0x55, 0x0, 0x2, 0xf3, 0x9d,
    0xdd, 0xdd, 0xdd, 0x10, 0x2, 0xf4, 0x11, 0x11,
    0x11, 0x11, 0x10, 0x3, 0xff, 0xff, 0xff, 0xff,
    0xff, 0xf4, 0x4, 0xf3, 0x7e, 0x18, 0xd2, 0x18,
    0x50, 0x5, 0xf0, 0x6e, 0x1, 0xf5, 0x8f, 0x50,
    0x8, 0xd0, 0x6e, 0x0, 0x8f, 0xd2, 0x0, 0xb,
    0xa0, 0x6e, 0x2, 0x3c, 0xe3, 0x0, 0x1f, 0x40,
    0xaf, 0xef, 0x80, 0xbf, 0xb2, 0x4e, 0x0, 0xcb,
    0x61, 0x0, 0x4, 0xa0, 0x0, 0x0, 0x0, 0x0,
    0x0, 0x0, 0x0,

    /* U+8FC1 "迁" */
    0x0, 0x0, 0x0, 0x0, 0x0, 0x25, 0x0, 0xa,
    0xb0, 0x5, 0x79, 0xbf, 0xfb, 0x20, 0x1, 0xdb,
    0xb, 0xa8, 0xf7, 0x0, 0x0, 0x0, 0x28, 0x0,
    0x0, 0xe5, 0x0, 0x0, 0x0, 0x0, 0x0, 0x0,
    0xe5, 0x0, 0x0, 0x3, 0x33, 0x6d, 0xdd, 0xfe,
    0xdd, 0xd3, 0x2f, 0xfe, 0x25, 0x55, 0xf9, 0x55,
    0x51, 0x0, 0x5e, 0x0, 0x0, 0xe5, 0x0, 0x0,
    0x0, 0x5e, 0x0, 0x0, 0xe5, 0x0, 0x0, 0x0,
    0x5e, 0x0, 0x0, 0xe5, 0x0, 0x0, 0x0, 0x9f,
    0x20, 0x0, 0xe5, 0x0, 0x0, 0xc, 0xc8, 0xea,
    0x54, 0x75, 0x45, 0x72, 0x1c, 0x10, 0x28, 0xce,
    0xee, 0xed, 0xd2, 0x0, 0x0, 0x0, 0x0, 0x0,
    0x0, 0x0,

    /* U+8FD0 "运" */
    0x0, 0x0, 0x0, 0x0, 0x0, 0x0, 0x0, 0x8,
    0xc2, 0x3, 0xff, 0xff, 0xff, 0xc0, 0x1, 0xbf,
    0x30, 0x33, 0x33, 0x33, 0x20, 0x0, 0x5, 0x0,
    0x0, 0x0, 0x0, 0x0, 0x0, 0x0, 0x3d, 0xdd,
    0xdd, 0xdd, 0xda, 0x2f, 0xfe, 0x15, 0x5c, 0xf6,
    0x66, 0x54, 0x3, 0x8e, 0x0, 0x1f, 0x70, 0xb7,
    0x0, 0x0, 0x5e, 0x0, 0x8d, 0x0, 0x5f, 0x10,
    0x0, 0x5e, 0x3, 0xf8, 0x46, 0x7f, 0xa0, 0x0,
    0x5e, 0x9, 0xff, 0xed, 0xba, 0xf3, 0x0, 0x8f,
    0x31, 0x20, 0x0, 0x0, 0x61, 0xb, 0xf9, 0xfb,
    0x64, 0x34, 0x45, 0x67, 0xd, 0x40, 0x18, 0xdf,
    0xff, 0xff, 0xfa, 0x0, 0x0, 0x0, 0x0, 0x0,
    0x0, 0x0,

    /* U+8FD1 "近" */
    0x1, 0x30, 0x0, 0x1, 0x24, 0x69, 0x60, 0x6,
    0xf3, 0x2, 0xff, 0xfd, 0xc8, 0x50, 0x0, 0x8e,
    0x12, 0xf3, 0x0, 0x0, 0x0, 0x0, 0x5, 0x2,
    0xf2, 0x0, 0x0, 0x0, 0x0, 0x0, 0x2, 0xfe,
    0xdd, 0xdd, 0xd5, 0x1f, 0xfe, 0x3, 0xf5, 0x48,
    0xf4, 0x41, 0x5, 0x9e, 0x4, 0xf0, 0x5, 0xf0,
    0x0, 0x0, 0x5e, 0x7, 0xd0, 0x5, 0xf0, 0x0,
    0x0, 0x5e, 0xb, 0xa0, 0x5, 0xf0, 0x0, 0x0,
    0x5e, 0x2f, 0x30, 0x5, 0xf0, 0x0, 0x1, 0xcf,
    0x58, 0x0, 0x4, 0xc0, 0x0, 0xd, 0xa3, 0xdb,
    0x54, 0x33, 0x46, 0x96, 0x1d, 0x0, 0x17, 0xdf,
    0xff, 0xff, 0xe4, 0x0, 0x0, 0x0, 0x0, 0x0,
    0x0, 0x0,

    /* U+9000 "退" */
    0x0, 0x0, 0x0, 0x0, 0x0, 0x0, 0x0, 0x7,
    0xb1, 0x6, 0xff, 0xff, 0xff, 0x20, 0x1, 0xcc,
    0x6, 0xe1, 0x11, 0x3f, 0x20, 0x0, 0x18, 0x6,
    0xff, 0xff, 0xff, 0x20, 0x0, 0x0, 0x6, 0xe0,
    0x0, 0x2f, 0x20, 0x1f, 0xfe, 0x6, 0xff, 0xff,
    0xff, 0x20, 0x3, 0x8e, 0x6, 0xe0, 0x63, 0x8,
    0xd0, 0x0, 0x5e, 0x6, 0xe0, 0x6f, 0xdc, 0x20,
    0x0, 0x5e, 0x6, 0xe2, 0x54, 0xe9, 0x0, 0x0,
    0x5e, 0xc, 0xff, 0xb1, 0x2e, 0x90, 0x0, 0xaf,
    0x45, 0x40, 0x0, 0x2, 0x30, 0xa, 0xd5, 0xdb,
    0x52, 0x12, 0x24, 0x86, 0x1d, 0x10, 0x7, 0xdf,
    0xff, 0xff, 0xf5, 0x0, 0x0, 0x0, 0x0, 0x0,
    0x0, 0x0,

    /* U+9009 "选" */
    0x2, 0x20, 0x0, 0x63, 0x5e, 0x0, 0x0, 0xa,
    0xe3, 0x0, 0xf6, 0x5e, 0x0, 0x0, 0x0, 0xbe,
    0x6, 0xff, 0xff, 0xff, 0xf0, 0x0, 0x16, 0x1f,
    0x82, 0x7e, 0x22, 0x20, 0x0, 0x0, 0x6, 0x0,
    0x5e, 0x0, 0x0, 0x3, 0x33, 0x3c, 0xcc, 0xef,
    0xcc, 0xc7, 0xf, 0xfe, 0x15, 0x5f, 0xa8, 0xf5,
    0x53, 0x0, 0x5e, 0x0, 0x1f, 0x44, 0xf0, 0x0,
    0x0, 0x5e, 0x0, 0x9e, 0x4, 0xf0, 0x55, 0x0,
    0x5e, 0x19, 0xf4, 0x4, 0xf4, 0xb9, 0x0, 0x5e,
    0x5d, 0x40, 0x1, 0xde, 0xe3, 0x4, 0xed, 0xea,
    0x53, 0x22, 0x23, 0x43, 0xd, 0x80, 0x19, 0xdf,
    0xff, 0xff, 0xf7, 0x1, 0x0, 0x0, 0x0, 0x0,
    0x0, 0x0,

    /* U+9149 "酉" */
    0x1f, 0xff, 0xff, 0xff, 0xff, 0xff, 0xf2, 0x3,
    0x33, 0x5f, 0x56, 0xf5, 0x33, 0x30, 0x0, 0x0,
    0x3f, 0x23, 0xf2, 0x0, 0x0, 0x6, 0xff, 0xff,
    0xff, 0xff, 0xff, 0x60, 0x6, 0xd1, 0x5f, 0x24,
    0xf2, 0x1d, 0x60, 0x6, 0xc0, 0xad, 0x2, 0xf1,
    0xd, 0x60, 0x6, 0xec, 0xf3, 0x0, 0xef, 0xff,
    0x60, 0x6, 0xd7, 0x10, 0x0, 0x12, 0x2d, 0x60,
    0x6, 0xff, 0xff, 0xff, 0xff, 0xff, 0x60, 0x6,
    0xc0, 0x0, 0x0, 0x0, 0xd, 0x60, 0x6, 0xff,
    0xff, 0xff, 0xff, 0xff, 0x60, 0x6, 0xd2, 0x22,
    0x22, 0x22, 0x2d, 0x60,

    /* U+91D1 "金" */
    0x0, 0x0, 0x0, 0x0, 0x0, 0x0, 0x0, 0x0,
    0x0, 0x0, 0x9c, 0x0, 0x0, 0x0, 0x0, 0x0,
    0x8, 0xff, 0x60, 0x0, 0x0, 0x0, 0x1, 0xbf,
    0x44, 0xea, 0x10, 0x0, 0x1, 0x8f, 0xd2, 0x0,
    0x1c, 0xf9, 0x20, 0x4f, 0xfe, 0xed, 0xdd, 0xdd,
    0xde, 0xf4, 0x5, 0x3, 0x55, 0xdc, 0x55, 0x30,
    0x40, 0x0, 0x0, 0x0, 0xba, 0x0, 0x0, 0x0,
    0x5, 0xff, 0xff, 0xff, 0xff, 0xff, 0x50, 0x1,
    0x4a, 0x33, 0xcb, 0x34, 0xa4, 0x10, 0x0, 0xe,
    0x60, 0xba, 0x6, 0xf1, 0x0, 0x0, 0x8, 0xd0,
    0xba, 0xd, 0x70, 0x0, 0x2, 0x24, 0xa3, 0xcb,
    0x4b, 0x32, 0x20, 0xf, 0xff, 0xff, 0xff, 0xff,
    0xff, 0xf0,

    /* U+9519 "错" */
    0x0, 0xb5, 0x0, 0x4, 0xe0, 0xd5, 0x0, 0x3,
    0xf8, 0x64, 0x27, 0xe3, 0xe7, 0x30, 0xd, 0xed,
    0xd8, 0xae, 0xfe, 0xfe, 0xc0, 0x5e, 0x10, 0x0,
    0x4, 0xe0, 0xd5, 0x0, 0x9, 0xff, 0xf7, 0x79,
    0xf7, 0xea, 0x71, 0x1, 0x6f, 0x32, 0xcc, 0xcc,
    0xcc, 0xc2, 0x0, 0x3e, 0x0, 0x1, 0x11, 0x11,
    0x0, 0x1e, 0xef, 0xea, 0x2f, 0xff, 0xff, 0x50,
    0x3, 0x6f, 0x32, 0x2f, 0x10, 0xe, 0x50, 0x0,
    0x3e, 0x0, 0x2f, 0xff, 0xff, 0x50, 0x0, 0x4f,
    0x98, 0x2f, 0x21, 0x1e, 0x50, 0x0, 0xaf, 0xb2,
    0x2f, 0xcb, 0xbf, 0x50, 0x0, 0x74, 0x0, 0x2f,
    0x54, 0x4d, 0x40,

    /* U+957F "长" */
    0x0, 0xa, 0xb0, 0x0, 0x0, 0x84, 0x0, 0x0,
    0xa, 0xb0, 0x0, 0x9, 0xf4, 0x0, 0x0, 0xa,
    0xb0, 0x3, 0xcf, 0x30, 0x0, 0x0, 0xa, 0xb1,
    0xaf, 0xc2, 0x0, 0x0, 0x0, 0xa, 0xb0, 0xb6,
    0x0, 0x0, 0x0, 0x5, 0x5c, 0xc5, 0x55, 0x55,
    0x55, 0x50, 0x2f, 0xff, 0xff, 0xff, 0xff, 0xff,
    0xf2, 0x0, 0xa, 0xb0, 0x1f, 0x50, 0x0, 0x0,
    0x0, 0xa, 0xb0, 0x8, 0xe1, 0x0, 0x0, 0x0,
    0xa, 0xb0, 0x0, 0xdd, 0x10, 0x0, 0x0, 0xa,
    0xb0, 0x36, 0x2e, 0xe5, 0x0, 0x0, 0xd, 0xff,
    0xfc, 0x1, 0xbf, 0xd3, 0x0, 0xd, 0x95, 0x10,
    0x0, 0x4, 0x80, 0x0, 0x0, 0x0, 0x0, 0x0,
    0x0, 0x0,

    /* U+963B "阻" */
    0x0, 0x0, 0x0, 0x0, 0x0, 0x0, 0xe, 0xff,
    0xf4, 0xbd, 0xdd, 0xdd, 0x20, 0xe6, 0x4f, 0x1d,
    0x95, 0x57, 0xf2, 0xe, 0x47, 0x90, 0xd5, 0x0,
    0x1f, 0x20, 0xe4, 0xd3, 0xd, 0xed, 0xdd, 0xf2,
    0xe, 0x48, 0xa0, 0xd9, 0x55, 0x6f, 0x20, 0xe4,
    0xf, 0x1d, 0x50, 0x1, 0xf2, 0xe, 0x40, 0xe4,
    0xd7, 0x22, 0x4f, 0x20, 0xe5, 0x5f, 0x3d, 0xff,
    0xff, 0xf2, 0xe, 0x5d, 0x90, 0xd6, 0x0, 0x2f,
    0x20, 0xe4, 0x0, 0xd, 0x50, 0x1, 0xf2, 0xe,
    0x40, 0x25, 0xe9, 0x55, 0x6f, 0x71, 0xe4, 0x5,
    0xdd, 0xdd, 0xdd, 0xdd, 0x40,

    /* U+9648 "陈" */
    0x0, 0x0, 0x0, 0x49, 0x0, 0x0, 0xe, 0xff,
    0xe1, 0xa, 0xc0, 0x0, 0x0, 0xe6, 0x7e, 0xcf,
    0xff, 0xff, 0xff, 0x2e, 0x4a, 0x82, 0x6f, 0x43,
    0x33, 0x30, 0xe4, 0xe2, 0x9, 0xb4, 0xc0, 0x0,
    0xe, 0x4d, 0x51, 0xf4, 0x5e, 0x0, 0x0, 0xe4,
    0x5d, 0x7f, 0xff, 0xfe, 0xeb, 0xe, 0x42, 0xf2,
    0x44, 0x8f, 0x33, 0x20, 0xe5, 0x7f, 0x4, 0x15,
    0xe0, 0x60, 0xe, 0x6e, 0x72, 0xf4, 0x5e, 0xd,
    0x60, 0xe4, 0x0, 0xbb, 0x5, 0xe0, 0x5e, 0xe,
    0x40, 0x3e, 0x14, 0x8e, 0x0, 0xd4, 0xe4, 0x0,
    0x10, 0xae, 0x70, 0x0, 0x0,

    /* U+96BE "难" */
    0x0, 0x0, 0x0, 0x4, 0x63, 0x50, 0x0, 0x2,
    0x22, 0x21, 0xb, 0xa6, 0xe0, 0x0, 0x2f, 0xff,
    0xfa, 0x1f, 0x74, 0xe5, 0x30, 0x1, 0x0, 0xc7,
    0x8f, 0xff, 0xff, 0xf3, 0x1f, 0x20, 0xf7, 0xfd,
    0x3, 0xe0, 0x0, 0x9, 0xc4, 0xfc, 0xfe, 0x57,
    0xf5, 0x40, 0x0, 0xde, 0xb6, 0x8f, 0xde, 0xfd,
    0xc0, 0x0, 0x3f, 0x80, 0x5d, 0x3, 0xe0, 0x0,
    0x0, 0x8f, 0xe1, 0x5f, 0xff, 0xff, 0xd0, 0x2,
    0xf5, 0xd9, 0x5d, 0x36, 0xf3, 0x20, 0x2e, 0xa0,
    0x45, 0x5d, 0x4, 0xe0, 0x0, 0x3b, 0x0, 0x0,
    0x5f, 0xff, 0xff, 0xf5, 0x0, 0x0, 0x0, 0x5d,
    0x22, 0x22, 0x20,

    /* U+96C0 "雀" */
    0x0, 0x2, 0x20, 0xe5, 0x2, 0x30, 0x0, 0x0,
    0xd, 0xa0, 0xe5, 0x7, 0xf5, 0x0, 0x0, 0x9f,
    0x10, 0xe5, 0x6e, 0x9f, 0x50, 0x6, 0xf4, 0x0,
    0xed, 0xf5, 0x8, 0xa0, 0x0, 0x30, 0x3a, 0xfd,
    0x40, 0x0, 0x0, 0x15, 0x9d, 0xfc, 0x49, 0xd1,
    0x0, 0x0, 0x3f, 0xcf, 0xff, 0xff, 0xff, 0xff,
    0xa0, 0x0, 0xe, 0x50, 0x5, 0xe0, 0x0, 0x0,
    0x0, 0xe, 0xed, 0xde, 0xfd, 0xdd, 0x10, 0x0,
    0xe, 0x60, 0x6, 0xf0, 0x0, 0x0, 0x0, 0xe,
    0xed, 0xde, 0xfd, 0xdd, 0x10, 0x0, 0xe, 0x72,
    0x27, 0xf2, 0x22, 0x20, 0x0, 0xe, 0xed, 0xdd,
    0xdd, 0xdd, 0xa0,

    /* U+9707 "震" */
    0x1, 0xff, 0xff, 0xff, 0xff, 0xff, 0x0, 0x6,
    0x66, 0x66, 0xcc, 0x66, 0x66, 0x60, 0xe, 0x86,
    0x66, 0xcb, 0x66, 0x69, 0xe0, 0xa, 0x5a, 0xa7,
    0xa9, 0x8a, 0xa5, 0xa0, 0x0, 0x7d, 0xda, 0xa9,
    0xbd, 0xd7, 0x0, 0x1, 0xee, 0xee, 0xff, 0xee,
    0xee, 0xa0, 0x1, 0xf3, 0x77, 0x77, 0x77, 0x76,
    0x0, 0x2, 0xf3, 0x77, 0x77, 0x77, 0x77, 0x0,
    0x4, 0xfe, 0xee, 0xee, 0xee, 0xee, 0xe3, 0x7,
    0xc0, 0xf4, 0x6, 0xe4, 0x7d, 0x10, 0xe, 0x74,
    0xf7, 0x79, 0x7e, 0xf8, 0x51, 0x4d, 0x8, 0xeb,
    0x96, 0x0, 0x59, 0xc1, 0x0, 0x0, 0x0, 0x0,
    0x0, 0x0, 0x0,

    /* U+9752 "青" */
    0x0, 0x0, 0x0, 0xb9, 0x0, 0x0, 0x0, 0x4,
    0xff, 0xff, 0xff, 0xff, 0xff, 0x60, 0x0, 0x0,
    0x0, 0xb9, 0x0, 0x0, 0x0, 0x0, 0xbf, 0xff,
    0xff, 0xff, 0xfc, 0x0, 0x4, 0x44, 0x44, 0xcb,
    0x44, 0x44, 0x40, 0x19, 0x99, 0x99, 0x99, 0x99,
    0x99, 0x91, 0x0, 0x3c, 0xcc, 0xcc, 0xcc, 0xc4,
    0x0, 0x0, 0x3f, 0x43, 0x33, 0x33, 0xf5, 0x0,
    0x0, 0x3f, 0xee, 0xee, 0xee, 0xf5, 0x0, 0x0,
    0x3f, 0x21, 0x11, 0x11, 0xf5, 0x0, 0x0, 0x3f,
    0xed, 0xdd, 0xdd, 0xf5, 0x0, 0x0, 0x3f, 0x0,
    0x0, 0x11, 0xf5, 0x0, 0x0, 0x3f, 0x0, 0x0,
    0xde, 0xc1, 0x0,

    /* U+9759 "静" */
    0x0, 0x0, 0x0, 0x0, 0x0, 0x0, 0x0, 0x0,
    0xc, 0x60, 0x0, 0x97, 0x0, 0x0, 0x5, 0x5d,
    0x95, 0x31, 0xf9, 0x32, 0x0, 0x9, 0x9e, 0xc9,
    0x69, 0xfc, 0xee, 0x10, 0x9, 0xcf, 0xdc, 0xaf,
    0x51, 0xe6, 0x0, 0x14, 0x4d, 0x94, 0x4c, 0xff,
    0xff, 0xe0, 0x29, 0x99, 0x99, 0x80, 0xf, 0x43,
    0xe0, 0x8, 0xdd, 0xdd, 0x8e, 0xef, 0xee, 0xfa,
    0x9, 0x91, 0x1e, 0x52, 0x2f, 0x65, 0xe2, 0x9,
    0xff, 0xff, 0x42, 0x4f, 0x76, 0xe0, 0x9, 0x80,
    0xe, 0x49, 0xef, 0xff, 0xe0, 0x9, 0xfe, 0xef,
    0x40, 0xf, 0x31, 0x60, 0x9, 0x80, 0x1e, 0x41,
    0x3f, 0x30, 0x0, 0x9, 0x81, 0xfd, 0x14, 0xfc,
    0x10, 0x0,

    /* U+97F3 "音" */
    0x0, 0x0, 0x0, 0x74, 0x0, 0x0, 0x0, 0x2,
    0x55, 0x55, 0xcd, 0x55, 0x55, 0x20, 0x5, 0xdd,
    0xed, 0xdd, 0xde, 0xdd, 0x70, 0x0, 0x6, 0xe0,
    0x0, 0xe, 0x90, 0x0, 0x3, 0x34, 0xf7, 0x33,
    0x7f, 0x53, 0x30, 0x2f, 0xff, 0xff, 0xff, 0xff,
    0xff, 0xf3, 0x0, 0x1, 0x11, 0x11, 0x11, 0x10,
    0x0, 0x0, 0x5f, 0xff, 0xff, 0xff, 0xf8, 0x0,
    0x0, 0x5e, 0x0, 0x0, 0x0, 0xd8, 0x0, 0x0,
    0x5f, 0xff, 0xff, 0xff, 0xf8, 0x0, 0x0, 0x5f,
    0x0, 0x0, 0x0, 0xd8, 0x0, 0x0, 0x5f, 0x44,
    0x44, 0x44, 0xe8, 0x0, 0x0, 0x5f, 0xcc, 0xcc,
    0xcc, 0xf7, 0x0,

    /* U+9875 "页" */
    0xe, 0xff, 0xff, 0xff, 0xff, 0xff, 0xf0, 0x3,
    0x33, 0x34, 0xf7, 0x33, 0x33, 0x30, 0x0, 0x23,
    0x37, 0xf4, 0x33, 0x33, 0x0, 0x0, 0xaf, 0xff,
    0xff, 0xff, 0xfd, 0x0, 0x0, 0xaa, 0x0, 0x33,
    0x0, 0x8d, 0x0, 0x0, 0xaa, 0x0, 0x9b, 0x0,
    0x8d, 0x0, 0x0, 0xaa, 0x0, 0x9b, 0x0, 0x8d,
    0x0, 0x0, 0xaa, 0x0, 0xaa, 0x0, 0x8d, 0x0,
    0x0, 0xaa, 0x1, 0xe7, 0x20, 0x8d, 0x0, 0x0,
    0x22, 0x1c, 0xe3, 0xfb, 0x52, 0x0, 0x0, 0x4a,
    0xfc, 0x20, 0x18, 0xfc, 0x30, 0x1e, 0xea, 0x40,
    0x0, 0x0, 0x1a, 0xc0, 0x1, 0x0, 0x0, 0x0,
    0x0, 0x0, 0x0,

    /* U+987A "顺" */
    0x0, 0x0, 0x0, 0x0, 0x0, 0x0, 0x0, 0xd,
    0x33, 0x1f, 0x6f, 0xff, 0xff, 0xf6, 0xd, 0x3e,
    0x1f, 0x11, 0x3f, 0x41, 0x10, 0xd, 0x3e, 0x1f,
    0x1a, 0xbf, 0xaa, 0x90, 0xd, 0x3e, 0x1f, 0x1f,
    0x97, 0x7a, 0xe0, 0xd, 0x3e, 0x1f, 0x1f, 0x28,
    0x24, 0xe0, 0xd, 0x3e, 0x1f, 0x1f, 0x2e, 0x44,
    0xe0, 0xe, 0x3e, 0x1f, 0x1f, 0x2e, 0x44, 0xe0,
    0xf, 0x2e, 0x1f, 0x1f, 0x2f, 0x34, 0xe0, 0xf,
    0x1e, 0x1f, 0x1d, 0x4f, 0x23, 0xc0, 0x2f, 0xe,
    0x1f, 0x10, 0x8e, 0xe3, 0x0, 0x6d, 0x2, 0xf,
    0x16, 0xf2, 0x6f, 0x50, 0x88, 0x0, 0xe, 0x9e,
    0x40, 0x5, 0xf2, 0x1, 0x0, 0x0, 0x11, 0x0,
    0x0, 0x10,

    /* U+9996 "首" */
    0x0, 0x7, 0x80, 0x0, 0x8, 0x90, 0x0, 0x0,
    0x3, 0xf4, 0x0, 0x3f, 0x50, 0x0, 0x3f, 0xff,
    0xff, 0xff, 0xff, 0xff, 0xf3, 0x3, 0x33, 0x33,
    0xec, 0x33, 0x33, 0x30, 0x0, 0x35, 0x55, 0xfa,
    0x55, 0x53, 0x0, 0x0, 0xbe, 0xcc, 0xcc, 0xcc,
    0xeb, 0x0, 0x0, 0xb9, 0x0, 0x0, 0x0, 0xab,
    0x0, 0x0, 0xbf, 0xff, 0xff, 0xff, 0xfb, 0x0,
    0x0, 0xb9, 0x0, 0x0, 0x0, 0xab, 0x0, 0x0,
    0xbf, 0xff, 0xff, 0xff, 0xfb, 0x0, 0x0, 0xb9,
    0x0, 0x0, 0x0, 0xab, 0x0, 0x0, 0xbf, 0xff,
    0xff, 0xff, 0xfb, 0x0, 0x0, 0xba, 0x22, 0x22,
    0x22, 0xbb, 0x0,

    /* U+9B3C "鬼" */
    0x0, 0x0, 0x0, 0x82, 0x0, 0x0, 0x0, 0x0,
    0x23, 0x37, 0xf5, 0x33, 0x31, 0x0, 0x0, 0xee,
    0xee, 0xff, 0xee, 0xf7, 0x0, 0x0, 0xe6, 0x0,
    0xc8, 0x0, 0xe7, 0x0, 0x0, 0xef, 0xff, 0xff,
    0xff, 0xf7, 0x0, 0x0, 0xe6, 0x0, 0xe7, 0x0,
    0xe7, 0x0, 0x0, 0xee, 0xdd, 0xfe, 0xdd, 0xf7,
    0x0, 0x0, 0x34, 0x4a, 0xf4, 0x46, 0x41, 0x0,
    0x0, 0x0, 0xe, 0xfd, 0xd, 0x41, 0x0, 0x0,
    0x0, 0xaf, 0x7e, 0x4c, 0x69, 0x0, 0x0, 0xa,
    0xf6, 0x4e, 0xae, 0xbd, 0x40, 0x4, 0xdf, 0x60,
    0x4f, 0x31, 0x14, 0xf1, 0x1e, 0xb2, 0x0, 0x1d,
    0xff, 0xff, 0xa0, 0x0, 0x0, 0x0, 0x0, 0x0,
    0x0, 0x0,

    /* U+9ED8 "默" */
    0x0, 0x0, 0x0, 0x0, 0x4, 0xc0, 0x0, 0xb,
    0xff, 0xfe, 0xd0, 0x4, 0xd9, 0x0, 0xb, 0x85,
    0x78, 0xd0, 0x4, 0xc9, 0xa0, 0xb, 0xa8, 0xaa,
    0xd0, 0x4, 0xc0, 0xa0, 0xb, 0x57, 0xa4, 0xd7,
    0xac, 0xea, 0xa4, 0xa, 0xef, 0xfe, 0xc6, 0x8b,
    0xe8, 0x84, 0x1, 0x18, 0xa1, 0x10, 0x8, 0xf1,
    0x0, 0xb, 0xef, 0xfe, 0xb0, 0xb, 0xf5, 0x0,
    0x1, 0x29, 0xb4, 0x50, 0xf, 0xca, 0x0, 0x1f,
    0xfe, 0xdc, 0xb0, 0x5e, 0x2e, 0x0, 0x5, 0x45,
    0x63, 0x60, 0xd8, 0xc, 0x70, 0xe, 0x3b, 0x94,
    0xc8, 0xe1, 0x4, 0xf3, 0x4b, 0xc, 0x43, 0x2f,
    0x30, 0x0, 0x89, 0x0, 0x0, 0x0, 0x1, 0x0,
    0x0, 0x0,

    /* U+9F99 "龙" */
    0x0, 0x0, 0x0, 0x0, 0x0, 0x0, 0x0, 0x0,
    0x0, 0x1f, 0x30, 0x36, 0x0, 0x0, 0x0, 0x0,
    0x2f, 0x30, 0x5f, 0x80, 0x0, 0x0, 0x0, 0x3f,
    0x20, 0x4, 0xf5, 0x0, 0x14, 0x44, 0x7f, 0x64,
    0x44, 0x75, 0x40, 0x3e, 0xee, 0xff, 0xef, 0xfe,
    0xee, 0xe2, 0x0, 0x0, 0x8d, 0xa, 0xa0, 0x4,
    0x0, 0x0, 0x0, 0xb9, 0xa, 0xa0, 0x5f, 0x30,
    0x0, 0x0, 0xf6, 0xa, 0xa1, 0xe7, 0x0, 0x0,
    0x6, 0xf1, 0xa, 0xbd, 0xc0, 0x0, 0x0, 0xd,
    0xa0, 0xa, 0xfc, 0x0, 0x0, 0x0, 0xaf, 0x20,
    0x6f, 0xd0, 0x0, 0x82, 0xa, 0xf6, 0x3d, 0xfe,
    0xc3, 0x23, 0xe5, 0x3e, 0x50, 0x1a, 0x25, 0xef,
    0xff, 0xc0, 0x0, 0x0, 0x0, 0x0, 0x0, 0x0,
    0x0,

    /* U+FF0C "，" */
    0x3, 0x6, 0xfb, 0x3d, 0xf0, 0x7c, 0x7e, 0x36,
    0x20
};


/*---------------------
 *  GLYPH DESCRIPTION
 *--------------------*/

static const lv_font_fmt_txt_glyph_dsc_t glyph_dsc[] = {
    {.bitmap_index = 0, .adv_w = 0, .box_w = 0, .box_h = 0, .ofs_x = 0, .ofs_y = 0} /* id = 0 reserved */,
    {.bitmap_index = 0, .adv_w = 50, .box_w = 0, .box_h = 0, .ofs_x = 0, .ofs_y = 0},
    {.bitmap_index = 0, .adv_w = 77, .box_w = 3, .box_h = 10, .ofs_x = 1, .ofs_y = 0},
    {.bitmap_index = 15, .adv_w = 116, .box_w = 5, .box_h = 5, .ofs_x = 1, .ofs_y = 6},
    {.bitmap_index = 28, .adv_w = 128, .box_w = 8, .box_h = 10, .ofs_x = 0, .ofs_y = 0},
    {.bitmap_index = 68, .adv_w = 210, .box_w = 13, .box_h = 10, .ofs_x = 0, .ofs_y = 0},
    {.bitmap_index = 133, .adv_w = 158, .box_w = 10, .box_h = 10, .ofs_x = 0, .ofs_y = 0},
    {.bitmap_index = 183, .adv_w = 67, .box_w = 2, .box_h = 5, .ofs_x = 1, .ofs_y = 6},
    {.bitmap_index = 188, .adv_w = 80, .box_w = 4, .box_h = 15, .ofs_x = 1, .ofs_y = -3},
    {.bitmap_index = 218, .adv_w = 80, .box_w = 4, .box_h = 15, .ofs_x = 0, .ofs_y = -3},
    {.bitmap_index = 248, .adv_w = 108, .box_w = 6, .box_h = 6, .ofs_x = 0, .ofs_y = 5},
    {.bitmap_index = 266, .adv_w = 128, .box_w = 8, .box_h = 8, .ofs_x = 0, .ofs_y = 2},
    {.bitmap_index = 298, .adv_w = 67, .box_w = 4, .box_h = 6, .ofs_x = 0, .ofs_y = -3},
    {.bitmap_index = 310, .adv_w = 80, .box_w = 5, .box_h = 3, .ofs_x = 0, .ofs_y = 3},
    {.bitmap_index = 318, .adv_w = 67, .box_w = 3, .box_h = 3, .ofs_x = 1, .ofs_y = 0},
    {.bitmap_index = 323, .adv_w = 87, .box_w = 6, .box_h = 14, .ofs_x = 0, .ofs_y = -3},
    {.bitmap_index = 365, .adv_w = 128, .box_w = 8, .box_h = 10, .ofs_x = 0, .ofs_y = 0},
    {.bitmap_index = 405, .adv_w = 128, .box_w = 7, .box_h = 10, .ofs_x = 1, .ofs_y = 0},
    {.bitmap_index = 440, .adv_w = 128, .box_w = 8, .box_h = 10, .ofs_x = 0, .ofs_y = 0},
    {.bitmap_index = 480, .adv_w = 128, .box_w = 8, .box_h = 10, .ofs_x = 0, .ofs_y = 0},
    {.bitmap_index = 520, .adv_w = 128, .box_w = 8, .box_h = 10, .ofs_x = 0, .ofs_y = 0},
    {.bitmap_index = 560, .adv_w = 128, .box_w = 8, .box_h = 10, .ofs_x = 0, .ofs_y = 0},
    {.bitmap_index = 600, .adv_w = 128, .box_w = 8, .box_h = 10, .ofs_x = 0, .ofs_y = 0},
    {.bitmap_index = 640, .adv_w = 128, .box_w = 8, .box_h = 10, .ofs_x = 0, .ofs_y = 0},
    {.bitmap_index = 680, .adv_w = 128, .box_w = 8, .box_h = 10, .ofs_x = 0, .ofs_y = 0},
    {.bitmap_index = 720, .adv_w = 128, .box_w = 8, .box_h = 10, .ofs_x = 0, .ofs_y = 0},
    {.bitmap_index = 760, .adv_w = 67, .box_w = 3, .box_h = 8, .ofs_x = 1, .ofs_y = 0},
    {.bitmap_index = 772, .adv_w = 67, .box_w = 4, .box_h = 11, .ofs_x = 0, .ofs_y = -3},
    {.bitmap_index = 794, .adv_w = 128, .box_w = 8, .box_h = 8, .ofs_x = 0, .ofs_y = 1},
    {.bitmap_index = 826, .adv_w = 128, .box_w = 8, .box_h = 6, .ofs_x = 0, .ofs_y = 2},
    {.bitmap_index = 850, .adv_w = 128, .box_w = 8, .box_h = 8, .ofs_x = 0, .ofs_y = 1},
    {.bitmap_index = 882, .adv_w = 110, .box_w = 7, .box_h = 10, .ofs_x = 0, .ofs_y = 0},
    {.bitmap_index = 917, .adv_w = 139, .box_w = 9, .box_h = 10, .ofs_x = 0, .ofs_y = 0},
    {.bitmap_index = 962, .adv_w = 149, .box_w = 8, .box_h = 10, .ofs_x = 1, .ofs_y = 0},
    {.bitmap_index = 1002, .adv_w = 145, .box_w = 9, .box_h = 10, .ofs_x = 0, .ofs_y = 0},
    {.bitmap_index = 1047, .adv_w = 157, .box_w = 8, .box_h = 10, .ofs_x = 1, .ofs_y = 0},
    {.bitmap_index = 1087, .adv_w = 134, .box_w = 7, .box_h = 10, .ofs_x = 1, .ofs_y = 0},
    {.bitmap_index = 1122, .adv_w = 127, .box_w = 7, .box_h = 10, .ofs_x = 1, .ofs_y = 0},
    {.bitmap_index = 1157, .adv_w = 157, .box_w = 9, .box_h = 10, .ofs_x = 0, .ofs_y = 0},
    {.bitmap_index = 1202, .adv_w = 166, .box_w = 9, .box_h = 10, .ofs_x = 1, .ofs_y = 0},
    {.bitmap_index = 1247, .adv_w = 69, .box_w = 2, .box_h = 10, .ofs_x = 1, .ofs_y = 0},
    {.bitmap_index = 1257, .adv_w = 123, .box_w = 7, .box_h = 10, .ofs_x = 0, .ofs_y = 0},
    {.bitmap_index = 1292, .adv_w = 149, .box_w = 9, .box_h = 10, .ofs_x = 1, .ofs_y = 0},
    {.bitmap_index = 1337, .adv_w = 125, .box_w = 7, .box_h = 10, .ofs_x = 1, .ofs_y = 0},
    {.bitmap_index = 1372, .adv_w = 186, .box_w = 10, .box_h = 10, .ofs_x = 1, .ofs_y = 0},
    {.bitmap_index = 1422, .adv_w = 164, .box_w = 8, .box_h = 10, .ofs_x = 1, .ofs_y = 0},
    {.bitmap_index = 1462, .adv_w = 169, .box_w = 10, .box_h = 10, .ofs_x = 0, .ofs_y = 0},
    {.bitmap_index = 1512, .adv_w = 145, .box_w = 8, .box_h = 10, .ofs_x = 1, .ofs_y = 0},
    {.bitmap_index = 1552, .adv_w = 169, .box_w = 11, .box_h = 14, .ofs_x = 0, .ofs_y = -4},
    {.bitmap_index = 1629, .adv_w = 147, .box_w = 8, .box_h = 10, .ofs_x = 1, .ofs_y = 0},
    {.bitmap_index = 1669, .adv_w = 136, .box_w = 8, .box_h = 10, .ofs_x = 0, .ofs_y = 0},
    {.bitmap_index = 1709, .adv_w = 137, .box_w = 9, .box_h = 10, .ofs_x = 0, .ofs_y = 0},
    {.bitmap_index = 1754, .adv_w = 164, .box_w = 8, .box_h = 10, .ofs_x = 1, .ofs_y = 0},
    {.bitmap_index = 1794, .adv_w = 133, .box_w = 10, .box_h = 10, .ofs_x = -1, .ofs_y = 0},
    {.bitmap_index = 1844, .adv_w = 200, .box_w = 13, .box_h = 10, .ofs_x = 0, .ofs_y = 0},
    {.bitmap_index = 1909, .adv_w = 134, .box_w = 9, .box_h = 10, .ofs_x = 0, .ofs_y = 0},
    {.bitmap_index = 1954, .adv_w = 124, .box_w = 9, .box_h = 10, .ofs_x = -1, .ofs_y = 0},
    {.bitmap_index = 1999, .adv_w = 136, .box_w = 8, .box_h = 10, .ofs_x = 0, .ofs_y = 0},
    {.bitmap_index = 2039, .adv_w = 80, .box_w = 4, .box_h = 14, .ofs_x = 1, .ofs_y = -3},
    {.bitmap_index = 2067, .adv_w = 87, .box_w = 6, .box_h = 14, .ofs_x = 0, .ofs_y = -3},
    {.bitmap_index = 2109, .adv_w = 80, .box_w = 4, .box_h = 14, .ofs_x = 0, .ofs_y = -3},
    {.bitmap_index = 2137, .adv_w = 126, .box_w = 8, .box_h = 2, .ofs_x = 0, .ofs_y = -3},
    {.bitmap_index = 2145, .adv_w = 129, .box_w = 7, .box_h = 8, .ofs_x = 0, .ofs_y = 0},
    {.bitmap_index = 2173, .adv_w = 141, .box_w = 8, .box_h = 11, .ofs_x = 1, .ofs_y = 0},
    {.bitmap_index = 2217, .adv_w = 116, .box_w = 7, .box_h = 8, .ofs_x = 0, .ofs_y = 0},
    {.bitmap_index = 2245, .adv_w = 141, .box_w = 8, .box_h = 11, .ofs_x = 0, .ofs_y = 0},
    {.bitmap_index = 2289, .adv_w = 127, .box_w = 8, .box_h = 8, .ofs_x = 0, .ofs_y = 0},
    {.bitmap_index = 2321, .adv_w = 77, .box_w = 6, .box_h = 11, .ofs_x = 0, .ofs_y = 0},
    {.bitmap_index = 2354, .adv_w = 129, .box_w = 8, .box_h = 11, .ofs_x = 0, .ofs_y = -3},
    {.bitmap_index = 2398, .adv_w = 139, .box_w = 7, .box_h = 11, .ofs_x = 1, .ofs_y = 0},
    {.bitmap_index = 2437, .adv_w = 64, .box_w = 3, .box_h = 11, .ofs_x = 1, .ofs_y = 0},
    {.bitmap_index = 2454, .adv_w = 65, .box_w = 5, .box_h = 14, .ofs_x = -1, .ofs_y = -3},
    {.bitmap_index = 2489, .adv_w = 129, .box_w = 7, .box_h = 11, .ofs_x = 1, .ofs_y = 0},
    {.bitmap_index = 2528, .adv_w = 67, .box_w = 3, .box_h = 11, .ofs_x = 1, .ofs_y = 0},
    {.bitmap_index = 2545, .adv_w = 211, .box_w = 12, .box_h = 8, .ofs_x = 1, .ofs_y = 0},
    {.bitmap_index = 2593, .adv_w = 140, .box_w = 7, .box_h = 8, .ofs_x = 1, .ofs_y = 0},
    {.bitmap_index = 2621, .adv_w = 138, .box_w = 8, .box_h = 8, .ofs_x = 0, .ofs_y = 0},
    {.bitmap_index = 2653, .adv_w = 141, .box_w = 8, .box_h = 11, .ofs_x = 1, .ofs_y = -3},
    {.bitmap_index = 2697, .adv_w = 141, .box_w = 8, .box_h = 11, .ofs_x = 0, .ofs_y = -3},
    {.bitmap_index = 2741, .adv_w = 92, .box_w = 5, .box_h = 8, .ofs_x = 1, .ofs_y = 0},
    {.bitmap_index = 2761, .adv_w = 108, .box_w = 7, .box_h = 8, .ofs_x = 0, .ofs_y = 0},
    {.bitmap_index = 2789, .adv_w = 89, .box_w = 6, .box_h = 10, .ofs_x = 0, .ofs_y = 0},
    {.bitmap_index = 2819, .adv_w = 139, .box_w = 7, .box_h = 8, .ofs_x = 1, .ofs_y = 0},
    {.bitmap_index = 2847, .adv_w = 122, .box_w = 8, .box_h = 8, .ofs_x = 0, .ofs_y = 0},
    {.bitmap_index = 2879, .adv_w = 185, .box_w = 12, .box_h = 8, .ofs_x = 0, .ofs_y = 0},
    {.bitmap_index = 2927, .adv_w = 118, .box_w = 8, .box_h = 8, .ofs_x = 0, .ofs_y = 0},
    {.bitmap_index = 2959, .adv_w = 122, .box_w = 8, .box_h = 11, .ofs_x = 0, .ofs_y = -3},
    {.bitmap_index = 3003, .adv_w = 110, .box_w = 7, .box_h = 8, .ofs_x = 0, .ofs_y = 0},
    {.bitmap_index = 3031, .adv_w = 80, .box_w = 5, .box_h = 14, .ofs_x = 0, .ofs_y = -3},
    {.bitmap_index = 3066, .adv_w = 63, .box_w = 2, .box_h = 16, .ofs_x = 1, .ofs_y = -4},
    {.bitmap_index = 3082, .adv_w = 80, .box_w = 5, .box_h = 14, .ofs_x = 0, .ofs_y = -3},
    {.bitmap_index = 3117, .adv_w = 129, .box_w = 4, .box_h = 3, .ofs_x = 2, .ofs_y = 4},
    {.bitmap_index = 3123, .adv_w = 224, .box_w = 12, .box_h = 3, .ofs_x = 1, .ofs_y = 4},
    {.bitmap_index = 3141, .adv_w = 224, .box_w = 14, .box_h = 3, .ofs_x = 0, .ofs_y = 4},
    {.bitmap_index = 3162, .adv_w = 224, .box_w = 14, .box_h = 12, .ofs_x = 0, .ofs_y = -1},
    {.bitmap_index = 3246, .adv_w = 224, .box_w = 13, .box_h = 12, .ofs_x = 0, .ofs_y = -1},
    {.bitmap_index = 3324, .adv_w = 224, .box_w = 14, .box_h = 13, .ofs_x = 0, .ofs_y = -1},
    {.bitmap_index = 3415, .adv_w = 224, .box_w = 14, .box_h = 12, .ofs_x = 0, .ofs_y = -1},
    {.bitmap_index = 3499, .adv_w = 224, .box_w = 14, .box_h = 12, .ofs_x = 0, .ofs_y = -1},
    {.bitmap_index = 3583, .adv_w = 224, .box_w = 13, .box_h = 14, .ofs_x = 0, .ofs_y = -2},
    {.bitmap_index = 3674, .adv_w = 224, .box_w = 14, .box_h = 12, .ofs_x = 0, .ofs_y = -1},
    {.bitmap_index = 3758, .adv_w = 224, .box_w = 14, .box_h = 14, .ofs_x = 0, .ofs_y = -1},
    {.bitmap_index = 3856, .adv_w = 224, .box_w = 13, .box_h = 12, .ofs_x = 0, .ofs_y = -1},
    {.bitmap_index = 3934, .adv_w = 224, .box_w = 14, .box_h = 14, .ofs_x = 0, .ofs_y = -1},
    {.bitmap_index = 4032, .adv_w = 224, .box_w = 12, .box_h = 13, .ofs_x = 1, .ofs_y = -1},
    {.bitmap_index = 4110, .adv_w = 224, .box_w = 13, .box_h = 14, .ofs_x = 0, .ofs_y = -2},
    {.bitmap_index = 4201, .adv_w = 224, .box_w = 14, .box_h = 14, .ofs_x = 0, .ofs_y = -2},
    {.bitmap_index = 4299, .adv_w = 224, .box_w = 14, .box_h = 14, .ofs_x = 0, .ofs_y = -2},
    {.bitmap_index = 4397, .adv_w = 224, .box_w = 13, .box_h = 12, .ofs_x = 1, .ofs_y = -1},
    {.bitmap_index = 4475, .adv_w = 224, .box_w = 14, .box_h = 14, .ofs_x = 0, .ofs_y = -2},
    {.bitmap_index = 4573, .adv_w = 224, .box_w = 14, .box_h = 13, .ofs_x = 0, .ofs_y = -1},
    {.bitmap_index = 4664, .adv_w = 224, .box_w = 14, .box_h = 13, .ofs_x = 0, .ofs_y = -1},
    {.bitmap_index = 4755, .adv_w = 224, .box_w = 14, .box_h = 10, .ofs_x = 0, .ofs_y = 0},
    {.bitmap_index = 4825, .adv_w = 224, .box_w = 14, .box_h = 12, .ofs_x = 0, .ofs_y = -1},
    {.bitmap_index = 4909, .adv_w = 224, .box_w = 14, .box_h = 13, .ofs_x = 0, .ofs_y = -1},
    {.bitmap_index = 5000, .adv_w = 224, .box_w = 14, .box_h = 14, .ofs_x = 0, .ofs_y = -2},
    {.bitmap_index = 5098, .adv_w = 224, .box_w = 14, .box_h = 14, .ofs_x = 0, .ofs_y = -2},
    {.bitmap_index = 5196, .adv_w = 224, .box_w = 14, .box_h = 13, .ofs_x = 0, .ofs_y = -1},
    {.bitmap_index = 5287, .adv_w = 224, .box_w = 14, .box_h = 14, .ofs_x = 0, .ofs_y = -2},
    {.bitmap_index = 5385, .adv_w = 224, .box_w = 14, .box_h = 15, .ofs_x = 0, .ofs_y = -2},
    {.bitmap_index = 5490, .adv_w = 224, .box_w = 14, .box_h = 13, .ofs_x = 0, .ofs_y = -1},
    {.bitmap_index = 5581, .adv_w = 224, .box_w = 14, .box_h = 14, .ofs_x = 0, .ofs_y = -1},
    {.bitmap_index = 5679, .adv_w = 224, .box_w = 13, .box_h = 13, .ofs_x = 0, .ofs_y = -1},
    {.bitmap_index = 5764, .adv_w = 224, .box_w = 14, .box_h = 14, .ofs_x = 0, .ofs_y = -2},
    {.bitmap_index = 5862, .adv_w = 224, .box_w = 14, .box_h = 13, .ofs_x = 0, .ofs_y = -2},
    {.bitmap_index = 5953, .adv_w = 224, .box_w = 14, .box_h = 14, .ofs_x = 0, .ofs_y = -2},
    {.bitmap_index = 6051, .adv_w = 224, .box_w = 14, .box_h = 14, .ofs_x = 0, .ofs_y = -2},
    {.bitmap_index = 6149, .adv_w = 224, .box_w = 14, .box_h = 13, .ofs_x = 0, .ofs_y = -1},
    {.bitmap_index = 6240, .adv_w = 224, .box_w = 14, .box_h = 14, .ofs_x = 0, .ofs_y = -2},
    {.bitmap_index = 6338, .adv_w = 224, .box_w = 14, .box_h = 14, .ofs_x = 0, .ofs_y = -2},
    {.bitmap_index = 6436, .adv_w = 224, .box_w = 12, .box_h = 13, .ofs_x = 1, .ofs_y = -1},
    {.bitmap_index = 6514, .adv_w = 224, .box_w = 14, .box_h = 13, .ofs_x = 0, .ofs_y = -2},
    {.bitmap_index = 6605, .adv_w = 224, .box_w = 12, .box_h = 13, .ofs_x = 1, .ofs_y = -1},
    {.bitmap_index = 6683, .adv_w = 224, .box_w = 13, .box_h = 13, .ofs_x = 0, .ofs_y = -1},
    {.bitmap_index = 6768, .adv_w = 224, .box_w = 14, .box_h = 14, .ofs_x = 0, .ofs_y = -2},
    {.bitmap_index = 6866, .adv_w = 224, .box_w = 14, .box_h = 15, .ofs_x = 0, .ofs_y = -2},
    {.bitmap_index = 6971, .adv_w = 224, .box_w = 13, .box_h = 14, .ofs_x = 0, .ofs_y = -2},
    {.bitmap_index = 7062, .adv_w = 224, .box_w = 14, .box_h = 14, .ofs_x = 0, .ofs_y = -2},
    {.bitmap_index = 7160, .adv_w = 224, .box_w = 14, .box_h = 14, .ofs_x = 0, .ofs_y = -2},
    {.bitmap_index = 7258, .adv_w = 224, .box_w = 13, .box_h = 14, .ofs_x = 0, .ofs_y = -2},
    {.bitmap_index = 7349, .adv_w = 224, .box_w = 14, .box_h = 14, .ofs_x = 0, .ofs_y = -2},
    {.bitmap_index = 7447, .adv_w = 224, .box_w = 13, .box_h = 14, .ofs_x = 0, .ofs_y = -2},
    {.bitmap_index = 7538, .adv_w = 224, .box_w = 14, .box_h = 13, .ofs_x = 0, .ofs_y = -1},
    {.bitmap_index = 7629, .adv_w = 224, .box_w = 8, .box_h = 13, .ofs_x = 5, .ofs_y = -1},
    {.bitmap_index = 7681, .adv_w = 224, .box_w = 11, .box_h = 13, .ofs_x = 2, .ofs_y = -1},
    {.bitmap_index = 7753, .adv_w = 224, .box_w = 14, .box_h = 13, .ofs_x = 0, .ofs_y = -1},
    {.bitmap_index = 7844, .adv_w = 224, .box_w = 12, .box_h = 14, .ofs_x = 1, .ofs_y = -2},
    {.bitmap_index = 7928, .adv_w = 224, .box_w = 13, .box_h = 12, .ofs_x = 0, .ofs_y = -1},
    {.bitmap_index = 8006, .adv_w = 224, .box_w = 14, .box_h = 13, .ofs_x = 0, .ofs_y = -2},
    {.bitmap_index = 8097, .adv_w = 224, .box_w = 14, .box_h = 14, .ofs_x = 0, .ofs_y = -2},
    {.bitmap_index = 8195, .adv_w = 224, .box_w = 14, .box_h = 13, .ofs_x = 0, .ofs_y = -1},
    {.bitmap_index = 8286, .adv_w = 224, .box_w = 14, .box_h = 12, .ofs_x = 0, .ofs_y = -1},
    {.bitmap_index = 8370, .adv_w = 224, .box_w = 13, .box_h = 13, .ofs_x = 0, .ofs_y = -2},
    {.bitmap_index = 8455, .adv_w = 224, .box_w = 13, .box_h = 13, .ofs_x = 0, .ofs_y = -1},
    {.bitmap_index = 8540, .adv_w = 224, .box_w = 12, .box_h = 12, .ofs_x = 1, .ofs_y = -1},
    {.bitmap_index = 8612, .adv_w = 224, .box_w = 12, .box_h = 12, .ofs_x = 1, .ofs_y = -1},
    {.bitmap_index = 8684, .adv_w = 224, .box_w = 12, .box_h = 12, .ofs_x = 1, .ofs_y = -1},
    {.bitmap_index = 8756, .adv_w = 224, .box_w = 12, .box_h = 12, .ofs_x = 1, .ofs_y = -1},
    {.bitmap_index = 8828, .adv_w = 224, .box_w = 14, .box_h = 13, .ofs_x = 0, .ofs_y = -1},
    {.bitmap_index = 8919, .adv_w = 224, .box_w = 14, .box_h = 13, .ofs_x = 0, .ofs_y = -1},
    {.bitmap_index = 9010, .adv_w = 224, .box_w = 14, .box_h = 15, .ofs_x = 0, .ofs_y = -2},
    {.bitmap_index = 9115, .adv_w = 224, .box_w = 13, .box_h = 14, .ofs_x = 0, .ofs_y = -1},
    {.bitmap_index = 9206, .adv_w = 224, .box_w = 14, .box_h = 13, .ofs_x = 0, .ofs_y = -1},
    {.bitmap_index = 9297, .adv_w = 224, .box_w = 14, .box_h = 14, .ofs_x = 0, .ofs_y = -1},
    {.bitmap_index = 9395, .adv_w = 224, .box_w = 14, .box_h = 14, .ofs_x = 0, .ofs_y = -2},
    {.bitmap_index = 9493, .adv_w = 224, .box_w = 14, .box_h = 14, .ofs_x = 0, .ofs_y = -2},
    {.bitmap_index = 9591, .adv_w = 224, .box_w = 13, .box_h = 14, .ofs_x = 0, .ofs_y = -1},
    {.bitmap_index = 9682, .adv_w = 224, .box_w = 14, .box_h = 14, .ofs_x = 0, .ofs_y = -2},
    {.bitmap_index = 9780, .adv_w = 224, .box_w = 14, .box_h = 13, .ofs_x = 0, .ofs_y = -1},
    {.bitmap_index = 9871, .adv_w = 224, .box_w = 14, .box_h = 13, .ofs_x = 0, .ofs_y = -1},
    {.bitmap_index = 9962, .adv_w = 224, .box_w = 14, .box_h = 13, .ofs_x = 0, .ofs_y = -1},
    {.bitmap_index = 10053, .adv_w = 224, .box_w = 14, .box_h = 14, .ofs_x = 0, .ofs_y = -2},
    {.bitmap_index = 10151, .adv_w = 224, .box_w = 12, .box_h = 13, .ofs_x = 1, .ofs_y = -1},
    {.bitmap_index = 10229, .adv_w = 224, .box_w = 13, .box_h = 13, .ofs_x = 1, .ofs_y = -1},
    {.bitmap_index = 10314, .adv_w = 224, .box_w = 12, .box_h = 13, .ofs_x = 1, .ofs_y = -1},
    {.bitmap_index = 10392, .adv_w = 224, .box_w = 14, .box_h = 13, .ofs_x = 0, .ofs_y = -1},
    {.bitmap_index = 10483, .adv_w = 224, .box_w = 14, .box_h = 14, .ofs_x = 0, .ofs_y = -2},
    {.bitmap_index = 10581, .adv_w = 224, .box_w = 13, .box_h = 15, .ofs_x = 0, .ofs_y = -2},
    {.bitmap_index = 10679, .adv_w = 224, .box_w = 14, .box_h = 14, .ofs_x = 0, .ofs_y = -1},
    {.bitmap_index = 10777, .adv_w = 224, .box_w = 13, .box_h = 13, .ofs_x = 0, .ofs_y = -2},
    {.bitmap_index = 10862, .adv_w = 224, .box_w = 14, .box_h = 13, .ofs_x = 0, .ofs_y = -2},
    {.bitmap_index = 10953, .adv_w = 224, .box_w = 14, .box_h = 13, .ofs_x = 0, .ofs_y = -2},
    {.bitmap_index = 11044, .adv_w = 224, .box_w = 13, .box_h = 12, .ofs_x = 1, .ofs_y = -1},
    {.bitmap_index = 11122, .adv_w = 224, .box_w = 13, .box_h = 12, .ofs_x = 1, .ofs_y = -1},
    {.bitmap_index = 11200, .adv_w = 224, .box_w = 13, .box_h = 12, .ofs_x = 1, .ofs_y = -1},
    {.bitmap_index = 11278, .adv_w = 224, .box_w = 14, .box_h = 13, .ofs_x = 0, .ofs_y = -1},
    {.bitmap_index = 11369, .adv_w = 224, .box_w = 14, .box_h = 12, .ofs_x = 0, .ofs_y = -1},
    {.bitmap_index = 11453, .adv_w = 224, .box_w = 14, .box_h = 13, .ofs_x = 0, .ofs_y = -1},
    {.bitmap_index = 11544, .adv_w = 224, .box_w = 14, .box_h = 13, .ofs_x = 0, .ofs_y = -1},
    {.bitmap_index = 11635, .adv_w = 224, .box_w = 14, .box_h = 14, .ofs_x = 0, .ofs_y = -2},
    {.bitmap_index = 11733, .adv_w = 224, .box_w = 14, .box_h = 13, .ofs_x = 0, .ofs_y = -1},
    {.bitmap_index = 11824, .adv_w = 224, .box_w = 14, .box_h = 14, .ofs_x = 0, .ofs_y = -1},
    {.bitmap_index = 11922, .adv_w = 224, .box_w = 14, .box_h = 13, .ofs_x = 0, .ofs_y = -2},
    {.bitmap_index = 12013, .adv_w = 224, .box_w = 14, .box_h = 13, .ofs_x = 0, .ofs_y = -1},
    {.bitmap_index = 12104, .adv_w = 224, .box_w = 14, .box_h = 13, .ofs_x = 0, .ofs_y = -2},
    {.bitmap_index = 12195, .adv_w = 224, .box_w = 12, .box_h = 13, .ofs_x = 1, .ofs_y = -1},
    {.bitmap_index = 12273, .adv_w = 224, .box_w = 14, .box_h = 14, .ofs_x = 0, .ofs_y = -2},
    {.bitmap_index = 12371, .adv_w = 224, .box_w = 14, .box_h = 14, .ofs_x = 0, .ofs_y = -2},
    {.bitmap_index = 12469, .adv_w = 224, .box_w = 14, .box_h = 13, .ofs_x = 0, .ofs_y = -1},
    {.bitmap_index = 12560, .adv_w = 224, .box_w = 14, .box_h = 14, .ofs_x = 0, .ofs_y = -1},
    {.bitmap_index = 12658, .adv_w = 224, .box_w = 14, .box_h = 12, .ofs_x = 0, .ofs_y = -1},
    {.bitmap_index = 12742, .adv_w = 224, .box_w = 14, .box_h = 13, .ofs_x = 0, .ofs_y = -1},
    {.bitmap_index = 12833, .adv_w = 224, .box_w = 14, .box_h = 14, .ofs_x = 0, .ofs_y = -1},
    {.bitmap_index = 12931, .adv_w = 224, .box_w = 14, .box_h = 14, .ofs_x = 0, .ofs_y = -2},
    {.bitmap_index = 13029, .adv_w = 224, .box_w = 14, .box_h = 14, .ofs_x = 0, .ofs_y = -2},
    {.bitmap_index = 13127, .adv_w = 224, .box_w = 14, .box_h = 14, .ofs_x = 0, .ofs_y = -2},
    {.bitmap_index = 13225, .adv_w = 224, .box_w = 14, .box_h = 14, .ofs_x = 0, .ofs_y = -2},
    {.bitmap_index = 13323, .adv_w = 224, .box_w = 14, .box_h = 14, .ofs_x = 0, .ofs_y = -2},
    {.bitmap_index = 13421, .adv_w = 224, .box_w = 14, .box_h = 14, .ofs_x = 0, .ofs_y = -2},
    {.bitmap_index = 13519, .adv_w = 224, .box_w = 14, .box_h = 15, .ofs_x = 0, .ofs_y = -2},
    {.bitmap_index = 13624, .adv_w = 224, .box_w = 14, .box_h = 14, .ofs_x = 0, .ofs_y = -2},
    {.bitmap_index = 13722, .adv_w = 224, .box_w = 14, .box_h = 14, .ofs_x = 0, .ofs_y = -2},
    {.bitmap_index = 13820, .adv_w = 224, .box_w = 14, .box_h = 13, .ofs_x = 0, .ofs_y = -1},
    {.bitmap_index = 13911, .adv_w = 224, .box_w = 13, .box_h = 15, .ofs_x = 1, .ofs_y = -2},
    {.bitmap_index = 14009, .adv_w = 224, .box_w = 14, .box_h = 14, .ofs_x = 0, .ofs_y = -2},
    {.bitmap_index = 14107, .adv_w = 224, .box_w = 14, .box_h = 13, .ofs_x = 0, .ofs_y = -2},
    {.bitmap_index = 14198, .adv_w = 224, .box_w = 10, .box_h = 12, .ofs_x = 2, .ofs_y = -1},
    {.bitmap_index = 14258, .adv_w = 224, .box_w = 14, .box_h = 14, .ofs_x = 0, .ofs_y = -2},
    {.bitmap_index = 14356, .adv_w = 224, .box_w = 13, .box_h = 13, .ofs_x = 1, .ofs_y = -1},
    {.bitmap_index = 14441, .adv_w = 224, .box_w = 13, .box_h = 13, .ofs_x = 0, .ofs_y = -2},
    {.bitmap_index = 14526, .adv_w = 224, .box_w = 14, .box_h = 13, .ofs_x = 0, .ofs_y = -1},
    {.bitmap_index = 14617, .adv_w = 224, .box_w = 12, .box_h = 13, .ofs_x = 0, .ofs_y = -2},
    {.bitmap_index = 14695, .adv_w = 224, .box_w = 14, .box_h = 13, .ofs_x = 0, .ofs_y = -1},
    {.bitmap_index = 14786, .adv_w = 224, .box_w = 14, .box_h = 14, .ofs_x = 0, .ofs_y = -2},
    {.bitmap_index = 14884, .adv_w = 224, .box_w = 14, .box_h = 13, .ofs_x = 0, .ofs_y = -1},
    {.bitmap_index = 14975, .adv_w = 224, .box_w = 14, .box_h = 13, .ofs_x = 0, .ofs_y = -1},
    {.bitmap_index = 15066, .adv_w = 224, .box_w = 14, .box_h = 13, .ofs_x = 0, .ofs_y = -1},
    {.bitmap_index = 15157, .adv_w = 224, .box_w = 14, .box_h = 13, .ofs_x = 0, .ofs_y = -1},
    {.bitmap_index = 15248, .adv_w = 224, .box_w = 14, .box_h = 13, .ofs_x = 0, .ofs_y = -1},
    {.bitmap_index = 15339, .adv_w = 224, .box_w = 14, .box_h = 13, .ofs_x = 0, .ofs_y = -1},
    {.bitmap_index = 15430, .adv_w = 224, .box_w = 14, .box_h = 14, .ofs_x = 0, .ofs_y = -2},
    {.bitmap_index = 15528, .adv_w = 224, .box_w = 14, .box_h = 12, .ofs_x = 0, .ofs_y = -1},
    {.bitmap_index = 15612, .adv_w = 224, .box_w = 14, .box_h = 14, .ofs_x = 0, .ofs_y = -2},
    {.bitmap_index = 15710, .adv_w = 224, .box_w = 14, .box_h = 13, .ofs_x = 0, .ofs_y = -1},
    {.bitmap_index = 15801, .adv_w = 224, .box_w = 14, .box_h = 13, .ofs_x = 0, .ofs_y = -2},
    {.bitmap_index = 15892, .adv_w = 224, .box_w = 14, .box_h = 13, .ofs_x = 0, .ofs_y = -2},
    {.bitmap_index = 15983, .adv_w = 224, .box_w = 13, .box_h = 15, .ofs_x = 1, .ofs_y = -2},
    {.bitmap_index = 16081, .adv_w = 224, .box_w = 14, .box_h = 13, .ofs_x = 0, .ofs_y = -1},
    {.bitmap_index = 16172, .adv_w = 224, .box_w = 14, .box_h = 13, .ofs_x = 0, .ofs_y = -1},
    {.bitmap_index = 16263, .adv_w = 224, .box_w = 14, .box_h = 14, .ofs_x = 0, .ofs_y = -2},
    {.bitmap_index = 16361, .adv_w = 224, .box_w = 14, .box_h = 13, .ofs_x = 0, .ofs_y = -1},
    {.bitmap_index = 16452, .adv_w = 224, .box_w = 14, .box_h = 13, .ofs_x = 0, .ofs_y = -1},
    {.bitmap_index = 16543, .adv_w = 224, .box_w = 14, .box_h = 13, .ofs_x = 0, .ofs_y = -1},
    {.bitmap_index = 16634, .adv_w = 224, .box_w = 14, .box_h = 14, .ofs_x = 0, .ofs_y = -2},
    {.bitmap_index = 16732, .adv_w = 224, .box_w = 14, .box_h = 14, .ofs_x = 0, .ofs_y = -2},
    {.bitmap_index = 16830, .adv_w = 224, .box_w = 14, .box_h = 13, .ofs_x = 0, .ofs_y = -1},
    {.bitmap_index = 16921, .adv_w = 224, .box_w = 14, .box_h = 13, .ofs_x = 0, .ofs_y = -1},
    {.bitmap_index = 17012, .adv_w = 224, .box_w = 13, .box_h = 13, .ofs_x = 0, .ofs_y = -2},
    {.bitmap_index = 17097, .adv_w = 224, .box_w = 12, .box_h = 12, .ofs_x = 1, .ofs_y = -1},
    {.bitmap_index = 17169, .adv_w = 224, .box_w = 12, .box_h = 13, .ofs_x = 1, .ofs_y = -1},
    {.bitmap_index = 17247, .adv_w = 224, .box_w = 14, .box_h = 13, .ofs_x = 0, .ofs_y = -2},
    {.bitmap_index = 17338, .adv_w = 224, .box_w = 14, .box_h = 14, .ofs_x = 0, .ofs_y = -2},
    {.bitmap_index = 17436, .adv_w = 224, .box_w = 12, .box_h = 13, .ofs_x = 1, .ofs_y = -1},
    {.bitmap_index = 17514, .adv_w = 224, .box_w = 14, .box_h = 14, .ofs_x = 0, .ofs_y = -1},
    {.bitmap_index = 17612, .adv_w = 224, .box_w = 13, .box_h = 13, .ofs_x = 0, .ofs_y = -1},
    {.bitmap_index = 17697, .adv_w = 224, .box_w = 14, .box_h = 13, .ofs_x = 0, .ofs_y = -1},
    {.bitmap_index = 17788, .adv_w = 224, .box_w = 14, .box_h = 14, .ofs_x = 0, .ofs_y = -2},
    {.bitmap_index = 17886, .adv_w = 224, .box_w = 14, .box_h = 13, .ofs_x = 0, .ofs_y = -1},
    {.bitmap_index = 17977, .adv_w = 224, .box_w = 14, .box_h = 13, .ofs_x = 0, .ofs_y = -1},
    {.bitmap_index = 18068, .adv_w = 224, .box_w = 14, .box_h = 14, .ofs_x = 0, .ofs_y = -2},
    {.bitmap_index = 18166, .adv_w = 224, .box_w = 14, .box_h = 13, .ofs_x = 0, .ofs_y = -1},
    {.bitmap_index = 18257, .adv_w = 224, .box_w = 12, .box_h = 13, .ofs_x = 1, .ofs_y = -1},
    {.bitmap_index = 18335, .adv_w = 224, .box_w = 14, .box_h = 14, .ofs_x = 0, .ofs_y = -2},
    {.bitmap_index = 18433, .adv_w = 224, .box_w = 14, .box_h = 13, .ofs_x = 0, .ofs_y = -1},
    {.bitmap_index = 18524, .adv_w = 224, .box_w = 14, .box_h = 14, .ofs_x = 0, .ofs_y = -2},
    {.bitmap_index = 18622, .adv_w = 224, .box_w = 14, .box_h = 13, .ofs_x = 0, .ofs_y = -1},
    {.bitmap_index = 18713, .adv_w = 224, .box_w = 14, .box_h = 14, .ofs_x = 0, .ofs_y = -2},
    {.bitmap_index = 18811, .adv_w = 224, .box_w = 14, .box_h = 13, .ofs_x = 0, .ofs_y = -1},
    {.bitmap_index = 18902, .adv_w = 224, .box_w = 14, .box_h = 12, .ofs_x = 0, .ofs_y = -1},
    {.bitmap_index = 18986, .adv_w = 224, .box_w = 14, .box_h = 14, .ofs_x = 0, .ofs_y = -2},
    {.bitmap_index = 19084, .adv_w = 224, .box_w = 13, .box_h = 13, .ofs_x = 2, .ofs_y = -2},
    {.bitmap_index = 19169, .adv_w = 224, .box_w = 14, .box_h = 13, .ofs_x = 0, .ofs_y = -1},
    {.bitmap_index = 19260, .adv_w = 224, .box_w = 14, .box_h = 14, .ofs_x = 0, .ofs_y = -2},
    {.bitmap_index = 19358, .adv_w = 224, .box_w = 14, .box_h = 14, .ofs_x = 0, .ofs_y = -2},
    {.bitmap_index = 19456, .adv_w = 224, .box_w = 14, .box_h = 13, .ofs_x = 0, .ofs_y = -1},
    {.bitmap_index = 19547, .adv_w = 224, .box_w = 14, .box_h = 13, .ofs_x = 0, .ofs_y = -1},
    {.bitmap_index = 19638, .adv_w = 224, .box_w = 14, .box_h = 14, .ofs_x = 0, .ofs_y = -2},
    {.bitmap_index = 19736, .adv_w = 224, .box_w = 14, .box_h = 14, .ofs_x = 0, .ofs_y = -1},
    {.bitmap_index = 19834, .adv_w = 224, .box_w = 14, .box_h = 14, .ofs_x = 0, .ofs_y = -2},
    {.bitmap_index = 19932, .adv_w = 224, .box_w = 14, .box_h = 13, .ofs_x = 0, .ofs_y = -1},
    {.bitmap_index = 20023, .adv_w = 224, .box_w = 14, .box_h = 14, .ofs_x = 0, .ofs_y = -2},
    {.bitmap_index = 20121, .adv_w = 224, .box_w = 14, .box_h = 14, .ofs_x = 0, .ofs_y = -2},
    {.bitmap_index = 20219, .adv_w = 224, .box_w = 14, .box_h = 14, .ofs_x = 0, .ofs_y = -2},
    {.bitmap_index = 20317, .adv_w = 224, .box_w = 14, .box_h = 13, .ofs_x = 0, .ofs_y = -1},
    {.bitmap_index = 20408, .adv_w = 224, .box_w = 14, .box_h = 14, .ofs_x = 0, .ofs_y = -2},
    {.bitmap_index = 20506, .adv_w = 224, .box_w = 14, .box_h = 13, .ofs_x = 0, .ofs_y = -1},
    {.bitmap_index = 20597, .adv_w = 224, .box_w = 14, .box_h = 14, .ofs_x = 0, .ofs_y = -2},
    {.bitmap_index = 20695, .adv_w = 224, .box_w = 14, .box_h = 14, .ofs_x = 0, .ofs_y = -2},
    {.bitmap_index = 20793, .adv_w = 224, .box_w = 14, .box_h = 14, .ofs_x = 0, .ofs_y = -2},
    {.bitmap_index = 20891, .adv_w = 224, .box_w = 14, .box_h = 13, .ofs_x = 0, .ofs_y = -1},
    {.bitmap_index = 20982, .adv_w = 224, .box_w = 14, .box_h = 14, .ofs_x = 0, .ofs_y = -2},
    {.bitmap_index = 21080, .adv_w = 224, .box_w = 14, .box_h = 14, .ofs_x = 0, .ofs_y = -2},
    {.bitmap_index = 21178, .adv_w = 224, .box_w = 14, .box_h = 13, .ofs_x = 0, .ofs_y = -2},
    {.bitmap_index = 21269, .adv_w = 224, .box_w = 14, .box_h = 13, .ofs_x = 0, .ofs_y = -1},
    {.bitmap_index = 21360, .adv_w = 224, .box_w = 14, .box_h = 15, .ofs_x = 0, .ofs_y = -2},
    {.bitmap_index = 21465, .adv_w = 224, .box_w = 14, .box_h = 13, .ofs_x = 0, .ofs_y = -2},
    {.bitmap_index = 21556, .adv_w = 224, .box_w = 14, .box_h = 14, .ofs_x = 0, .ofs_y = -2},
    {.bitmap_index = 21654, .adv_w = 224, .box_w = 14, .box_h = 14, .ofs_x = 0, .ofs_y = -2},
    {.bitmap_index = 21752, .adv_w = 224, .box_w = 14, .box_h = 14, .ofs_x = 0, .ofs_y = -2},
    {.bitmap_index = 21850, .adv_w = 224, .box_w = 14, .box_h = 14, .ofs_x = 0, .ofs_y = -2},
    {.bitmap_index = 21948, .adv_w = 224, .box_w = 14, .box_h = 14, .ofs_x = 0, .ofs_y = -2},
    {.bitmap_index = 22046, .adv_w = 224, .box_w = 14, .box_h = 12, .ofs_x = 0, .ofs_y = -1},
    {.bitmap_index = 22130, .adv_w = 224, .box_w = 14, .box_h = 14, .ofs_x = 0, .ofs_y = -1},
    {.bitmap_index = 22228, .adv_w = 224, .box_w = 14, .box_h = 13, .ofs_x = 0, .ofs_y = -1},
    {.bitmap_index = 22319, .adv_w = 224, .box_w = 14, .box_h = 14, .ofs_x = 0, .ofs_y = -2},
    {.bitmap_index = 22417, .adv_w = 224, .box_w = 13, .box_h = 13, .ofs_x = 1, .ofs_y = -1},
    {.bitmap_index = 22502, .adv_w = 224, .box_w = 13, .box_h = 13, .ofs_x = 1, .ofs_y = -1},
    {.bitmap_index = 22587, .adv_w = 224, .box_w = 14, .box_h = 13, .ofs_x = 0, .ofs_y = -1},
    {.bitmap_index = 22678, .adv_w = 224, .box_w = 14, .box_h = 13, .ofs_x = 0, .ofs_y = -1},
    {.bitmap_index = 22769, .adv_w = 224, .box_w = 14, .box_h = 13, .ofs_x = 0, .ofs_y = -2},
    {.bitmap_index = 22860, .adv_w = 224, .box_w = 14, .box_h = 13, .ofs_x = 0, .ofs_y = -1},
    {.bitmap_index = 22951, .adv_w = 224, .box_w = 14, .box_h = 14, .ofs_x = 0, .ofs_y = -1},
    {.bitmap_index = 23049, .adv_w = 224, .box_w = 14, .box_h = 13, .ofs_x = 0, .ofs_y = -1},
    {.bitmap_index = 23140, .adv_w = 224, .box_w = 14, .box_h = 13, .ofs_x = 0, .ofs_y = -2},
    {.bitmap_index = 23231, .adv_w = 224, .box_w = 14, .box_h = 14, .ofs_x = 0, .ofs_y = -2},
    {.bitmap_index = 23329, .adv_w = 224, .box_w = 14, .box_h = 13, .ofs_x = 0, .ofs_y = -1},
    {.bitmap_index = 23420, .adv_w = 224, .box_w = 14, .box_h = 14, .ofs_x = 0, .ofs_y = -2},
    {.bitmap_index = 23518, .adv_w = 224, .box_w = 14, .box_h = 14, .ofs_x = 0, .ofs_y = -2},
    {.bitmap_index = 23616, .adv_w = 224, .box_w = 14, .box_h = 15, .ofs_x = 0, .ofs_y = -2},
    {.bitmap_index = 23721, .adv_w = 224, .box_w = 3, .box_h = 6, .ofs_x = 2, .ofs_y = -2}
};

/*---------------------
 *  CHARACTER MAPPING
 *--------------------*/

static const uint16_t unicode_list_5[] = {
    0x0, 0x1f6f, 0x4d49, 0x4d4a, 0x4d52, 0x4d53, 0x4d54, 0x4d56,
    0x4d57, 0x4d5a, 0x4d5f, 0x4d62, 0x4d63, 0x4d76, 0x4d83, 0x4d94,
    0x4d97, 0x4da2, 0x4da6, 0x4dc7, 0x4dd4, 0x4dd5, 0x4ddd, 0x4dee,
    0x4df7, 0x4e13, 0x4e1f, 0x4e46, 0x4e5a, 0x4e96, 0x4ec8, 0x4f98,
    0x4fae, 0x508d, 0x5094, 0x509a, 0x50ae, 0x50b6, 0x50bf, 0x50ce,
    0x5129, 0x5143, 0x5166, 0x517f, 0x5196, 0x51e4, 0x51f1, 0x51f2,
    0x51fb, 0x5208, 0x5247, 0x5291, 0x52a5, 0x52a9, 0x52af, 0x52b8,
    0x52bc, 0x531f, 0x5320, 0x5321, 0x5338, 0x53b1, 0x53d5, 0x5623,
    0x5624, 0x5627, 0x563d, 0x5668, 0x5671, 0x5697, 0x56ad, 0x5835,
    0x585f, 0x587d, 0x5904, 0x5944, 0x5a99, 0x5aa2, 0x5aaf, 0x5ace,
    0x5ad2, 0x5ae1, 0x5ae7, 0x5af4, 0x5afc, 0x5aff, 0x5b0e, 0x5b53,
    0x5b89, 0x5b8e, 0x5b9e, 0x5d3a, 0x5d3b, 0x5d3c, 0x5d46, 0x5dbc,
    0x5dbd, 0x5ddd, 0x5dde, 0x5de3, 0x5e00, 0x5e49, 0x5e68, 0x5e7a,
    0x5e9c, 0x5ed1, 0x5ee0, 0x5f0c, 0x5f3e, 0x5ff5, 0x600e, 0x6068,
    0x6153, 0x6155, 0x6189, 0x6194, 0x61bf, 0x6232, 0x6252, 0x6390,
    0x6491, 0x64b9, 0x64f6, 0x6506, 0x6529, 0x652e, 0x6535, 0x6543,
    0x655c, 0x65cb, 0x6651, 0x6652, 0x6668, 0x6671, 0x6673, 0x6674,
    0x6675, 0x667a, 0x66c7, 0x66ca, 0x66e5, 0x6aad, 0x6aaf, 0x6ac4,
    0x6b16, 0x6b1d, 0x6b5d, 0x6b7d, 0x6b8b, 0x6bea, 0x6c0d, 0x6fb4,
    0x717f, 0x7184, 0x72cd, 0x7468, 0x7471, 0x747b, 0x747c, 0x7495,
    0x75c1, 0x75c6, 0x7621, 0x7641, 0x7689, 0x77b7, 0x78a7, 0x7904,
    0x7944, 0x7954, 0x79c3, 0x7ae0, 0x7e1c, 0x7e61, 0x7f44, 0x7f4c,
    0x7f60, 0x813c, 0x813d, 0x81b7, 0x81cb, 0x824c, 0x8355, 0x8386,
    0x840d, 0x8597, 0x8610, 0x86ec, 0x8795, 0x87b1, 0x892c, 0x8aed,
    0x8b07, 0x8b1e, 0x8b26, 0x8b4c, 0x8baa, 0x8c6b, 0x8c82, 0x8cc0,
    0x8cce, 0x8cfc, 0x8ee4, 0x8ee7, 0x8ef9, 0x8f0a, 0x8f19, 0x8f1a,
    0x8f49, 0x8f52, 0x9092, 0x911a, 0x9462, 0x94c8, 0x9584, 0x9591,
    0x9607, 0x9609, 0x9650, 0x969b, 0x96a2, 0x973c, 0x97be, 0x97c3,
    0x98df, 0x9a85, 0x9e21, 0x9ee2, 0xfe55
};

/*Collect the unicode lists and glyph_id offsets*/
static const lv_font_fmt_txt_cmap_t cmaps[] =
{
    {
        .range_start = 32, .range_length = 4, .glyph_id_start = 1,
        .unicode_list = NULL, .glyph_id_ofs_list = NULL, .list_length = 0, .type = LV_FONT_FMT_TXT_CMAP_FORMAT0_TINY
    },
    {
        .range_start = 37, .range_length = 27, .glyph_id_start = 5,
        .unicode_list = NULL, .glyph_id_ofs_list = NULL, .list_length = 0, .type = LV_FONT_FMT_TXT_CMAP_FORMAT0_TINY
    },
    {
        .range_start = 65, .range_length = 29, .glyph_id_start = 32,
        .unicode_list = NULL, .glyph_id_ofs_list = NULL, .list_length = 0, .type = LV_FONT_FMT_TXT_CMAP_FORMAT0_TINY
    },
    {
        .range_start = 95, .range_length = 1, .glyph_id_start = 61,
        .unicode_list = NULL, .glyph_id_ofs_list = NULL, .list_length = 0, .type = LV_FONT_FMT_TXT_CMAP_FORMAT0_TINY
    },
    {
        .range_start = 97, .range_length = 29, .glyph_id_start = 62,
        .unicode_list = NULL, .glyph_id_ofs_list = NULL, .list_length = 0, .type = LV_FONT_FMT_TXT_CMAP_FORMAT0_TINY
    },
    {
        .range_start = 183, .range_length = 65110, .glyph_id_start = 91,
        .unicode_list = unicode_list_5, .glyph_id_ofs_list = NULL, .list_length = 229, .type = LV_FONT_FMT_TXT_CMAP_SPARSE_TINY
    }
};

/*-----------------
 *    KERNING
 *----------------*/


/*Map glyph_ids to kern left classes*/
static const uint8_t kern_left_class_mapping[] =
{
    0, 0, 0, 1, 0, 0, 0, 1,
    2, 0, 0, 0, 3, 4, 3, 5,
    0, 0, 0, 0, 0, 0, 0, 0,
    0, 0, 6, 6, 0, 0, 0, 0,
    7, 8, 9, 10, 11, 12, 13, 0,
    0, 14, 15, 16, 0, 0, 10, 17,
    10, 18, 19, 20, 21, 22, 23, 24,
    25, 26, 2, 27, 0, 0, 28, 29,
    30, 0, 31, 32, 33, 34, 0, 0,
    35, 36, 34, 34, 29, 29, 37, 38,
    39, 40, 37, 41, 42, 43, 44, 45,
    2, 0, 0, 46, 0, 0, 0, 0,
    0, 0, 0, 0, 0, 0, 0, 0,
    0, 0, 0, 0, 0, 0, 0, 0,
    0, 0, 0, 0, 0, 0, 0, 0,
    0, 0, 0, 0, 0, 0, 0, 0,
    0, 0, 0, 0, 0, 0, 0, 0,
    0, 0, 0, 0, 0, 0, 0, 0,
    0, 0, 0, 0, 0, 0, 0, 0,
    0, 0, 0, 0, 0, 0, 0, 0,
    0, 0, 0, 0, 0, 0, 0, 0,
    0, 0, 0, 0, 0, 0, 0, 0,
    0, 0, 0, 0, 0, 0, 0, 0,
    0, 0, 0, 0, 0, 0, 0, 0,
    0, 0, 0, 0, 0, 0, 0, 0,
    0, 0, 0, 0, 0, 0, 0, 0,
    0, 0, 0, 0, 0, 0, 0, 0,
    0, 0, 0, 0, 0, 0, 0, 0,
    0, 0, 0, 0, 0, 0, 0, 0,
    0, 0, 0, 0, 0, 0, 0, 0,
    0, 0, 0, 0, 0, 0, 0, 0,
    0, 0, 0, 0, 0, 0, 0, 0,
    0, 0, 0, 0, 0, 0, 0, 0,
    0, 0, 0, 0, 0, 0, 0, 0,
    0, 0, 0, 0, 0, 0, 0, 0,
    0, 0, 0, 0, 0, 0, 0, 0,
    0, 0, 0, 0, 0, 0, 0, 0,
    0, 0, 0, 0, 0, 0, 0, 0,
    0, 0, 0, 0, 0, 0, 0, 0,
    0, 0, 0, 0, 0, 0, 0, 0
};

/*Map glyph_ids to kern right classes*/
static const uint8_t kern_right_class_mapping[] =
{
    0, 0, 1, 2, 0, 0, 0, 2,
    0, 3, 4, 0, 5, 6, 7, 8,
    0, 0, 0, 0, 0, 0, 0, 0,
    0, 0, 9, 10, 0, 0, 0, 11,
    12, 0, 13, 0, 0, 0, 13, 0,
    0, 14, 0, 0, 0, 0, 13, 0,
    13, 0, 15, 16, 17, 18, 19, 20,
    21, 22, 0, 23, 3, 0, 24, 0,
    25, 25, 25, 26, 27, 0, 28, 29,
    0, 0, 30, 30, 25, 30, 25, 30,
    31, 32, 33, 34, 35, 36, 37, 38,
    0, 0, 3, 39, 0, 0, 0, 0,
    0, 0, 0, 0, 0, 0, 0, 0,
    0, 0, 0, 0, 0, 0, 0, 0,
    0, 0, 0, 0, 0, 0, 0, 0,
    0, 0, 0, 0, 0, 0, 0, 0,
    0, 0, 0, 0, 0, 0, 0, 0,
    0, 0, 0, 0, 0, 0, 0, 0,
    0, 0, 0, 0, 0, 0, 0, 0,
    0, 0, 0, 0, 0, 0, 0, 0,
    0, 0, 0, 0, 0, 0, 0, 0,
    0, 0, 0, 0, 0, 0, 0, 0,
    0, 0, 0, 0, 0, 0, 0, 0,
    0, 0, 0, 0, 0, 0, 0, 0,
    0, 0, 0, 0, 0, 0, 0, 0,
    0, 0, 0, 0, 0, 0, 0, 0,
    0, 0, 0, 0, 0, 0, 0, 0,
    0, 0, 0, 0, 0, 0, 0, 0,
    0, 0, 0, 0, 0, 0, 0, 0,
    0, 0, 0, 0, 0, 0, 0, 0,
    0, 0, 0, 0, 0, 0, 0, 0,
    0, 0, 0, 0, 0, 0, 0, 0,
    0, 0, 0, 0, 0, 0, 0, 0,
    0, 0, 0, 0, 0, 0, 0, 0,
    0, 0, 0, 0, 0, 0, 0, 0,
    0, 0, 0, 0, 0, 0, 0, 0,
    0, 0, 0, 0, 0, 0, 0, 0,
    0, 0, 0, 0, 0, 0, 0, 0,
    0, 0, 0, 0, 0, 0, 0, 0,
    0, 0, 0, 0, 0, 0, 0, 0
};

/*Kern values between classes*/
static const int8_t kern_class_values[] =
{
    0, 0, 0, 0, -30, 0, -30, 0,
    0, 0, 0, -15, 0, -25, -2, 0,
    0, 0, 0, -2, 0, 0, 0, 0,
    -6, 0, 0, 0, 0, 0, -5, 0,
    0, 0, 0, 0, 0, 0, 0, 0,
    0, 0, 0, 0, 0, 0, 0, 0,
    0, 0, 0, 0, -5, 0, 0, 0,
    0, 0, 0, 0, 0, 0, 0, 0,
    0, 0, 0, 20, 0, 0, 0, 0,
    0, 0, 0, 0, 0, 0, 0, -27,
    0, -37, 0, 0, 0, 0, 0, 0,
    0, 0, 0, 0, 0, -25, -6, -17,
    -9, 0, -25, 0, 0, 0, -3, 0,
    0, 0, 7, 0, 0, -13, 0, -11,
    -6, 0, -5, 0, 0, 0, 0, 0,
    0, 0, 0, 0, 0, 0, 0, 0,
    0, 0, -5, -5, -13, 0, -5, -2,
    -8, -17, -5, 0, 0, 0, 0, 0,
    0, 0, 0, 0, -6, 0, -2, 0,
    -4, 0, 0, 0, 0, 0, 0, 0,
    0, 0, 0, 0, 0, 0, 0, -10,
    -2, -20, 0, 0, 0, 0, 0, 0,
    0, 0, 0, -6, -7, 0, -2, 5,
    5, 0, 0, 1, -5, 0, 0, 0,
    0, 0, 0, 0, 0, 0, -11, 0,
    0, 0, 0, 0, 0, 0, 0, 0,
    0, 0, 0, 0, 0, 0, 0, -7,
    0, 0, 0, 0, 0, 0, 0, 1,
    0, 0, 0, 0, 0, 0, 0, 0,
    0, 0, 0, -15, 0, -23, 0, 0,
    0, 0, 0, 0, -7, -1, -2, 0,
    0, -15, -4, -4, 0, 0, -4, -2,
    -10, 5, 0, -2, 0, 0, 0, 0,
    5, -4, -1, -2, -1, -1, -2, 0,
    -6, 0, 0, 0, -8, 0, 0, 0,
    0, 0, 0, 0, 0, 0, -4, -4,
    -6, 0, -2, -1, -1, -4, -1, 0,
    0, 0, 0, 0, 0, 0, 0, 0,
    -2, 0, -4, -2, -2, -4, 0, -5,
    0, 0, 0, 0, 0, -7, 0, 0,
    0, 0, 0, 0, -8, -2, -6, -4,
    -4, -1, -1, -1, -2, -2, 0, 0,
    0, 0, -5, 0, 0, 0, 0, -8,
    -2, -4, -2, 0, -4, 0, -15, 0,
    0, 0, -8, 0, 0, 0, -4, 0,
    0, 0, -2, 0, -11, 0, -6, 0,
    -2, -1, -5, -5, -5, 0, 0, 0,
    0, 0, 0, 0, 0, 0, 0, 0,
    0, 0, -4, 0, -2, 0, 0, 0,
    0, 0, 0, 0, 0, 0, 0, 0,
    0, 0, 0, 0, 0, 0, 0, 0,
    0, 0, 0, 0, 0, 0, -2, 0,
    0, 0, 0, 0, 0, -6, 0, -2,
    0, -9, -2, 0, 0, 0, 0, 0,
    0, -20, 0, -20, -16, 0, 0, 0,
    -10, -2, -34, -6, 0, 0, 0, 0,
    -6, -1, -8, 0, -9, -4, 0, -6,
    0, 0, -5, -6, -2, -4, -6, -5,
    -7, -5, -9, -4, 0, 0, 0, -6,
    0, 0, 0, 0, 0, 0, 0, -1,
    0, 0, 0, -5, 0, -4, -1, 0,
    0, 0, 0, 0, 0, 0, 0, 0,
    0, 0, 0, 0, 0, 0, 0, 0,
    0, 0, 0, 0, 0, 0, 0, -6,
    0, -6, 0, 0, 0, 0, 0, 0,
    -10, 0, 0, 0, 0, 0, 0, 0,
    0, 0, 0, 0, 0, 0, 0, 0,
    0, 0, 0, 0, 0, 0, 0, 0,
    0, 0, 0, -6, 0, -10, 0, -9,
    0, 0, 0, 0, -2, -2, -6, 0,
    -3, -5, -4, -4, -2, 0, -5, 0,
    0, 0, -2, 0, 0, 0, -2, 0,
    0, -10, -3, -6, -5, -5, -6, -4,
    -12, 0, -26, 0, -40, 0, -13, 0,
    0, 0, 0, -10, 0, -7, 0, -6,
    -30, -8, -19, -14, 0, -20, 0, -20,
    0, -3, -4, -1, 0, 0, 0, 0,
    -6, -2, -10, -9, 0, -10, 0, -25,
    0, 0, 0, 0, -30, -8, -30, -17,
    0, 0, 0, -13, 0, -37, -2, -5,
    0, 0, 0, -6, -2, -17, 0, -10,
    -6, 0, -6, 0, 0, 0, -2, 0,
    0, 0, 0, -4, 0, -5, -2, 0,
    0, 0, -2, 0, -8, 0, 0, 0,
    0, 0, -1, 0, -4, -3, -4, 0,
    0, 1, -1, -1, -2, 0, -1, -2,
    0, -1, 0, 0, 0, 0, 0, 0,
    0, 0, -2, 0, -2, -2, 0, 0,
    0, -4, 0, 4, 0, 0, 0, 0,
    0, 0, 0, -4, -4, -5, 0, 0,
    0, 0, -4, 0, 0, 0, 0, 0,
    0, 0, 0, 0, 0, -6, 0, 0,
    0, 0, 0, -1, -3, 0, 0, 0,
    0, -28, -18, -28, -21, -5, -5, 0,
    -10, -6, -32, -9, 0, 0, 0, 0,
    -5, -4, -13, 0, -18, -17, -4, -18,
    0, 0, -11, -15, -4, -11, -8, -8,
    -9, -8, -18, -16, 0, 0, 0, 0,
    -5, 0, -5, -7, 0, 0, 0, -4,
    0, -13, -2, 0, 0, -1, 0, -2,
    -4, 0, 0, -1, 0, 0, -2, 0,
    0, 0, -1, 0, 0, 0, 0, -2,
    0, 0, 0, 0, 0, 0, 0, -17,
    -5, -17, -10, 0, 0, 0, -4, -2,
    -18, -2, 0, -2, 2, 0, 0, 0,
    -5, 0, -6, -4, 0, -5, 0, 0,
    -5, -4, 0, -8, -2, -2, -4, -2,
    -6, -2, 0, 0, 0, 0, -9, -2,
    -9, -6, 0, 0, 0, 0, -1, -15,
    -1, 0, 0, 0, 0, 0, 0, -1,
    0, -4, 0, 0, -2, 0, 0, 0,
    0, 0, 0, 0, 0, 0, 0, -2,
    0, 0, -2, 0, -2, 0, -8, 0,
    0, 0, 0, 0, 0, -5, -1, -4,
    -5, -2, 0, 0, 0, 0, 0, 0,
    -2, -2, -5, 0, 0, 0, 0, 0,
    -5, -2, -5, -4, -2, -5, -4, -10,
    0, 0, 0, 0, -24, -17, -24, -15,
    -7, -7, -2, -4, -4, -25, -4, -4,
    -2, 0, 0, 0, 0, -6, 0, -18,
    -11, 0, -15, 0, 0, -10, -11, -9,
    -9, -4, -6, -9, -4, -13, -12, 0,
    0, 0, 0, 0, -8, 0, 0, 0,
    0, 0, -1, -5, -8, -8, 0, -2,
    -1, -1, 0, -4, -4, 0, -4, -5,
    -5, -3, 0, 0, 0, 0, -4, -5,
    -4, -4, -6, -4, 0, -15, 0, 0,
    0, 0, 0, 0, 0, 0, 0, 0,
    0, 0, 0, 0, 0, -20, -6, -13,
    -6, 0, -18, 0, 0, 0, 0, 0,
    8, 0, 18, 0, 0, 0, 0, -5,
    -2, 0, 2, 0, 0, 0, 0, 0,
    -13, 0, 0, 0, 0, 0, 0, -5,
    0, 0, 0, 0, -6, 0, -5, -1,
    0, -6, 0, 0, 0, 0, 0, 0,
    0, 0, 0, 0, -4, 0, 0, 0,
    0, 0, 0, 0, 0, -6, 0, -5,
    -2, 1, -2, 0, 0, 0, -5, 0,
    0, 0, 0, -15, 0, -5, 0, -1,
    -12, 0, -7, -3, 0, -1, 0, 0,
    0, 0, -1, -5, 0, -1, -1, -5,
    -1, -2, 0, 0, 0, 0, 0, 0,
    -6, 0, 0, 0, 0, 0, 0, 0,
    0, 0, -5, 0, -4, 0, 0, -6,
    0, 0, -2, -6, 0, -2, 0, 0,
    0, 0, -2, 0, 1, 1, 1, 1,
    0, -4, 0, 0, 0, -8, 0, 2,
    0, 0, 0, 0, -2, 0, 0, -5,
    -5, -6, 0, -5, -2, 0, -7, 0,
    -6, -3, 0, -1, -2, 0, 0, 0,
    0, -2, 0, 0, 0, -2, 0, 0,
    -1, 3, 10, 11, 0, -14, -4, -14,
    -3, 0, 0, 6, 0, 0, 0, 0,
    11, 0, 16, 11, 8, 14, 0, 13,
    -5, -2, 0, -3, 0, -2, 0, -1,
    0, 0, 2, 0, -1, 0, -4, -5,
    0, 0, 3, -8, 0, 0, 0, 11,
    0, 0, -10, 0, 0, 0, 0, -7,
    0, 0, 0, 0, -4, 0, 0, -4,
    -4, 0, 0, 0, 10, 0, 0, 0,
    0, -1, -1, 0, 3, -4, -2, 0,
    0, 0, -8, 0, 0, 0, 0, 0,
    0, -2, 0, 0, 0, 0, -6, 0,
    -2, 0, 0, -5, 0, 0, 0, 0,
    0, 0, 0, 0, 0, 0, 0, 0,
    0, 0, 0, 0, 0, 0, 0, 0,
    0, -5, 2, -14, 2, 0, 2, 2,
    -5, 0, 0, 0, 0, -10, 0, 0,
    0, 0, -3, 0, 0, -2, -5, 0,
    -2, 0, -2, 0, 0, -6, -4, 0,
    0, -2, 0, -2, -7, 0, 0, 0,
    0, 0, 0, 0, 0, 0, 0, 0,
    0, 0, 0, 0, 0, 0, 0, 0,
    0, 0, 0, 0, 0, 0, 0, 0,
    0, 2, 0, 0, 0, 0, 0, 0,
    0, 0, 0, 0, 0, 0, 0, -5,
    0, 0, 0, 0, 0, 0, 0, 0,
    0, 0, 0, -5, 0, -4, 0, 0,
    -8, 0, 0, 0, 0, 0, 0, 0,
    0, 0, 0, 0, 0, 0, 0, 0,
    0, 0, 0, 0, 0, 0, 0, -17,
    -6, -17, -8, 5, 5, 0, -4, 0,
    -15, 0, 0, 0, 0, 0, 0, 0,
    -2, 2, -6, -2, 0, -2, 0, 0,
    0, -1, 0, 0, 5, 4, 0, 5,
    -1, -4, 0, 0, 0, -11, 0, 2,
    0, 0, 0, 0, -4, 0, 0, 0,
    0, -6, 0, -2, 0, 0, -5, 0,
    0, 0, 0, 0, 0, 0, 0, 0,
    0, -5, 0, 0, 0, 0, 0, 0,
    0, 0, 0, 0, 0, 0, -7, 0,
    1, 3, 3, -7, 0, 0, 0, 0,
    -4, 0, 0, 0, 0, -1, 0, 0,
    -5, -4, 0, -2, 0, 0, 0, -2,
    -5, 0, 0, 0, -4, 0, 0, -5,
    0, 0, 0, -3, -11, -2, -11, -5,
    0, 0, 0, -3, 0, -10, 0, -5,
    0, -2, 0, 0, -4, -2, 0, -5,
    -1, 0, 0, 0, -2, 0, 0, 0,
    0, 0, 0, 0, 0, -6, 0, 0,
    0, 0, -3, -14, 0, -14, -2, 0,
    0, 0, -1, 0, -8, 0, -6, 0,
    -2, 0, -4, -6, 0, 0, -2, -1,
    0, 0, 0, -2, 0, 0, 0, 0,
    0, 0, 0, 0, -5, 0, -4, 0,
    0, -6, 2, -4, -2, 0, 0, 2,
    0, 0, -2, 0, -1, -8, 0, -4,
    0, -2, -9, 0, 0, -2, -5, 0,
    0, 0, 0, 0, 0, -6, 0, 0,
    0, 0, -1, 0, -5, 0, 0, 0,
    0, -11, 0, -11, -3, 0, 0, 0,
    0, 0, -10, 0, -5, 0, -1, 0,
    -1, -2, 0, 0, -5, -1, 0, 0,
    0, -2, 0, 0, 0, 0, 0, 0,
    -4, 0, -6, 0, 0, 0, 0, 0,
    0, -5, 0, 0, 0, 0, 0, 0,
    0, 0, 0, -6, 0, 0, 0, 0,
    -6, 0, 0, -5, -2, 0, -1, 0,
    0, 0, 0, 0, -2, -1, 0, 0,
    -1, 0, -3, 0, 0, 0, 0, 0,
    0, 0, 0, 0, 0, 0, -6, 0,
    0, -6, -16, 0, -7, 0, -7, -17,
    -9, 0, 0, 0, 0, 0, 0, 0,
    0, 0, 0, 0, 0, 0, -5, 0,
    0, 0
};


/*Collect the kern class' data in one place*/
static const lv_font_fmt_txt_kern_classes_t kern_classes =
{
    .class_pair_values   = kern_class_values,
    .left_class_mapping  = kern_left_class_mapping,
    .right_class_mapping = kern_right_class_mapping,
    .left_class_cnt      = 46,
    .right_class_cnt     = 39,
};

/*--------------------
 *  ALL CUSTOM DATA
 *--------------------*/

#if LVGL_VERSION_MAJOR == 8
/*Store all the custom data of the font*/
static  lv_font_fmt_txt_glyph_cache_t cache;
#endif

#if LVGL_VERSION_MAJOR >= 8
static const lv_font_fmt_txt_dsc_t font_dsc = {
#else
static lv_font_fmt_txt_dsc_t font_dsc = {
#endif
    .glyph_bitmap = glyph_bitmap,
    .glyph_dsc = glyph_dsc,
    .cmaps = cmaps,
    .kern_dsc = &kern_classes,
    .kern_scale = 16,
    .cmap_num = 6,
    .bpp = 4,
    .kern_classes = 1,
    .bitmap_format = 0,
#if LVGL_VERSION_MAJOR == 8
    .cache = &cache
#endif
};



/*-----------------
 *  PUBLIC FONT
 *----------------*/

/*Initialize a public general font descriptor*/
#if LVGL_VERSION_MAJOR >= 8
const lv_font_t lv_font_sans_14 = {
#else
lv_font_t lv_font_sans_14 = {
#endif
    .get_glyph_dsc = lv_font_get_glyph_dsc_fmt_txt,    /*Function pointer to get glyph's data*/
    .get_glyph_bitmap = lv_font_get_bitmap_fmt_txt,    /*Function pointer to get glyph's bitmap*/
    .line_height = 17,          /*The maximum line height required by the font*/
    .base_line = 4,             /*Baseline measured from the bottom of the line*/
#if !(LVGL_VERSION_MAJOR == 6 && LVGL_VERSION_MINOR == 0)
    .subpx = LV_FONT_SUBPX_NONE,
#endif
#if LV_VERSION_CHECK(7, 4, 0) || LVGL_VERSION_MAJOR >= 8
    .underline_position = -2,
    .underline_thickness = 1,
#endif
    .dsc = &font_dsc,          /*The custom font data. Will be accessed by `get_glyph_bitmap/dsc` */
#if LV_VERSION_CHECK(8, 2, 0) || LVGL_VERSION_MAJOR >= 9
    .fallback = NULL,
#endif
    .user_data = NULL,
};



#endif /*#if LV_FONT_SANS_14*/

